mtllib Eternal_Logo 3d.mtl
g TextMesh#0

# Vertex Positions:
v 4.49025 6.70874 -0.5
v 4.47156 6.98022 -0.5
v 4.48648 6.79987 -0.5
v 4.48648 6.79987 -0.5
v 4.49025 6.70874 -0.5
v 4.46047 7.06939 -0.5
v 4.48025 6.89037 -0.5
v 4.49151 6.61701 -0.5
v 4.49151 6.61701 -0.5
v 4.48025 6.89037 -0.5
v 4.49025 6.70874 -0.5
v 4.49151 6.61701 -0.5
v 4.47156 6.98022 -0.5
v 4.25691 7.83686 -0.5
v 4.47156 6.98022 -0.5
v 4.31772 7.67227 -0.5
v 4.31772 7.67227 -0.5
v 4.34488 7.58862 -0.5
v 4.22332 7.91775 -0.5
v 4.22332 7.91775 -0.5
v 4.34488 7.58862 -0.5
v 4.36983 7.50409 -0.5
v 4.25691 7.83686 -0.5
v 4.25691 7.83686 -0.5
v 4.18763 7.99766 -0.5
v 4.25691 7.83686 -0.5
v 4.25691 7.83686 -0.5
v 4.28839 7.75503 -0.5
v 4.28839 7.75503 -0.5
v 4.22332 7.91775 -0.5
v 4.34488 7.58862 -0.5
v 4.49025 6.70874 -0.5
v 4.49025 6.70874 -0.5
v 4.46047 7.06939 -0.5
v 4.48648 6.79987 -0.5
v 4.46047 7.06939 -0.5
v 4.48648 6.79987 -0.5
v 4.48025 6.89037 -0.5
v 4.44699 7.15785 -0.5
v 4.49151 6.61701 -0.5
v 4.413 7.33255 -0.5
v 4.413 7.33255 -0.5
v 4.413 7.33255 -0.5
v 4.31772 7.67227 -0.5
v 4.31772 7.67227 -0.5
v 4.18763 7.99766 -0.5
v 4.34488 7.58862 -0.5
v 4.34488 7.58862 -0.5
v 4.36983 7.50409 -0.5
v 4.36983 7.50409 -0.5
v 4.36983 7.50409 -0.5
v 4.44699 7.15785 -0.5
v 4.39255 7.41873 -0.5
v 4.28839 7.75503 -0.5
v 4.39255 7.41873 -0.5
v 4.28839 7.75503 -0.5
v 4.28839 7.75503 -0.5
v 4.43116 7.24558 -0.5
v 4.43116 7.24558 -0.5
v 4.11013 8.15443 -0.5
v 4.11013 8.15443 -0.5
v 3.60754 8.87045 -0.5
v 3.60754 8.87045 -0.5
v 3.66594 8.80438 -0.5
v 3.29066 9.18029 -0.5
v 3.48568 8.99856 -0.5
v 3.48568 8.99856 -0.5
v 3.66594 8.80438 -0.5
v 3.42227 9.06056 -0.5
v 3.35726 9.12114 -0.5
v 3.54745 8.93518 -0.5
v 3.48568 8.99856 -0.5
v 3.48568 8.99856 -0.5
v 3.29066 9.18029 -0.5
v 3.29066 9.18029 -0.5
v 3.15284 9.29416 -0.5
v 3.54745 8.93518 -0.5
v 3.35726 9.12114 -0.5
v 3.42227 9.06056 -0.5
v 3.54745 8.93518 -0.5
v 3.42227 9.06056 -0.5
v 4.02464 8.30697 -0.5
v 3.97897 8.38158 -0.5
v 3.97897 8.38158 -0.5
v 3.88194 8.52736 -0.5
v 4.18763 7.99766 -0.5
v 4.14989 8.07656 -0.5
v 4.02464 8.30697 -0.5
v 4.14989 8.07656 -0.5
v 4.18763 7.99766 -0.5
v 4.14989 8.07656 -0.5
v 4.22332 7.91775 -0.5
v 4.22332 7.91775 -0.5
v 4.14989 8.07656 -0.5
v 4.14989 8.07656 -0.5
v 3.9314 8.45506 -0.5
v 4.06837 8.23124 -0.5
v 4.11013 8.15443 -0.5
v 4.06837 8.23124 -0.5
v 4.06837 8.23124 -0.5
v 4.11013 8.15443 -0.5
v 3.54745 8.93518 -0.5
v 4.46047 7.06939 -0.5
v 4.46047 7.06939 -0.5
v 4.413 7.33255 -0.5
v 4.39255 7.41873 -0.5
v 4.44699 7.15785 -0.5
v 4.36983 7.50409 -0.5
v 4.413 7.33255 -0.5
v 4.48025 6.89037 -0.5
v 4.44699 7.15785 -0.5
v 4.39255 7.41873 -0.5
v 4.44699 7.15785 -0.5
v 4.48025 6.89037 -0.5
v 4.39255 7.41873 -0.5
v 4.43116 7.24558 -0.5
v 4.43116 7.24558 -0.5
v 4.47156 6.98022 -0.5
v 4.47156 6.98022 -0.5
v 3.35726 9.12114 -0.5
v 3.22251 9.23797 -0.5
v 3.77752 8.66837 -0.5
v 3.60754 8.87045 -0.5
v 3.77752 8.66837 -0.5
v 3.83064 8.59848 -0.5
v 3.60754 8.87045 -0.5
v 3.83064 8.59848 -0.5
v 3.72261 8.73701 -0.5
v 3.72261 8.73701 -0.5
v 3.66594 8.80438 -0.5
v 3.66594 8.80438 -0.5
v 3.77752 8.66837 -0.5
v 3.77752 8.66837 -0.5
v 3.54745 8.93518 -0.5
v 3.60754 8.87045 -0.5
v 3.72261 8.73701 -0.5
v 3.66594 8.80438 -0.5
v 3.72261 8.73701 -0.5
v 3.22251 9.23797 -0.5
v 3.22251 9.23797 -0.5
v 3.08168 9.34884 -0.5
v 3.15284 9.29416 -0.5
v 2.54429 9.68674 -0.5
v 3.15284 9.29416 -0.5
v 2.85955 9.50347 -0.5
v 3.08168 9.34884 -0.5
v 3.08168 9.34884 -0.5
v 3.22251 9.23797 -0.5
v 3.35726 9.12114 -0.5
v 3.42227 9.06056 -0.5
v 3.35726 9.12114 -0.5
v 3.42227 9.06056 -0.5
v 3.22251 9.23797 -0.5
v 3.15284 9.29416 -0.5
v 3.29066 9.18029 -0.5
v 3.29066 9.18029 -0.5
v 2.85955 9.50347 -0.5
v 2.85955 9.50347 -0.5
v 1.6726 10.01962 -0.5
v 0.00305 10.11177 -0.5
v 0.00305 10.11177 -0.5
v 2.54429 9.68674 -0.5
v 1.76456 9.99492 -0.5
v 1.76456 9.99492 -0.5
v 1.57969 10.04232 -0.5
v 1.57969 10.04232 -0.5
v 0.10245 10.12431 -0.5
v 2.03441 9.90903 -0.5
v 2.03441 9.90903 -0.5
v 2.46227 9.72828 -0.5
v 2.37903 9.76806 -0.5
v 2.46227 9.72828 -0.5
v 0.10245 10.12431 -0.5
v 2.70454 9.59846 -0.5
v 2.70454 9.59846 -0.5
v 4.48025 6.89037 -0.5
v 1.9455 9.93959 -0.5
v 2.29459 9.80606 -0.5
v 2.37903 9.76806 -0.5
v 0.20221 10.1346 -0.5
v 2.29459 9.80606 -0.5
v 2.62506 9.64346 -0.5
v 1.76456 9.99492 -0.5
v 1.9455 9.93959 -0.5
v 4.48648 6.79987 -0.5
v 2.62506 9.64346 -0.5
v 2.54429 9.68674 -0.5
v 2.46227 9.72828 -0.5
v 2.12225 9.87657 -0.5
v 2.85955 9.50347 -0.5
v 2.78272 9.55179 -0.5
v 3.83064 8.59848 -0.5
v 2.78272 9.55179 -0.5
v 3.9314 8.45506 -0.5
v 4.02464 8.30697 -0.5
v 4.02464 8.30697 -0.5
v 1.9455 9.93959 -0.5
v 3.9314 8.45506 -0.5
v 2.46227 9.72828 -0.5
v 3.88194 8.52736 -0.5
v 4.06837 8.23124 -0.5
v 2.70454 9.59846 -0.5
v 2.12225 9.87657 -0.5
v 3.97897 8.38158 -0.5
v 4.02464 8.30697 -0.5
v 4.06837 8.23124 -0.5
v 4.11013 8.15443 -0.5
v 3.88194 8.52736 -0.5
v 3.88194 8.52736 -0.5
v 3.83064 8.59848 -0.5
v 2.03441 9.90903 -0.5
v 2.12225 9.87657 -0.5
v 2.70454 9.59846 -0.5
v 3.97897 8.38158 -0.5
v 3.9314 8.45506 -0.5
v 2.62506 9.64346 -0.5
v 2.62506 9.64346 -0.5
v 2.20899 9.84223 -0.5
v 3.83064 8.59848 -0.5
v -0.09597 10.097 -0.5
v 3.72261 8.73701 -0.5
v 3.9314 8.45506 -0.5
v 2.54429 9.68674 -0.5
v 2.935 9.45352 -0.5
v 1.85554 9.96823 -0.5
v 1.85554 9.96823 -0.5
v 1.85554 9.96823 -0.5
v 3.88194 8.52736 -0.5
v 2.85955 9.50347 -0.5
v 4.46047 7.06939 -0.5
v 2.20899 9.84223 -0.5
v 4.49025 6.70874 -0.5
v -0.19459 10.08002 -0.5
v -0.19459 10.08002 -0.5
v 1.2955 10.09812 -0.5
v -0.2928 10.06084 -0.5
v 1.19906 10.11252 -0.5
v -0.2928 10.06084 -0.5
v 1.19906 10.11252 -0.5
v 2.20899 9.84223 -0.5
v 1.00378 10.13488 -0.5
v 4.47156 6.98022 -0.5
v 1.2955 10.09812 -0.5
v -0.2928 10.06084 -0.5
v 4.49151 6.61701 -0.5
v 1.6726 10.01962 -0.5
v -0.09597 10.097 -0.5
v -0.09597 10.097 -0.5
v 1.6726 10.01962 -0.5
v 1.3911 10.0816 -0.5
v 2.12225 9.87657 -0.5
v 2.12225 9.87657 -0.5
v 1.3911 10.0816 -0.5
v 1.48584 10.06299 -0.5
v 1.48584 10.06299 -0.5
v 4.43116 7.24558 -0.5
v 1.2955 10.09812 -0.5
v 1.57969 10.04232 -0.5
v 2.37903 9.76806 -0.5
v 2.37903 9.76806 -0.5
v 2.29459 9.80606 -0.5
v 4.44699 7.15785 -0.5
v 1.3911 10.0816 -0.5
v -1.06104 9.83022 -0.5
v -1.06104 9.83022 -0.5
v 0.90501 10.14277 -0.5
v -1.06104 9.83022 -0.5
v -0.5847 9.99029 -0.5
v 2.29459 9.80606 -0.5
v 0.90501 10.14277 -0.5
v -1.52263 9.61878 -0.5
v 0.20221 10.1346 -0.5
v -1.61297 9.5705 -0.5
v -1.96708 9.35793 -0.5
v -1.96708 9.35793 -0.5
v 0.90501 10.14277 -0.5
v 4.11013 8.15443 -0.5
v -1.96708 9.35793 -0.5
v 1.2955 10.09812 -0.5
v 1.2955 10.09812 -0.5
v 0.40275 10.1484 -0.5
v 0.40275 10.1484 -0.5
v -1.61297 9.5705 -0.5
v -1.7026 9.52026 -0.5
v 0.40275 10.1484 -0.5
v -1.7026 9.52026 -0.5
v 1.3911 10.0816 -0.5
v 0.30232 10.14264 -0.5
v -1.52263 9.61878 -0.5
v 1.19906 10.11252 -0.5
v 1.19906 10.11252 -0.5
v -1.79151 9.46807 -0.5
v 4.18763 7.99766 -0.5
v 1.10181 10.12478 -0.5
v -1.33992 9.7094 -0.5
v -1.33992 9.7094 -0.5
v -1.79151 9.46807 -0.5
v -0.68103 9.96248 -0.5
v -0.68103 9.96248 -0.5
v 1.19906 10.11252 -0.5
v 4.14989 8.07656 -0.5
v 0.50348 10.15186 -0.5
v 0.50348 10.15186 -0.5
v 1.57969 10.04232 -0.5
v -1.61297 9.5705 -0.5
v 1.3911 10.0816 -0.5
v 0.30232 10.14264 -0.5
v 0.30232 10.14264 -0.5
v 1.57969 10.04232 -0.5
v 4.25691 7.83686 -0.5
v -1.15462 9.79198 -0.5
v -1.15462 9.79198 -0.5
v 1.48584 10.06299 -0.5
v -1.43161 9.66508 -0.5
v -1.43161 9.66508 -0.5
v 4.22332 7.91775 -0.5
v 0.6045 10.15302 -0.5
v 0.6045 10.15302 -0.5
v -1.24758 9.7517 -0.5
v -1.24758 9.7517 -0.5
v 0.70534 10.15187 -0.5
v 0.70534 10.15187 -0.5
v 1.48584 10.06299 -0.5
v -1.24758 9.7517 -0.5
v 0.80552 10.14845 -0.5
v 4.31772 7.67227 -0.5
v 0.80552 10.14845 -0.5
v 1.76456 9.99492 -0.5
v 1.76456 9.99492 -0.5
v -0.96688 9.86641 -0.5
v -0.96688 9.86641 -0.5
v 0.70534 10.15187 -0.5
v 1.00378 10.13488 -0.5
v 1.10181 10.12478 -0.5
v 1.00378 10.13488 -0.5
v 4.28839 7.75503 -0.5
v 1.6726 10.01962 -0.5
v -1.87967 9.41396 -0.5
v 0.20221 10.1346 -0.5
v -1.87967 9.41396 -0.5
v 1.6726 10.01962 -0.5
v 2.29459 9.80606 -0.5
v 2.935 9.45352 -0.5
v 2.78272 9.55179 -0.5
v 2.54429 9.68674 -0.5
v 2.20899 9.84223 -0.5
v 2.78272 9.55179 -0.5
v 2.78272 9.55179 -0.5
v 3.00906 9.40196 -0.5
v 3.00906 9.40196 -0.5
v 3.00906 9.40196 -0.5
v 2.46227 9.72828 -0.5
v 2.935 9.45352 -0.5
v 3.08168 9.34884 -0.5
v 3.08168 9.34884 -0.5
v 2.935 9.45352 -0.5
v 2.935 9.45352 -0.5
v 3.00906 9.40196 -0.5
v 2.37903 9.76806 -0.5
v 2.62506 9.64346 -0.5
v 3.00906 9.40196 -0.5
v 0.50348 10.15186 -0.5
v -1.43161 9.66508 -0.5
v -2.3087 9.115 -0.5
v -2.22453 9.17852 -0.5
v 3.97897 8.38158 -0.5
v -2.22453 9.17852 -0.5
v -2.39201 9.04964 -0.5
v 0.50348 10.15186 -0.5
v 0.50348 10.15186 -0.5
v -2.47444 8.98247 -0.5
v 0.80552 10.14845 -0.5
v -2.3087 9.115 -0.5
v 3.9314 8.45506 -0.5
v -2.47444 8.98247 -0.5
v -2.47444 8.98247 -0.5
v -2.3087 9.115 -0.5
v 0.70534 10.15187 -0.5
v 0.80552 10.14845 -0.5
v 4.06837 8.23124 -0.5
v -2.0537 9.3 -0.5
v -2.0537 9.3 -0.5
v -2.79503 8.69589 -0.5
v -2.13952 9.2402 -0.5
v 4.02464 8.30697 -0.5
v -2.13952 9.2402 -0.5
v -2.79503 8.69589 -0.5
v -1.79151 9.46807 -0.5
v -2.13952 9.2402 -0.5
v 0.70534 10.15187 -0.5
v 3.29066 9.18029 -0.5
v -3.31795 8.12801 -0.5
v -3.31795 8.12801 -0.5
v -0.68103 9.96248 -0.5
v -0.68103 9.96248 -0.5
v -3.31795 8.12801 -0.5
v 3.22251 9.23797 -0.5
v 3.48568 8.99856 -0.5
v -3.38839 8.04024 -0.5
v -0.39056 10.03949 -0.5
v -0.39056 10.03949 -0.5
v -3.02535 8.46264 -0.5
v -3.02535 8.46264 -0.5
v -3.02535 8.46264 -0.5
v -3.17378 8.29864 -0.5
v -3.17378 8.29864 -0.5
v -3.38839 8.04024 -0.5
v -0.48787 10.01596 -0.5
v -0.48787 10.01596 -0.5
v -3.24641 8.21415 -0.5
v 3.42227 9.06056 -0.5
v -3.17378 8.29864 -0.5
v 3.35726 9.12114 -0.5
v -3.24641 8.21415 -0.5
v -0.19459 10.08002 -0.5
v -0.19459 10.08002 -0.5
v -2.8728 8.61986 -0.5
v -2.8728 8.61986 -0.5
v 3.54745 8.93518 -0.5
v -0.2928 10.06084 -0.5
v -0.2928 10.06084 -0.5
v 0.00305 10.11177 -0.5
v 0.00305 10.11177 -0.5
v -2.94958 8.5421 -0.5
v -2.71629 8.77018 -0.5
v -3.10009 8.38148 -0.5
v -3.10009 8.38148 -0.5
v 3.66594 8.80438 -0.5
v -2.94958 8.5421 -0.5
v -2.71629 8.77018 -0.5
v -2.94958 8.5421 -0.5
v -3.52587 7.85988 -0.5
v -3.52587 7.85988 -0.5
v -0.09597 10.097 -0.5
v -0.09597 10.097 -0.5
v 1.00378 10.13488 -0.5
v 4.36983 7.50409 -0.5
v 1.00378 10.13488 -0.5
v -0.77685 9.93255 -0.5
v -0.77685 9.93255 -0.5
v -0.68103 9.96248 -0.5
v 1.9455 9.93959 -0.5
v 0.80552 10.14845 -0.5
v 1.9455 9.93959 -0.5
v 4.34488 7.58862 -0.5
v 0.90501 10.14277 -0.5
v 0.90501 10.14277 -0.5
v 1.10181 10.12478 -0.5
v -0.39056 10.03949 -0.5
v 1.10181 10.12478 -0.5
v -0.39056 10.03949 -0.5
v -0.87214 9.90052 -0.5
v -0.87214 9.90052 -0.5
v 1.85554 9.96823 -0.5
v 1.85554 9.96823 -0.5
v 4.413 7.33255 -0.5
v -0.87214 9.90052 -0.5
v -0.48787 10.01596 -0.5
v -0.5847 9.99029 -0.5
v -0.48787 10.01596 -0.5
v -0.48787 10.01596 -0.5
v 1.10181 10.12478 -0.5
v 4.39255 7.41873 -0.5
v 3.60754 8.87045 -0.5
v 2.03441 9.90903 -0.5
v 2.03441 9.90903 -0.5
v -3.59288 7.76731 -0.5
v -3.59288 7.76731 -0.5
v 3.00906 9.40196 -0.5
v -3.59288 7.76731 -0.5
v 2.935 9.45352 -0.5
v -3.4577 7.95086 -0.5
v -3.65871 7.67318 -0.5
v -3.65871 7.67318 -0.5
v -0.77685 9.93255 -0.5
v -0.77685 9.93255 -0.5
v 3.15284 9.29416 -0.5
v -3.4577 7.95086 -0.5
v -3.4577 7.95086 -0.5
v -0.87214 9.90052 -0.5
v -0.87214 9.90052 -0.5
v -3.65871 7.67318 -0.5
v 3.08168 9.34884 -0.5
v -0.5847 9.99029 -0.5
v -0.5847 9.99029 -0.5
v 2.46227 9.72828 -0.5
v -1.96708 9.35793 -0.5
v -4.27242 6.20784 -0.5
v 2.37903 9.76806 -0.5
v -4.39838 6.31415 -0.5
v -1.7026 9.52026 -0.5
v -1.7026 9.52026 -0.5
v -4.39838 6.31415 -0.5
v -4.44568 6.19974 -0.5
v -1.79151 9.46807 -0.5
v -1.79151 9.46807 -0.5
v -4.44568 6.19974 -0.5
v -4.44568 6.19974 -0.5
v -1.52263 9.61878 -0.5
v -1.52263 9.61878 -0.5
v -4.29945 6.5389 -0.5
v -1.61297 9.5705 -0.5
v -4.1949 6.75814 -0.5
v -4.34963 6.4272 -0.5
v -4.34963 6.4272 -0.5
v -1.61297 9.5705 -0.5
v -4.34963 6.4272 -0.5
v 4.49151 6.61701 -0.5
v -1.33992 9.7094 -0.5
v -1.33992 9.7094 -0.5
v -4.29945 6.5389 -0.5
v -4.29945 6.5389 -0.5
v -3.96948 7.17959 -0.5
v -1.15462 9.79198 -0.5
v -4.08485 6.97175 -0.5
v -1.43161 9.66508 -0.5
v -1.43161 9.66508 -0.5
v -1.24758 9.7517 -0.5
v -4.1949 6.75814 -0.5
v -4.08485 6.97175 -0.5
v -4.08485 6.97175 -0.5
v -3.96948 7.17959 -0.5
v -1.15462 9.79198 -0.5
v -4.1949 6.75814 -0.5
v -4.27242 6.20784 -0.5
v -4.02782 7.0764 -0.5
v -4.27242 6.20784 -0.5
v -4.14055 6.86565 -0.5
v 2.54429 9.68674 -0.5
v -4.24787 6.64921 -0.5
v -4.14055 6.86565 -0.5
v -1.24758 9.7517 -0.5
v -4.24787 6.64921 -0.5
v -2.6366 8.84272 -0.5
v 0.20221 10.1346 -0.5
v 0.40275 10.1484 -0.5
v 0.40275 10.1484 -0.5
v 0.10245 10.12431 -0.5
v 3.83064 8.59848 -0.5
v 0.10245 10.12431 -0.5
v -2.79503 8.69589 -0.5
v -2.39201 9.04964 -0.5
v -2.6366 8.84272 -0.5
v 0.30232 10.14264 -0.5
v 0.30232 10.14264 -0.5
v 3.77752 8.66837 -0.5
v 0.20221 10.1346 -0.5
v 3.72261 8.73701 -0.5
v 0.6045 10.15302 -0.5
v 0.6045 10.15302 -0.5
v 3.88194 8.52736 -0.5
v -2.55598 8.91349 -0.5
v -2.55598 8.91349 -0.5
v -2.6366 8.84272 -0.5
v 2.03441 9.90903 -0.5
v -2.13952 9.2402 -0.5
v -4.49151 6.08401 -0.5
v -4.16613 6.37939 -0.5
v -2.13952 9.2402 -0.5
v 2.12225 9.87657 -0.5
v -2.0537 9.3 -0.5
v -2.0537 9.3 -0.5
v -4.37451 6.03201 -0.5
v -4.37451 6.03201 -0.5
v -4.16613 6.37939 -0.5
v -4.27242 6.20784 -0.5
v -1.87967 9.41396 -0.5
v -4.16613 6.37939 -0.5
v -1.87967 9.41396 -0.5
v 2.20899 9.84223 -0.5
v -3.94147 6.70933 -0.5
v -1.96708 9.35793 -0.5
v -3.70161 7.02114 -0.5
v -3.94147 6.70933 -0.5
v 2.29459 9.80606 -0.5
v 1.00378 10.13488 -0.5
v -3.24641 8.21415 -0.5
v -3.24641 8.21415 -0.5
v -3.02535 8.46264 -0.5
v -3.02535 8.46264 -0.5
v -3.94147 6.70933 -0.5
v -3.17378 8.29864 -0.5
v -3.18066 7.58764 -0.5
v 1.10181 10.12478 -0.5
v -3.18066 7.58764 -0.5
v -2.8728 8.61986 -0.5
v -2.8728 8.61986 -0.5
v -3.18066 7.58764 -0.5
v 1.19906 10.11252 -0.5
v -3.31571 7.45337 -0.5
v -3.31571 7.45337 -0.5
v -3.10009 8.38148 -0.5
v -3.10009 8.38148 -0.5
v -3.31571 7.45337 -0.5
v 1.2955 10.09812 -0.5
v -2.79503 8.69589 -0.5
v -2.79503 8.69589 -0.5
v -2.94958 8.5421 -0.5
v -2.94958 8.5421 -0.5
v -3.44765 7.31414 -0.5
v -3.44765 7.31414 -0.5
v -3.44765 7.31414 -0.5
v 1.3911 10.0816 -0.5
v -3.44765 7.31414 -0.5
v -2.75812 7.95982 -0.5
v -2.75812 7.95982 -0.5
v -2.71629 8.77018 -0.5
v -2.71629 8.77018 -0.5
v -3.57633 7.17004 -0.5
v 1.48584 10.06299 -0.5
v -3.57633 7.17004 -0.5
v -3.57633 7.17004 -0.5
v -3.18066 7.58764 -0.5
v -3.57633 7.17004 -0.5
v -2.6366 8.84272 -0.5
v -2.6366 8.84272 -0.5
v -3.70161 7.02114 -0.5
v -3.70161 7.02114 -0.5
v -3.70161 7.02114 -0.5
v -3.94147 6.70933 -0.5
v -2.75812 7.95982 -0.5
v -2.55598 8.91349 -0.5
v -2.55598 8.91349 -0.5
v 1.57969 10.04232 -0.5
v -1.06104 9.83022 -0.5
v -1.06104 9.83022 -0.5
v -4.02782 7.0764 -0.5
v -4.02782 7.0764 -0.5
v -3.84892 7.38155 -0.5
v 2.78272 9.55179 -0.5
v -0.96688 9.86641 -0.5
v -3.84892 7.38155 -0.5
v -3.90984 7.28132 -0.5
v -3.90984 7.28132 -0.5
v -3.90984 7.28132 -0.5
v 2.70454 9.59846 -0.5
v 2.62506 9.64346 -0.5
v 2.85955 9.50347 -0.5
v -3.72334 7.5775 -0.5
v -3.72334 7.5775 -0.5
v -3.78675 7.48029 -0.5
v -0.96688 9.86641 -0.5
v -3.78675 7.48029 -0.5
v -3.78675 7.48029 -0.5
v 0.50348 10.15186 -0.5
v -3.31795 8.12801 -0.5
v -2.46331 8.18156 -0.5
v -2.46331 8.18156 -0.5
v -2.31238 8.28427 -0.5
v -2.15928 8.38141 -0.5
v -3.52587 7.85988 -0.5
v -3.52587 7.85988 -0.5
v 0.70534 10.15187 -0.5
v -2.75812 7.95982 -0.5
v 0.80552 10.14845 -0.5
v -3.17378 8.29864 -0.5
v -2.46331 8.18156 -0.5
v -3.31795 8.12801 -0.5
v -2.46331 8.18156 -0.5
v -3.38839 8.04024 -0.5
v -3.38839 8.04024 -0.5
v 0.90501 10.14277 -0.5
v -4.24787 6.64921 -0.5
v -1.52787 8.71266 -0.5
v -1.52787 8.71266 -0.5
v -0.48787 10.01596 -0.5
v -1.52787 8.71266 -0.5
v -2.00414 8.47291 -0.5
v -0.39056 10.03949 -0.5
v -1.6883 8.63862 -0.5
v -1.6883 8.63862 -0.5
v -4.1949 6.75814 -0.5
v -1.6883 8.63862 -0.5
v -2.00414 8.47291 -0.5
v -2.00414 8.47291 -0.5
v -1.8471 8.55867 -0.5
v -1.8471 8.55867 -0.5
v -4.14055 6.86565 -0.5
v -1.8471 8.55867 -0.5
v -4.14055 6.86565 -0.5
v -0.2928 10.06084 -0.5
v -4.08485 6.97175 -0.5
v -4.08485 6.97175 -0.5
v -2.00414 8.47291 -0.5
v -0.19459 10.08002 -0.5
v -1.8471 8.55867 -0.5
v -4.02782 7.0764 -0.5
v -4.02782 7.0764 -0.5
v -1.52787 8.71266 -0.5
v -1.36595 8.78072 -0.5
v -1.36595 8.78072 -0.5
v 0.00305 10.11177 -0.5
v -3.96948 7.17959 -0.5
v -3.96948 7.17959 -0.5
v -0.09597 10.097 -0.5
v -3.90984 7.28132 -0.5
v -3.90984 7.28132 -0.5
v -1.03817 8.89852 -0.5
v -1.03817 8.89852 -0.5
v -1.6883 8.63862 -0.5
v -4.1949 6.75814 -0.5
v -3.84892 7.38155 -0.5
v -3.84892 7.38155 -0.5
v 0.20221 10.1346 -0.5
v -1.03817 8.89852 -0.5
v -1.03817 8.89852 -0.5
v -2.47444 8.98247 -0.5
v 1.6726 10.01962 -0.5
v -2.47444 8.98247 -0.5
v -2.39201 9.04964 -0.5
v -2.39201 9.04964 -0.5
v 1.76456 9.99492 -0.5
v -3.82337 6.86755 -0.5
v -4.05577 6.54659 -0.5
v 1.85554 9.96823 -0.5
v -2.3087 9.115 -0.5
v -2.3087 9.115 -0.5
v -3.82337 6.86755 -0.5
v -4.05577 6.54659 -0.5
v 1.9455 9.93959 -0.5
v -4.05577 6.54659 -0.5
v -3.82337 6.86755 -0.5
v -4.05577 6.54659 -0.5
v -2.22453 9.17852 -0.5
v -2.22453 9.17852 -0.5
v -0.70605 8.99133 -0.5
v -0.37068 9.05848 -0.5
v -0.70605 8.99133 -0.5
v -0.70605 8.99133 -0.5
v -0.87214 9.90052 -0.5
v -0.70605 8.99133 -0.5
v -4.37451 6.03201 -0.5
v -0.77685 9.93255 -0.5
v -0.20211 9.08221 -0.5
v -0.20211 9.08221 -0.5
v -0.20211 9.08221 -0.5
v -0.87259 8.94809 -0.5
v -0.87259 8.94809 -0.5
v -0.20211 9.08221 -0.5
v -0.68103 9.96248 -0.5
v -0.37068 9.05848 -0.5
v -0.5847 9.99029 -0.5
v -0.53871 9.02816 -0.5
v -0.53871 9.02816 -0.5
v -4.24787 6.64921 -0.5
v -0.37068 9.05848 -0.5
v -0.53871 9.02816 -0.5
v -2.0537 9.3 -0.5
v -0.53871 9.02816 -0.5
v -4.05577 6.54659 -0.5
v -4.05577 6.54659 -0.5
v -2.3087 9.115 -0.5
v -3.82337 6.86755 -0.5
v -3.82337 6.86755 -0.5
v -4.37451 6.03201 -0.5
v -0.03313 9.09927 -0.5
v -3.70161 7.02114 -0.5
v -3.70161 7.02114 -0.5
v -2.13952 9.2402 -0.5
v -1.96708 9.35793 -0.5
v -4.16613 6.37939 -0.5
v -4.16613 6.37939 -0.5
v -0.03313 9.09927 -0.5
v -1.87967 9.41396 -0.5
v -0.03313 9.09927 -0.5
v -1.52263 9.61878 -0.5
v -4.49151 6.08401 -0.5
v -4.49151 6.08401 -0.5
v 0.13612 9.10957 -0.5
v 0.13612 9.10957 -0.5
v 0.13612 9.10957 -0.5
v 0.13612 9.10957 -0.5
v -0.03313 9.09927 -0.5
v -1.43161 9.66508 -0.5
v -1.79151 9.46807 -0.5
v -1.33992 9.7094 -0.5
v -1.7026 9.52026 -0.5
v -4.27242 6.20784 -0.5
v -4.27242 6.20784 -0.5
v -2.90172 7.84095 -0.5
v -2.90172 7.84095 -0.5
v -3.78675 7.48029 -0.5
v 0.10245 10.12431 -0.5
v -2.90172 7.84095 -0.5
v -2.61194 8.07338 -0.5
v -3.78675 7.48029 -0.5
v -2.90172 7.84095 -0.5
v -2.61194 8.07338 -0.5
v -3.04261 7.71686 -0.5
v -3.59288 7.76731 -0.5
v -3.04261 7.71686 -0.5
v -3.72334 7.5775 -0.5
v -3.04261 7.71686 -0.5
v -3.04261 7.71686 -0.5
v -3.72334 7.5775 -0.5
v 0.40275 10.1484 -0.5
v 0.30232 10.14264 -0.5
v -2.61194 8.07338 -0.5
v -2.15928 8.38141 -0.5
v -2.31238 8.28427 -0.5
v -2.31238 8.28427 -0.5
v -3.4577 7.95086 -0.5
v -3.4577 7.95086 -0.5
v -3.65871 7.67318 -0.5
v -3.65871 7.67318 -0.5
v -2.15928 8.38141 -0.5
v -2.15928 8.38141 -0.5
v 0.6045 10.15302 -0.5
v -2.31238 8.28427 -0.5
v -3.59288 7.76731 -0.5
v -2.61194 8.07338 -0.5
v -2.61194 8.07338 -0.5
v -2.75812 7.95982 -0.5
v -2.75812 7.95982 -0.5
v -2.6366 8.84272 -0.5
v -2.90172 7.84095 -0.5
v -2.90172 7.84095 -0.5
v -2.22453 9.17852 -0.5
v -2.31238 8.28427 -0.5
v -2.31238 8.28427 -0.5
v -2.39201 9.04964 -0.5
v -3.04261 7.71686 -0.5
v -3.04261 7.71686 -0.5
v -2.47444 8.98247 -0.5
v -3.31795 8.12801 -0.5
v -2.46331 8.18156 -0.5
v -2.15928 8.38141 -0.5
v -2.15928 8.38141 -0.5
v -3.52587 7.85988 -0.5
v -1.03817 8.89852 -0.5
v 0.39291 9.11198 -0.5
v 0.39291 9.11198 -0.5
v -3.17378 8.29864 -0.5
v -1.6883 8.63862 -0.5
v -1.6883 8.63862 -0.5
v 0.39291 9.11198 -0.5
v 0.3055 9.11302 -0.5
v -2.46331 8.18156 -0.5
v 0.3055 9.11302 -0.5
v -3.38839 8.04024 -0.5
v 0.3055 9.11302 -0.5
v -2.00414 8.47291 -0.5
v 0.13612 9.10957 -0.5
v -2.00414 8.47291 -0.5
v -3.02535 8.46264 -0.5
v -1.52787 8.71266 -0.5
v -1.52787 8.71266 -0.5
v -3.24641 8.21415 -0.5
v 0.73546 9.08752 -0.5
v -2.8728 8.61986 -0.5
v 0.73546 9.08752 -0.5
v -1.03817 8.89852 -0.5
v 0.65093 9.09664 -0.5
v 0.65093 9.09664 -0.5
v 0.65093 9.09664 -0.5
v -1.8471 8.55867 -0.5
v -1.8471 8.55867 -0.5
v -3.10009 8.38148 -0.5
v -1.24758 9.7517 -0.5
v -1.20267 8.8427 -0.5
v -1.20267 8.8427 -0.5
v -4.44568 6.19974 -0.5
v -4.44568 6.19974 -0.5
v -1.15462 9.79198 -0.5
v -4.39838 6.31415 -0.5
v -4.39838 6.31415 -0.5
v -1.61297 9.5705 -0.5
v -0.87259 8.94809 -0.5
v -0.87259 8.94809 -0.5
v -1.06104 9.83022 -0.5
v -4.34963 6.4272 -0.5
v -4.34963 6.4272 -0.5
v -0.37068 9.05848 -0.5
v -1.20267 8.8427 -0.5
v -4.29945 6.5389 -0.5
v -0.96688 9.86641 -0.5
v -1.36595 8.78072 -0.5
v -4.29945 6.5389 -0.5
v -1.20267 8.8427 -0.5
v -1.36595 8.78072 -0.5
v -3.59288 7.76731 -0.5
v 1.38187 8.94547 -0.5
v -3.65871 7.67318 -0.5
v 1.30417 8.96974 -0.5
v -0.53871 9.02816 -0.5
v 0.90216 9.06339 -0.5
v 1.30417 8.96974 -0.5
v 0.3055 9.11302 -0.5
v 0.3055 9.11302 -0.5
v -3.4577 7.95086 -0.5
v 1.14601 9.0128 -0.5
v 1.14601 9.0128 -0.5
v 1.38187 8.94547 -0.5
v -0.20211 9.08221 -0.5
v -3.78675 7.48029 -0.5
v 0.81921 9.07643 -0.5
v -0.70605 8.99133 -0.5
v -0.20211 9.08221 -0.5
v -0.70605 8.99133 -0.5
v 0.90216 9.06339 -0.5
v -0.53871 9.02816 -0.5
v 1.68291 8.83062 -0.5
v 0.13612 9.10957 -0.5
v 0.13612 9.10957 -0.5
v 0.65093 9.09664 -0.5
v -4.1949 6.75814 -0.5
v 1.45862 8.9194 -0.5
v 1.68291 8.83062 -0.5
v 0.81921 9.07643 -0.5
v 0.73546 9.08752 -0.5
v 0.73546 9.08752 -0.5
v 0.39291 9.11198 -0.5
v 1.30417 8.96974 -0.5
v 1.22554 8.99219 -0.5
v 1.22554 8.99219 -0.5
v 1.14601 9.0128 -0.5
v 0.39291 9.11198 -0.5
v 1.22554 8.99219 -0.5
v 1.38187 8.94547 -0.5
v -4.29945 6.5389 -0.5
v 1.60916 8.86196 -0.5
v -0.03313 9.09927 -0.5
v -4.34963 6.4272 -0.5
v -0.03313 9.09927 -0.5
v 1.22554 8.99219 -0.5
v 1.9673 8.6884 -0.5
v 0.47964 9.10889 -0.5
v 0.47964 9.10889 -0.5
v 0.56565 9.10378 -0.5
v -4.14055 6.86565 -0.5
v 1.45862 8.9194 -0.5
v 1.45862 8.9194 -0.5
v 1.75563 8.79758 -0.5
v -3.96948 7.17959 -0.5
v 1.75563 8.79758 -0.5
v 0.56565 9.10378 -0.5
v 0.65093 9.09664 -0.5
v 1.53439 8.89155 -0.5
v 1.53439 8.89155 -0.5
v -4.02782 7.0764 -0.5
v -4.24787 6.64921 -0.5
v 1.60916 8.86196 -0.5
v 1.89784 8.72645 -0.5
v 1.89784 8.72645 -0.5
v 1.68291 8.83062 -0.5
v -4.08485 6.97175 -0.5
v 1.53439 8.89155 -0.5
v 1.9673 8.6884 -0.5
v -3.18066 7.58764 -0.5
v -3.18066 7.58764 -0.5
v -2.71629 8.77018 -0.5
v -2.94958 8.5421 -0.5
v -3.31571 7.45337 -0.5
v -3.31571 7.45337 -0.5
v -3.94147 6.70933 -0.5
v -3.94147 6.70933 -0.5
v 1.60916 8.86196 -0.5
v -3.44765 7.31414 -0.5
v -3.44765 7.31414 -0.5
v -2.55598 8.91349 -0.5
v -2.79503 8.69589 -0.5
v -3.57633 7.17004 -0.5
v -3.57633 7.17004 -0.5
v 2.03563 8.64872 -0.5
v 1.75563 8.79758 -0.5
v 2.23363 8.52016 -0.5
v -4.39838 6.31415 -0.5
v 1.82728 8.76285 -0.5
v 1.30417 8.96974 -0.5
v 2.10281 8.60744 -0.5
v 1.30417 8.96974 -0.5
v 0.81921 9.07643 -0.5
v 0.81921 9.07643 -0.5
v 1.89784 8.72645 -0.5
v 2.16882 8.56458 -0.5
v 0.90216 9.06339 -0.5
v 0.90216 9.06339 -0.5
v 2.03563 8.64872 -0.5
v 1.60916 8.86196 -0.5
v 1.22554 8.99219 -0.5
v -4.05577 6.54659 -0.5
v 2.48049 8.32727 -0.5
v -3.70161 7.02114 -0.5
v 1.68291 8.83062 -0.5
v 2.10281 8.60744 -0.5
v 1.68291 8.83062 -0.5
v 1.60916 8.86196 -0.5
v 2.10281 8.60744 -0.5
v 2.48049 8.32727 -0.5
v 2.16882 8.56458 -0.5
v 1.38187 8.94547 -0.5
v 1.38187 8.94547 -0.5
v 2.16882 8.56458 -0.5
v 2.42068 8.37773 -0.5
v 2.23363 8.52016 -0.5
v 1.14601 9.0128 -0.5
v 2.23363 8.52016 -0.5
v 1.14601 9.0128 -0.5
v 1.22554 8.99219 -0.5
v 2.42068 8.37773 -0.5
v 2.42068 8.37773 -0.5
v 2.29723 8.47419 -0.5
v 1.89784 8.72645 -0.5
v 2.29723 8.47419 -0.5
v 1.53439 8.89155 -0.5
v 2.70646 8.11112 -0.5
v 2.59617 8.22202 -0.5
v -3.94147 6.70933 -0.5
v 2.652 8.16727 -0.5
v 1.89784 8.72645 -0.5
v 2.652 8.16727 -0.5
v 2.539 8.27536 -0.5
v 2.652 8.16727 -0.5
v 1.53439 8.89155 -0.5
v 2.59617 8.22202 -0.5
v 2.29723 8.47419 -0.5
v 1.9673 8.6884 -0.5
v -4.16613 6.37939 -0.5
v 1.9673 8.6884 -0.5
v -3.31571 7.45337 -0.5
v -3.82337 6.86755 -0.5
v 2.42068 8.37773 -0.5
v 2.10281 8.60744 -0.5
v 2.35958 8.42671 -0.5
v 2.70646 8.11112 -0.5
v 2.652 8.16727 -0.5
v 1.45862 8.9194 -0.5
v 1.45862 8.9194 -0.5
v 2.48049 8.32727 -0.5
v 2.70646 8.11112 -0.5
v -4.37451 6.03201 -0.5
v -1.36595 8.78072 -0.5
v -1.36595 8.78072 -0.5
v 0.98429 9.04842 -0.5
v 0.98429 9.04842 -0.5
v 0.90216 9.06339 -0.5
v 1.06558 9.03156 -0.5
v -3.90984 7.28132 -0.5
v 1.06558 9.03156 -0.5
v -0.37068 9.05848 -0.5
v -1.20267 8.8427 -0.5
v -1.20267 8.8427 -0.5
v -0.37068 9.05848 -0.5
v -3.72334 7.5775 -0.5
v 1.06558 9.03156 -0.5
v 0.47964 9.10889 -0.5
v 0.47964 9.10889 -0.5
v 0.73546 9.08752 -0.5
v 0.47964 9.10889 -0.5
v -0.87259 8.94809 -0.5
v -0.87259 8.94809 -0.5
v 0.81921 9.07643 -0.5
v 0.56565 9.10378 -0.5
v -3.84892 7.38155 -0.5
v 0.56565 9.10378 -0.5
v 0.98429 9.04842 -0.5
v 0.56565 9.10378 -0.5
v 0.56565 9.10378 -0.5
v 3.00319 7.74626 -0.5
v 3.00319 7.74626 -0.5
v -3.04261 7.71686 -0.5
v 3.04744 7.68098 -0.5
v 2.29723 8.47419 -0.5
v 2.29723 8.47419 -0.5
v -2.31238 8.28427 -0.5
v 2.42068 8.37773 -0.5
v 2.42068 8.37773 -0.5
v -2.90172 7.84095 -0.5
v 2.8614 7.93456 -0.5
v 2.75953 8.05361 -0.5
v -2.61194 8.07338 -0.5
v 2.8614 7.93456 -0.5
v -1.6883 8.63862 -0.5
v 2.03563 8.64872 -0.5
v 2.03563 8.64872 -0.5
v 2.75953 8.05361 -0.5
v 2.81118 7.99475 -0.5
v 2.10281 8.60744 -0.5
v 2.10281 8.60744 -0.5
v 2.652 8.16727 -0.5
v 2.652 8.16727 -0.5
v 3.37338 7.04123 -0.5
v 3.24502 7.33675 -0.5
v 3.24502 7.33675 -0.5
v 2.35958 8.42671 -0.5
v 3.37338 7.04123 -0.5
v 2.59617 8.22202 -0.5
v 2.95742 7.8103 -0.5
v 2.59617 8.22202 -0.5
v 3.34385 7.1167 -0.5
v 3.09014 7.61449 -0.5
v 3.04744 7.68098 -0.5
v 3.04744 7.68098 -0.5
v -1.03817 8.89852 -0.5
v 3.47381 6.72929 -0.5
v 3.00319 7.74626 -0.5
v 2.35958 8.42671 -0.5
v 3.09014 7.61449 -0.5
v 2.70646 8.11112 -0.5
v 2.95742 7.8103 -0.5
v 2.75953 8.05361 -0.5
v 2.70646 8.11112 -0.5
v 2.95742 7.8103 -0.5
v -2.46331 8.18156 -0.5
v -2.15928 8.38141 -0.5
v 3.09014 7.61449 -0.5
v 2.8614 7.93456 -0.5
v 3.34385 7.1167 -0.5
v 3.4514 6.80874 -0.5
v -1.8471 8.55867 -0.5
v 3.4514 6.80874 -0.5
v 3.47381 6.72929 -0.5
v 3.13127 7.5468 -0.5
v 3.13127 7.5468 -0.5
v 2.81118 7.99475 -0.5
v 3.27965 7.26448 -0.5
v 3.1708 7.47793 -0.5
v 2.81118 7.99475 -0.5
v 3.1708 7.47793 -0.5
v 3.3126 7.19113 -0.5
v 3.1708 7.47793 -0.5
v 3.3126 7.19113 -0.5
v 3.20873 7.40791 -0.5
v 3.37338 7.04123 -0.5
v 2.91015 7.87307 -0.5
v 2.91015 7.87307 -0.5
v 3.20873 7.40791 -0.5
v -1.52787 8.71266 -0.5
v -2.00414 8.47291 -0.5
v 3.1708 7.47793 -0.5
v 2.539 8.27536 -0.5
v 2.539 8.27536 -0.5
v 3.20873 7.40791 -0.5
v 3.00319 7.74626 -0.5
v 3.24502 7.33675 -0.5
v 3.34385 7.1167 -0.5
v 2.8614 7.93456 -0.5
v 0.98429 9.04842 -0.5
v 0.98429 9.04842 -0.5
v 2.03563 8.64872 -0.5
v -4.49151 6.08401 -0.5
v 1.06558 9.03156 -0.5
v 1.06558 9.03156 -0.5
v 1.9673 8.6884 -0.5
v 1.82728 8.76285 -0.5
v 1.82728 8.76285 -0.5
v -4.44568 6.19974 -0.5
v -4.27242 6.20784 -0.5
v 1.75563 8.79758 -0.5
v 3.1708 7.47793 -0.5
v 3.52996 6.48539 -0.5
v 3.52996 6.48539 -0.5
v -0.70605 8.99133 -0.5
v 3.51312 6.56759 -0.5
v -0.53871 9.02816 -0.5
v 3.20873 7.40791 -0.5
v 3.54491 6.40231 -0.5
v 3.54491 6.40231 -0.5
v 3.58527 6.06165 -0.5
v 3.40116 6.96473 -0.5
v 3.52996 6.48539 -0.5
v 3.40116 6.96473 -0.5
v 3.51312 6.56759 -0.5
v 3.49439 6.6489 -0.5
v 3.24502 7.33675 -0.5
v -0.37068 9.05848 -0.5
v 3.24502 7.33675 -0.5
v 3.52367 5.09359 -0.5
v 3.42717 6.88722 -0.5
v -0.20211 9.08221 -0.5
v 3.20873 7.40791 -0.5
v 3.54885 5.22979 -0.5
v 3.57814 6.14802 -0.5
v -0.03313 9.09927 -0.5
v 3.52367 5.09359 -0.5
v 3.57814 6.14802 -0.5
v 3.52367 5.09359 -0.5
v 3.56902 6.2336 -0.5
v 3.51312 6.56759 -0.5
v 3.52367 5.09359 -0.5
v 0.13612 9.10957 -0.5
v 3.58527 6.06165 -0.5
v 3.58527 6.06165 -0.5
v 3.54885 5.22979 -0.5
v 3.3126 7.19113 -0.5
v 3.59038 5.97451 -0.5
v 0.39291 9.11198 -0.5
v 3.49439 6.6489 -0.5
v 3.49439 6.6489 -0.5
v 3.13127 7.5468 -0.5
v 3.13127 7.5468 -0.5
v 0.3055 9.11302 -0.5
v 0.47964 9.10889 -0.5
v 3.14247 4.11084 -0.5
v 3.41698 4.70134 -0.5
v 3.41698 4.70134 -0.5
v 3.59451 5.79801 -0.5
v 0.73546 9.08752 -0.5
v 3.37143 4.57653 -0.5
v 3.59159 5.65274 -0.5
v 3.3126 7.19113 -0.5
v 0.56565 9.10378 -0.5
v 3.37143 4.57653 -0.5
v 3.59159 5.65274 -0.5
v 3.59159 5.65274 -0.5
v 3.59038 5.97451 -0.5
v 3.59347 5.88662 -0.5
v 3.59347 5.88662 -0.5
v 3.37143 4.57653 -0.5
v 3.34385 7.1167 -0.5
v 0.65093 9.09664 -0.5
v -2.75812 7.95982 -0.5
v 3.59451 5.79801 -0.5
v 3.34385 7.1167 -0.5
v 3.56865 5.36848 -0.5
v 3.55794 6.31837 -0.5
v 3.37338 7.04123 -0.5
v 3.27965 7.26448 -0.5
v 3.55794 6.31837 -0.5
v 3.27965 7.26448 -0.5
v 3.56902 6.2336 -0.5
v 3.56902 6.2336 -0.5
v 3.59159 5.65274 -0.5
v 3.37338 7.04123 -0.5
v 3.54885 5.22979 -0.5
v 3.55794 6.31837 -0.5
v 3.56865 5.36848 -0.5
v 3.37143 4.57653 -0.5
v 2.8614 7.93456 -0.5
v 2.539 8.27536 -0.5
v 2.8614 7.93456 -0.5
v 2.16882 8.56458 -0.5
v 2.16882 8.56458 -0.5
v 2.81118 7.99475 -0.5
v 2.91015 7.87307 -0.5
v -3.44765 7.31414 -0.5
v 2.81118 7.99475 -0.5
v 2.23363 8.52016 -0.5
v 2.23363 8.52016 -0.5
v 2.35958 8.42671 -0.5
v 2.35958 8.42671 -0.5
v 2.539 8.27536 -0.5
v -3.18066 7.58764 -0.5
v 2.48049 8.32727 -0.5
v 2.48049 8.32727 -0.5
v 1.75563 8.79758 -0.5
v 1.75563 8.79758 -0.5
v 2.91015 7.87307 -0.5
v 2.59617 8.22202 -0.5
v -3.57633 7.17004 -0.5
v 1.82728 8.76285 -0.5
v 1.82728 8.76285 -0.5
v 2.91015 7.87307 -0.5
v 3.49439 6.6489 -0.5
v 3.49439 6.6489 -0.5
v 1.45862 8.9194 -0.5
v 2.48493 3.37077 -0.5
v 2.48493 3.37077 -0.5
v 2.48493 3.37077 -0.5
v 3.51312 6.56759 -0.5
v 3.00161 3.90017 -0.5
v 3.07414 4.00354 -0.5
v 3.54491 6.40231 -0.5
v 3.54491 6.40231 -0.5
v 1.60916 8.86196 -0.5
v 2.58015 3.44747 -0.5
v 1.68291 8.83062 -0.5
v 2.58015 3.44747 -0.5
v 2.67189 3.52897 -0.5
v 2.67189 3.52897 -0.5
v 2.58015 3.44747 -0.5
v 3.07414 4.00354 -0.5
v 3.07414 4.00354 -0.5
v 1.14601 9.0128 -0.5
v -0.25335 3.14665 -0.5
v 3.52996 6.48539 -0.5
v -0.25335 3.14665 -0.5
v 3.00161 3.90017 -0.5
v 1.22554 8.99219 -0.5
v 2.92501 3.80088 -0.5
v 2.92501 3.80088 -0.5
v 2.84444 3.70582 -0.5
v -0.34546 3.19011 -0.5
v 3.55794 6.31837 -0.5
v 3.55794 6.31837 -0.5
v 2.2845 3.23239 -0.5
v 3.58293 5.50951 -0.5
v 1.9673 8.6884 -0.5
v 3.00161 3.90017 -0.5
v 3.52996 6.48539 -0.5
v 1.12407 2.87886 -0.5
v 1.73078 2.98074 -0.5
v 1.12407 2.87886 -0.5
v -0.25335 3.14665 -0.5
v 1.75563 8.79758 -0.5
v 1.12407 2.87886 -0.5
v 1.12407 2.87886 -0.5
v 3.56902 6.2336 -0.5
v 2.07156 3.11498 -0.5
v -0.34546 3.19011 -0.5
v 1.61196 2.94774 -0.5
v 3.57814 6.14802 -0.5
v 2.07156 3.11498 -0.5
v -0.52077 3.28487 -0.5
v 2.17954 3.17099 -0.5
v 2.76002 3.61514 -0.5
v 1.73078 2.98074 -0.5
v 2.17954 3.17099 -0.5
v 1.3672 2.90023 -0.5
v 2.38634 3.29903 -0.5
v -0.25335 3.14665 -0.5
v 2.17954 3.17099 -0.5
v 3.56902 6.2336 -0.5
v 1.3672 2.90023 -0.5
v 2.76002 3.61514 -0.5
v 1.3672 2.90023 -0.5
v 1.89784 8.72645 -0.5
v 2.76002 3.61514 -0.5
v 0.14018 3.00178 -0.5
v 2.76002 3.61514 -0.5
v 3.00161 3.90017 -0.5
v 2.67189 3.52897 -0.5
v 2.07156 3.11498 -0.5
v 1.61196 2.94774 -0.5
v 3.58527 6.06165 -0.5
v 1.61196 2.94774 -0.5
v 1.61196 2.94774 -0.5
v 3.58527 6.06165 -0.5
v 1.2415 2.88601 -0.5
v 3.59347 5.88662 -0.5
v 3.59347 5.88662 -0.5
v 1.2415 2.88601 -0.5
v 1.2415 2.88601 -0.5
v 1.73078 2.98074 -0.5
v 1.53439 8.89155 -0.5
v 3.57814 6.14802 -0.5
v -0.52077 3.28487 -0.5
v 0.14018 3.00178 -0.5
v -0.06121 3.06818 -0.5
v -0.06121 3.06818 -0.5
v -0.43467 3.23623 -0.5
v 1.9607 3.06451 -0.5
v -0.43467 3.23623 -0.5
v -0.43467 3.23623 -0.5
v -0.06121 3.06818 -0.5
v -0.06121 3.06818 -0.5
v 2.23363 8.52016 -0.5
v 1.84707 3.01971 -0.5
v 3.59159 5.65274 -0.5
v 1.84707 3.01971 -0.5
v 3.59159 5.65274 -0.5
v -0.34546 3.19011 -0.5
v -0.52077 3.28487 -0.5
v 0.03843 3.03341 -0.5
v 1.9607 3.06451 -0.5
v 0.03843 3.03341 -0.5
v -0.43467 3.23623 -0.5
v 0.03843 3.03341 -0.5
v 1.49073 2.92085 -0.5
v 3.59038 5.97451 -0.5
v 1.49073 2.92085 -0.5
v 3.59038 5.97451 -0.5
v 1.49073 2.92085 -0.5
v 2.16882 8.56458 -0.5
v 1.9607 3.06451 -0.5
v 3.59451 5.79801 -0.5
v -0.15854 3.10596 -0.5
v 0.14018 3.00178 -0.5
v 2.2845 3.23239 -0.5
v -0.06121 3.06818 -0.5
v -0.06121 3.06818 -0.5
v 3.00319 7.74626 -0.5
v 2.2845 3.23239 -0.5
v 3.00319 7.74626 -0.5
v 3.4514 6.80874 -0.5
v -0.15854 3.10596 -0.5
v 2.38634 3.29903 -0.5
v 1.84707 3.01971 -0.5
v 0.03843 3.03341 -0.5
v 2.38634 3.29903 -0.5
v 2.38634 3.29903 -0.5
v -0.15854 3.10596 -0.5
v 1.82728 8.76285 -0.5
v -0.52077 3.28487 -0.5
v 3.59451 5.79801 -0.5
v -1.36595 8.78072 -0.5
v 3.09014 7.61449 -0.5
v 3.09014 7.61449 -0.5
v 3.42717 6.88722 -0.5
v 3.40116 6.96473 -0.5
v -1.20267 8.8427 -0.5
v 3.47381 6.72929 -0.5
v 3.27965 7.26448 -0.5
v 3.27965 7.26448 -0.5
v 2.95742 7.8103 -0.5
v 2.95742 7.8103 -0.5
v 3.27965 7.26448 -0.5
v 3.42717 6.88722 -0.5
v 3.3126 7.19113 -0.5
v 2.75953 8.05361 -0.5
v 2.75953 8.05361 -0.5
v 3.13127 7.5468 -0.5
v 3.1708 7.47793 -0.5
v 3.49439 6.6489 -0.5
v 3.54491 6.40231 -0.5
v 3.04744 7.68098 -0.5
v 3.04744 7.68098 -0.5
v -0.87259 8.94809 -0.5
v 3.40116 6.96473 -0.5
v -0.60358 3.33593 -0.5
v 2.70646 8.11112 -0.5
v 1.0068 2.87651 -0.5
v 3.49322 4.96001 -0.5
v 3.49322 4.96001 -0.5
v 2.59617 8.22202 -0.5
v 3.37143 4.57653 -0.5
v -1.07438 3.75056 -0.5
v 2.35958 8.42671 -0.5
v 1.0068 2.87651 -0.5
v 3.37143 4.57653 -0.5
v -1.07438 3.75056 -0.5
v 3.58293 5.50951 -0.5
v 3.58293 5.50951 -0.5
v 0.67382 2.89504 -0.5
v -1.07438 3.75056 -0.5
v 3.41698 4.70134 -0.5
v 0.78414 2.88483 -0.5
v -0.68289 3.38928 -0.5
v 0.78414 2.88483 -0.5
v 2.29723 8.47419 -0.5
v 0.78414 2.88483 -0.5
v -0.68289 3.38928 -0.5
v 0.67382 2.89504 -0.5
v -1.30648 4.23543 -0.5
v -0.68289 3.38928 -0.5
v -0.75852 3.44479 -0.5
v 3.41698 4.70134 -0.5
v 2.8614 7.93456 -0.5
v -0.60358 3.33593 -0.5
v -0.60358 3.33593 -0.5
v 2.84444 3.70582 -0.5
v -1.2905 4.16345 -0.5
v 3.26606 4.33668 -0.5
v -0.83025 3.50234 -0.5
v 3.26606 4.33668 -0.5
v 0.67382 2.89504 -0.5
v -0.83025 3.50234 -0.5
v -1.16801 3.88375 -0.5
v -1.20702 3.9522 -0.5
v 3.32108 4.45492 -0.5
v -0.83025 3.50234 -0.5
v -0.83025 3.50234 -0.5
v 2.84444 3.70582 -0.5
v -0.75852 3.44479 -0.5
v -0.75852 3.44479 -0.5
v 3.32108 4.45492 -0.5
v -1.31621 4.30799 -0.5
v 3.20649 4.22194 -0.5
v 2.539 8.27536 -0.5
v -1.2905 4.16345 -0.5
v -1.26846 4.09217 -0.5
v 3.14247 4.11084 -0.5
v 3.14247 4.11084 -0.5
v -1.31621 4.30799 -0.5
v 2.91015 7.87307 -0.5
v 3.04744 7.68098 -0.5
v -1.30648 4.23543 -0.5
v -1.23782 4.67647 -0.5
v -1.26846 4.09217 -0.5
v 3.20649 4.22194 -0.5
v -1.30648 4.23543 -0.5
v 3.00319 7.74626 -0.5
v -1.31621 4.30799 -0.5
v -1.24057 4.02171 -0.5
v -1.12373 3.8165 -0.5
v -1.12373 3.8165 -0.5
v 2.75953 8.05361 -0.5
v 2.92501 3.80088 -0.5
v -1.2668 4.62098 -0.5
v 2.48493 3.37077 -0.5
v 2.48493 3.37077 -0.5
v 3.07414 4.00354 -0.5
v 3.07414 4.00354 -0.5
v 3.00161 3.90017 -0.5
v 2.81118 7.99475 -0.5
v 3.09014 7.61449 -0.5
v -1.16202 4.77915 -0.5
v -1.20284 4.72934 -0.5
v -1.20702 3.9522 -0.5
v 2.92501 3.80088 -0.5
v 3.42717 6.88722 -0.5
v -1.16801 3.88375 -0.5
v -1.12373 3.8165 -0.5
v -1.16801 3.88375 -0.5
v 3.00161 3.90017 -0.5
v 2.92501 3.80088 -0.5
v 3.32108 4.45492 -0.5
v 3.26606 4.33668 -0.5
v 3.26606 4.33668 -0.5
v 3.56865 5.36848 -0.5
v 0.24386 2.97342 -0.5
v 3.42717 6.88722 -0.5
v 0.90216 9.06339 -0.5
v 3.59347 5.88662 -0.5
v 3.47381 6.72929 -0.5
v 3.47381 6.72929 -0.5
v 3.14247 4.11084 -0.5
v 3.32108 4.45492 -0.5
v 3.32108 4.45492 -0.5
v 1.38187 8.94547 -0.5
v 0.81921 9.07643 -0.5
v 2.84444 3.70582 -0.5
v 3.58293 5.50951 -0.5
v 3.58293 5.50951 -0.5
v 3.56865 5.36848 -0.5
v 3.40116 6.96473 -0.5
v 3.40116 6.96473 -0.5
v 3.4514 6.80874 -0.5
v 3.20649 4.22194 -0.5
v 3.45761 4.82922 -0.5
v 3.20649 4.22194 -0.5
v 3.45761 4.82922 -0.5
v 3.59451 5.79801 -0.5
v 3.20649 4.22194 -0.5
v 1.30417 8.96974 -0.5
v 3.45761 4.82922 -0.5
v 3.41698 4.70134 -0.5
v 1.06558 9.03156 -0.5
v 3.14247 4.11084 -0.5
v 3.59038 5.97451 -0.5
v 3.51312 6.56759 -0.5
v 3.49322 4.96001 -0.5
v 3.49322 4.96001 -0.5
v 3.49322 4.96001 -0.5
v 3.26606 4.33668 -0.5
v 2.84444 3.70582 -0.5
v 3.45761 4.82922 -0.5
v 0.98429 9.04842 -0.5
v 3.20649 4.22194 -0.5
v 3.4514 6.80874 -0.5
v 2.38634 3.29903 -0.5
v 2.38634 3.29903 -0.5
v 2.07156 3.11498 -0.5
v -1.3195 4.38101 -0.5
v -1.3195 4.38101 -0.5
v -1.16202 4.77915 -0.5
v -1.16202 4.77915 -0.5
v 3.34385 7.1167 -0.5
v -1.28961 4.56326 -0.5
v -1.20284 4.72934 -0.5
v 3.1708 7.47793 -0.5
v -1.28961 4.56326 -0.5
v 2.17954 3.17099 -0.5
v 2.17954 3.17099 -0.5
v -1.30611 4.50375 -0.5
v 3.13127 7.5468 -0.5
v -1.30611 4.50375 -0.5
v 2.2845 3.23239 -0.5
v 2.2845 3.23239 -0.5
v -1.31613 4.44286 -0.5
v -1.11553 4.82549 -0.5
v -1.11553 4.82549 -0.5
v 1.61196 2.94774 -0.5
v 1.61196 2.94774 -0.5
v -1.28961 4.56326 -0.5
v 3.4514 6.80874 -0.5
v 1.73078 2.98074 -0.5
v -0.80352 4.99054 -0.5
v 3.27965 7.26448 -0.5
v 3.3126 7.19113 -0.5
v -0.87599 4.96781 -0.5
v 1.12407 2.87886 -0.5
v 1.12407 2.87886 -0.5
v -0.87599 4.96781 -0.5
v -0.6446 5.01765 -0.5
v -0.6446 5.01765 -0.5
v -0.80352 4.99054 -0.5
v 1.73078 2.98074 -0.5
v 1.3672 2.90023 -0.5
v -0.72634 5.00729 -0.5
v 3.47381 6.72929 -0.5
v -0.72634 5.00729 -0.5
v -1.06352 4.86795 -0.5
v 1.3672 2.90023 -0.5
v 1.2415 2.88601 -0.5
v 1.84707 3.01971 -0.5
v 1.84707 3.01971 -0.5
v -1.06352 4.86795 -0.5
v 3.42717 6.88722 -0.5
v 1.2415 2.88601 -0.5
v -1.11553 4.82549 -0.5
v 2.48049 8.32727 -0.5
v 1.9607 3.06451 -0.5
v 1.9607 3.06451 -0.5
v -0.8979 3.56182 -0.5
v 3.56865 5.36848 -0.5
v -1.11553 4.82549 -0.5
v 3.40116 6.96473 -0.5
v 3.56865 5.36848 -0.5
v 0.34926 2.94844 -0.5
v 2.42068 8.37773 -0.5
v -0.8979 3.56182 -0.5
v 0.34926 2.94844 -0.5
v 0.34926 2.94844 -0.5
v 0.03843 3.03341 -0.5
v 0.24386 2.97342 -0.5
v 2.10281 8.60744 -0.5
v -1.02017 3.68605 -0.5
v 1.0068 2.87651 -0.5
v -1.02017 3.68605 -0.5
v 0.24386 2.97342 -0.5
v -0.15854 3.10596 -0.5
v -0.15854 3.10596 -0.5
v 0.56443 2.90913 -0.5
v 0.56443 2.90913 -0.5
v -0.96127 3.62309 -0.5
v -0.96127 3.62309 -0.5
v 3.54885 5.22979 -0.5
v 2.03563 8.64872 -0.5
v 3.52367 5.09359 -0.5
v 0.56443 2.90913 -0.5
v 3.52367 5.09359 -0.5
v -0.96127 3.62309 -0.5
v -1.02017 3.68605 -0.5
v 3.45761 4.82922 -0.5
v -0.8979 3.56182 -0.5
v 3.45761 4.82922 -0.5
v 0.8952 2.87861 -0.5
v 0.8952 2.87861 -0.5
v 0.8952 2.87861 -0.5
v -1.2905 4.16345 -0.5
v 3.54885 5.22979 -0.5
v 0.45618 2.92697 -0.5
v 0.45618 2.92697 -0.5
v 0.45618 2.92697 -0.5
v 0.45618 2.92697 -0.5
v 1.9607 3.06451 -0.5
v 2.652 8.16727 -0.5
v -0.72634 5.00729 -0.5
v -0.01871 4.93378 -0.5
v -0.72634 5.00729 -0.5
v -0.72634 5.00729 -0.5
v 3.58527 6.06165 -0.5
v -0.6446 5.01765 -0.5
v -0.01871 4.93378 -0.5
v 0.34926 2.94844 -0.5
v 0.34926 2.94844 -0.5
v 1.0068 2.87651 -0.5
v -0.4745 5.01801 -0.5
v 1.0068 2.87651 -0.5
v 3.52996 6.48539 -0.5
v -0.4745 5.01801 -0.5
v 0.24386 2.97342 -0.5
v 3.51312 6.56759 -0.5
v -0.6446 5.01765 -0.5
v 0.24386 2.97342 -0.5
v -0.55847 5.0212 -0.5
v -0.55847 5.0212 -0.5
v 0.67382 2.89504 -0.5
v 0.78414 2.88483 -0.5
v 0.67382 2.89504 -0.5
v -0.28895 4.99522 -0.5
v -0.28895 4.99522 -0.5
v -0.94359 4.93953 -0.5
v 0.8952 2.87861 -0.5
v -0.94359 4.93953 -0.5
v 0.8952 2.87861 -0.5
v 0.78414 2.88483 -0.5
v -0.38119 5.00861 -0.5
v 3.56902 6.2336 -0.5
v -0.28895 4.99522 -0.5
v 3.57814 6.14802 -0.5
v -0.34546 3.19011 -0.5
v 3.55794 6.31837 -0.5
v -0.34546 3.19011 -0.5
v -0.38119 5.00861 -0.5
v -0.25335 3.14665 -0.5
v -0.25335 3.14665 -0.5
v -1.00615 4.9061 -0.5
v 3.59038 5.97451 -0.5
v -0.52077 3.28487 -0.5
v -0.52077 3.28487 -0.5
v -0.55847 5.0212 -0.5
v -0.43467 3.23623 -0.5
v -0.43467 3.23623 -0.5
v 0.03843 3.03341 -0.5
v -0.55847 5.0212 -0.5
v -0.55847 5.0212 -0.5
v -0.55847 5.0212 -0.5
v -0.4745 5.01801 -0.5
v -0.4745 5.01801 -0.5
v 0.03843 3.03341 -0.5
v -0.55847 5.0212 -0.5
v 3.59159 5.65274 -0.5
v 3.59347 5.88662 -0.5
v -0.55847 5.0212 -0.5
v -0.55847 5.0212 -0.5
v 0.14018 3.00178 -0.5
v 0.14018 3.00178 -0.5
v -0.38119 5.00861 -0.5
v -0.55847 5.0212 -0.5
v -0.55847 5.0212 -0.5
v 3.59451 5.79801 -0.5
v -0.4745 5.01801 -0.5
v -0.4745 5.01801 -0.5
v -1.24057 4.02171 -0.5
v -1.2668 4.62098 -0.5
v 3.24502 7.33675 -0.5
v 2.76002 3.61514 -0.5
v 2.76002 3.61514 -0.5
v -0.4745 5.01801 -0.5
v -1.2668 4.62098 -0.5
v -1.31613 4.44286 -0.5
v -1.24057 4.02171 -0.5
v 2.07156 3.11498 -0.5
v 3.20873 7.40791 -0.5
v -1.3195 4.38101 -0.5
v -1.20702 3.9522 -0.5
v -1.20284 4.72934 -0.5
v 2.58015 3.44747 -0.5
v 2.95742 7.8103 -0.5
v 2.58015 3.44747 -0.5
v -1.23782 4.67647 -0.5
v -1.23782 4.67647 -0.5
v -1.30611 4.50375 -0.5
v 2.67189 3.52897 -0.5
v 2.67189 3.52897 -0.5
v 3.37338 7.04123 -0.5
v -1.31613 4.44286 -0.5
v -0.28895 4.99522 -0.5
v -1.07438 3.75056 -0.5
v -0.38119 5.00861 -0.5
v 3.45761 4.82922 -0.5
v 3.54885 5.22979 -0.5
v -0.8979 3.56182 -0.5
v -0.8979 3.56182 -0.5
v 3.52367 5.09359 -0.5
v -0.96127 3.62309 -0.5
v -0.96127 3.62309 -0.5
v -0.55847 5.0212 -0.5
v 3.58293 5.50951 -0.5
v -0.06121 3.06818 -0.5
v -0.55847 5.0212 -0.5
v -0.38119 5.00861 -0.5
v -0.06121 3.06818 -0.5
v 3.56865 5.36848 -0.5
v -0.15854 3.10596 -0.5
v -0.15854 3.10596 -0.5
v -0.72634 5.00729 -0.5
v -0.72634 5.00729 -0.5
v 1.39219 4.27184 -0.5
v 1.39219 4.27184 -0.5
v 1.7792 4.11529 -0.5
v 1.7792 4.11529 -0.5
v 1.7792 4.11529 -0.5
v 0.56443 2.90913 -0.5
v 1.65496 4.15595 -0.5
v -0.6446 5.01765 -0.5
v 1.45966 4.23923 -0.5
v 1.45966 4.23923 -0.5
v 1.83951 4.10023 -0.5
v 1.83951 4.10023 -0.5
v 1.71768 4.13396 -0.5
v 1.71768 4.13396 -0.5
v -0.6446 5.01765 -0.5
v 1.65496 4.15595 -0.5
v 0.34926 2.94844 -0.5
v -0.87599 4.96781 -0.5
v -0.80352 4.99054 -0.5
v -0.80352 4.99054 -0.5
v -0.87599 4.96781 -0.5
v 0.45618 2.92697 -0.5
v -1.30611 4.50375 -0.5
v 1.0373 4.45912 -0.5
v 1.73078 2.98074 -0.5
v 1.3672 2.90023 -0.5
v 1.65496 4.15595 -0.5
v 0.96285 4.49951 -0.5
v 1.61196 2.94774 -0.5
v 2.38634 3.29903 -0.5
v -1.28961 4.56326 -0.5
v -1.28961 4.56326 -0.5
v 1.12407 2.87886 -0.5
v 0.96285 4.49951 -0.5
v 0.96285 4.49951 -0.5
v 0.96285 4.49951 -0.5
v 1.0373 4.45912 -0.5
v 0.40982 4.77683 -0.5
v 1.9607 3.06451 -0.5
v 0.15601 4.87783 -0.5
v 1.0373 4.45912 -0.5
v 1.0373 4.45912 -0.5
v 1.49073 2.92085 -0.5
v -1.16202 4.77915 -0.5
v 1.49073 2.92085 -0.5
v 0.56443 2.90913 -0.5
v 0.56443 2.90913 -0.5
v 1.84707 3.01971 -0.5
v 1.25373 4.34272 -0.5
v -0.94359 4.93953 -0.5
v -0.94359 4.93953 -0.5
v -0.80352 4.99054 -0.5
v -0.80352 4.99054 -0.5
v 0.81051 4.58108 -0.5
v 1.25373 4.34272 -0.5
v 0.81051 4.58108 -0.5
v -0.80352 4.99054 -0.5
v -0.87599 4.96781 -0.5
v 0.24172 4.84617 -0.5
v 0.88725 4.54026 -0.5
v -0.87599 4.96781 -0.5
v 0.45618 2.92697 -0.5
v 0.81051 4.58108 -0.5
v 0.45618 2.92697 -0.5
v 0.81051 4.58108 -0.5
v -0.87599 4.96781 -0.5
v -1.06352 4.86795 -0.5
v -1.00615 4.9061 -0.5
v 1.1106 4.41934 -0.5
v -1.20284 4.72934 -0.5
v -1.00615 4.9061 -0.5
v 3.54491 6.40231 -0.5
v 0.24172 4.84617 -0.5
v 0.88725 4.54026 -0.5
v 0.88725 4.54026 -0.5
v 2.07156 3.11498 -0.5
v -1.31613 4.44286 -0.5
v -1.31613 4.44286 -0.5
v -0.19779 4.9781 -0.5
v -1.20284 4.72934 -0.5
v -0.10771 4.95753 -0.5
v -0.10771 4.95753 -0.5
v 0.32633 4.81241 -0.5
v 0.32633 4.81241 -0.5
v 1.32355 4.30643 -0.5
v 1.1106 4.41934 -0.5
v -0.72634 5.00729 -0.5
v 1.18275 4.38045 -0.5
v -1.30611 4.50375 -0.5
v -1.00615 4.9061 -0.5
v 1.32355 4.30643 -0.5
v -1.16202 4.77915 -0.5
v 0.88725 4.54026 -0.5
v 1.2415 2.88601 -0.5
v 1.32355 4.30643 -0.5
v 1.1106 4.41934 -0.5
v -0.19779 4.9781 -0.5
v 1.25373 4.34272 -0.5
v 0.0692 4.90712 -0.5
v -0.6446 5.01765 -0.5
v -0.6446 5.01765 -0.5
v -0.6446 5.01765 -0.5
v 2.2845 3.23239 -0.5
v 3.49439 6.6489 -0.5
v -1.2668 4.62098 -0.5
v -0.6446 5.01765 -0.5
v -1.2668 4.62098 -0.5
v -0.6446 5.01765 -0.5
v 0.65362 4.66187 -0.5
v 0.15601 4.87783 -0.5
v 0.65362 4.66187 -0.5
v 0.0692 4.90712 -0.5
v -1.12373 3.8165 -0.5
v -1.12373 3.8165 -0.5
v 0.24172 4.84617 -0.5
v 2.92501 3.80088 -0.5
v 0.24172 4.84617 -0.5
v 2.84444 3.70582 -0.5
v 0.15601 4.87783 -0.5
v -1.16801 3.88375 -0.5
v -1.16801 3.88375 -0.5
v -1.20702 3.9522 -0.5
v 3.32108 4.45492 -0.5
v 0.0692 4.90712 -0.5
v -1.31621 4.30799 -0.5
v -0.10771 4.95753 -0.5
v 0.73263 4.62171 -0.5
v -0.10771 4.95753 -0.5
v 0.73263 4.62171 -0.5
v 0.65362 4.66187 -0.5
v -1.31621 4.30799 -0.5
v 0.73263 4.62171 -0.5
v 0.65362 4.66187 -0.5
v 0.73263 4.62171 -0.5
v 3.00161 3.90017 -0.5
v -0.01871 4.93378 -0.5
v 0.49221 4.7397 -0.5
v -0.10771 4.95753 -0.5
v 0.57347 4.70129 -0.5
v -0.19779 4.9781 -0.5
v 0.49221 4.7397 -0.5
v -1.2905 4.16345 -0.5
v -1.2905 4.16345 -0.5
v -1.26846 4.09217 -0.5
v 3.14247 4.11084 -0.5
v -0.19779 4.9781 -0.5
v -0.01871 4.93378 -0.5
v -1.30648 4.23543 -0.5
v 0.57347 4.70129 -0.5
v 0.57347 4.70129 -0.5
v -1.30648 4.23543 -0.5
v -0.75852 3.44479 -0.5
v -0.75852 3.44479 -0.5
v 0.57347 4.70129 -0.5
v 0.49221 4.7397 -0.5
v -0.19779 4.9781 -0.5
v 0.49221 4.7397 -0.5
v 3.26606 4.33668 -0.5
v 0.49221 4.7397 -0.5
v 3.20649 4.22194 -0.5
v -1.26846 4.09217 -0.5
v 0.0692 4.90712 -0.5
v -0.83025 3.50234 -0.5
v -0.83025 3.50234 -0.5
v -0.60358 3.33593 -0.5
v -0.60358 3.33593 -0.5
v 3.41698 4.70134 -0.5
v -0.68289 3.38928 -0.5
v -0.68289 3.38928 -0.5
v 3.37143 4.57653 -0.5
v 3.49322 4.96001 -0.5
v -1.07438 3.75056 -0.5
v -1.02017 3.68605 -0.5
v -1.02017 3.68605 -0.5
v -0.19779 4.9781 -0.5
v 1.52595 4.20886 -0.5
v -0.10771 4.95753 -0.5
v 0.8952 2.87861 -0.5
v 1.39219 4.27184 -0.5
v -1.00615 4.9061 -0.5
v -1.06352 4.86795 -0.5
v -1.06352 4.86795 -0.5
v 1.52595 4.20886 -0.5
v 1.83951 4.10023 -0.5
v 0.24386 2.97342 -0.5
v 0.78414 2.88483 -0.5
v 1.49073 2.92085 -0.5
v -1.00615 4.9061 -0.5
v 1.83951 4.10023 -0.5
v 1.52595 4.20886 -0.5
v 1.0068 2.87651 -0.5
v 1.59105 4.18101 -0.5
v 1.59105 4.18101 -0.5
v -1.11553 4.82549 -0.5
v -1.11553 4.82549 -0.5
v -1.2668 4.62098 -0.5
v 1.71768 4.13396 -0.5
v 1.71768 4.13396 -0.5
v 2.52214 4.63912 -0.5
v -1.24057 4.02171 -0.5
v 2.52214 4.63912 -0.5
v -1.23782 4.67647 -0.5
v 2.44649 4.48089 -0.5
v 2.44649 4.48089 -0.5
v 2.49809 4.5847 -0.5
v -1.16801 3.88375 -0.5
v 2.47286 4.53188 -0.5
v 2.47286 4.53188 -0.5
v 1.65496 4.15595 -0.5
v -1.20702 3.9522 -0.5
v 2.58674 4.80981 -0.5
v 1.0373 4.45912 -0.5
v 2.6056 4.86845 -0.5
v -1.12373 3.8165 -0.5
v 2.56651 4.75189 -0.5
v 0.96285 4.49951 -0.5
v 0.96285 4.49951 -0.5
v 2.44649 4.48089 -0.5
v 2.58674 4.80981 -0.5
v 2.54496 4.69492 -0.5
v 2.54496 4.69492 -0.5
v 2.26687 4.22543 -0.5
v 1.0373 4.45912 -0.5
v 0.81051 4.58108 -0.5
v 2.56651 4.75189 -0.5
v 0.81051 4.58108 -0.5
v 2.6056 4.86845 -0.5
v -1.30648 4.23543 -0.5
v 2.6056 4.86845 -0.5
v 2.29913 4.2609 -0.5
v 0.88725 4.54026 -0.5
v 2.58674 4.80981 -0.5
v 0.88725 4.54026 -0.5
v -1.31621 4.30799 -0.5
v 2.26687 4.22543 -0.5
v 1.32355 4.30643 -0.5
v -0.83025 3.50234 -0.5
v 1.1106 4.41934 -0.5
v 1.25373 4.34272 -0.5
v 1.25373 4.34272 -0.5
v -1.2905 4.16345 -0.5
v -1.26846 4.09217 -0.5
v 2.29913 4.2609 -0.5
v 2.54496 4.69492 -0.5
v 2.19991 4.16477 -0.5
v 2.39051 4.38524 -0.5
v 2.19991 4.16477 -0.5
v -0.75852 3.44479 -0.5
v 2.23378 4.19331 -0.5
v 2.23378 4.19331 -0.5
v 1.1106 4.41934 -0.5
v 2.17954 3.17099 -0.5
v 1.18275 4.38045 -0.5
v 0.15601 4.87783 -0.5
v 1.18275 4.38045 -0.5
v 0.15601 4.87783 -0.5
v 2.58015 3.44747 -0.5
v -1.3195 4.38101 -0.5
v -1.3195 4.38101 -0.5
v -1.23782 4.67647 -0.5
v -1.23782 4.67647 -0.5
v 2.48493 3.37077 -0.5
v 3.07414 4.00354 -0.5
v 1.18275 4.38045 -0.5
v 0.32633 4.81241 -0.5
v 0.32633 4.81241 -0.5
v -1.24057 4.02171 -0.5
v 2.76002 3.61514 -0.5
v -1.20702 3.9522 -0.5
v 0.40982 4.77683 -0.5
v 2.67189 3.52897 -0.5
v 0.40982 4.77683 -0.5
v 0.40982 4.77683 -0.5
v -1.24057 4.02171 -0.5
v -0.28895 4.99522 -0.5
v 0.73263 4.62171 -0.5
v 0.73263 4.62171 -0.5
v 2.361 4.34102 -0.5
v -0.06121 3.06818 -0.5
v -0.8979 3.56182 -0.5
v 1.98278 4.08078 -0.5
v 0.65362 4.66187 -0.5
v 0.65362 4.66187 -0.5
v -0.28895 4.99522 -0.5
v 0.49221 4.7397 -0.5
v -0.28895 4.99522 -0.5
v -0.15854 3.10596 -0.5
v 2.13 4.11927 -0.5
v 2.13 4.11927 -0.5
v 2.0204 4.08329 -0.5
v 1.89861 4.08905 -0.5
v 1.89861 4.08905 -0.5
v 0.57347 4.70129 -0.5
v 0.57347 4.70129 -0.5
v 2.1653 4.14002 -0.5
v 1.9565 4.08201 -0.5
v 1.9565 4.08201 -0.5
v 1.9565 4.08201 -0.5
v 2.0204 4.08329 -0.5
v -0.38119 5.00861 -0.5
v 0.14018 3.00178 -0.5
v -0.38119 5.00861 -0.5
v 2.33052 4.2995 -0.5
v 1.9565 4.08201 -0.5
v 0.03843 3.03341 -0.5
v 0.49221 4.7397 -0.5
v 1.89861 4.08905 -0.5
v 2.1653 4.14002 -0.5
v 1.9565 4.08201 -0.5
v -0.52077 3.28487 -0.5
v -0.55847 5.0212 -0.5
v 1.89861 4.08905 -0.5
v -0.43467 3.23623 -0.5
v -0.55847 5.0212 -0.5
v 1.9565 4.08201 -0.5
v -0.25335 3.14665 -0.5
v -0.01871 4.93378 -0.5
v -0.01871 4.93378 -0.5
v -0.4745 5.01801 -0.5
v -0.4745 5.01801 -0.5
v 2.09405 4.10276 -0.5
v -0.34546 3.19011 -0.5
v 0.0692 4.90712 -0.5
v 0.0692 4.90712 -0.5
v 2.0575 4.09069 -0.5
v 2.1653 4.14002 -0.5
v 2.0575 4.09069 -0.5
v 2.09405 4.10276 -0.5
v -0.94359 4.93953 -0.5
v -0.94359 4.93953 -0.5
v -0.10771 4.95753 -0.5
v 1.7792 4.11529 -0.5
v -0.19779 4.9781 -0.5
v 0.67382 2.89504 -0.5
v 2.63908 4.98705 -0.5
v -1.28961 4.56326 -0.5
v 2.67796 5.16494 -0.5
v 1.39219 4.27184 -0.5
v 1.39219 4.27184 -0.5
v 1.83951 4.10023 -0.5
v 1.83951 4.10023 -0.5
v -1.20284 4.72934 -0.5
v 1.59105 4.18101 -0.5
v 1.59105 4.18101 -0.5
v 2.68772 5.22336 -0.5
v 1.7792 4.11529 -0.5
v -1.31613 4.44286 -0.5
v 1.7792 4.11529 -0.5
v -1.3195 4.38101 -0.5
v 0.04071 7.9198 -0.5
v 1.52595 4.20886 -0.5
v 1.52595 4.20886 -0.5
v 2.70217 5.33756 -0.5
v 1.54004 7.64981 -0.5
v 1.54004 7.64981 -0.5
v 2.70217 5.33756 -0.5
v 1.54004 7.64981 -0.5
v 2.67796 5.16494 -0.5
v 2.46853 6.68738 -0.5
v 1.82358 7.4745 -0.5
v 0.04071 7.9198 -0.5
v 2.67796 5.16494 -0.5
v 1.45966 4.23923 -0.5
v 1.45966 4.23923 -0.5
v 0.04071 7.9198 -0.5
v 1.65496 4.15595 -0.5
v 2.49809 4.5847 -0.5
v -1.16202 4.77915 -0.5
v 1.63775 7.59615 -0.5
v 1.82358 7.4745 -0.5
v 2.49809 4.5847 -0.5
v 2.5614 6.4584 -0.5
v 2.46853 6.68738 -0.5
v 2.68772 5.22336 -0.5
v 2.68772 5.22336 -0.5
v 0.49221 4.7397 -0.5
v 2.49809 4.5847 -0.5
v 2.49809 4.5847 -0.5
v 2.5614 6.4584 -0.5
v 2.67796 5.16494 -0.5
v 2.59996 6.33644 -0.5
v 1.63775 7.59615 -0.5
v 0.15601 4.87783 -0.5
v 0.73263 4.62171 -0.5
v 2.59996 6.33644 -0.5
v 2.35575 6.89654 -0.5
v 2.44649 4.48089 -0.5
v 2.51754 6.57537 -0.5
v 2.35575 6.89654 -0.5
v 1.63775 7.59615 -0.5
v 2.52214 4.63912 -0.5
v 2.52214 4.63912 -0.5
v 0.57347 4.70129 -0.5
v 2.44649 4.48089 -0.5
v 2.22441 7.08602 -0.5
v 2.59996 6.33644 -0.5
v 2.58674 4.80981 -0.5
v 2.58674 4.80981 -0.5
v 2.41455 6.79443 -0.5
v -0.4745 5.01801 -0.5
v 2.47286 4.53188 -0.5
v 2.47286 4.53188 -0.5
v 2.22441 7.08602 -0.5
v -0.28895 4.99522 -0.5
v 2.7073 5.65124 -0.5
v 2.54496 4.69492 -0.5
v 2.54496 4.69492 -0.5
v 2.7073 5.65124 -0.5
v 2.29232 6.99373 -0.5
v 2.6056 4.86845 -0.5
v 2.35575 6.89654 -0.5
v -0.38119 5.00861 -0.5
v 2.5614 6.4584 -0.5
v 2.29232 6.99373 -0.5
v 2.41455 6.79443 -0.5
v 2.71051 5.49901 -0.5
v 2.6056 4.86845 -0.5
v 2.71051 5.49901 -0.5
v 2.29913 4.2609 -0.5
v 2.41455 6.79443 -0.5
v 2.22441 7.08602 -0.5
v 2.70677 5.39291 -0.5
v -0.19779 4.9781 -0.5
v 2.70956 5.4468 -0.5
v 2.70956 5.4468 -0.5
v 2.26687 4.22543 -0.5
v 2.56651 4.75189 -0.5
v 2.56651 4.75189 -0.5
v -0.01871 4.93378 -0.5
v 2.70677 5.39291 -0.5
v 2.26687 4.22543 -0.5
v -0.55847 5.0212 -0.5
v 0.0692 4.90712 -0.5
v 1.32355 4.30643 -0.5
v 2.33052 4.2995 -0.5
v 2.33052 4.2995 -0.5
v 0.32633 4.81241 -0.5
v -1.07438 3.75056 -0.5
v 2.39051 4.38524 -0.5
v 2.29913 4.2609 -0.5
v -0.60358 3.33593 -0.5
v 0.40982 4.77683 -0.5
v 0.40982 4.77683 -0.5
v -0.68289 3.38928 -0.5
v 1.18275 4.38045 -0.5
v 2.41903 4.43193 -0.5
v 1.18275 4.38045 -0.5
v 0.15601 4.87783 -0.5
v 0.15601 4.87783 -0.5
v 2.41903 4.43193 -0.5
v -0.96127 3.62309 -0.5
v 2.66049 6.07749 -0.5
v 0.24172 4.84617 -0.5
v 0.24172 4.84617 -0.5
v 2.361 4.34102 -0.5
v 2.33052 4.2995 -0.5
v 2.361 4.34102 -0.5
v -1.02017 3.68605 -0.5
v 2.23378 4.19331 -0.5
v 2.63304 6.20947 -0.5
v -0.6446 5.01765 -0.5
v 0.32633 4.81241 -0.5
v 2.68772 5.22336 -0.5
v -0.80352 4.99054 -0.5
v 2.68212 5.94046 -0.5
v 2.0204 4.08329 -0.5
v 2.0204 4.08329 -0.5
v 1.89861 4.08905 -0.5
v -1.11553 4.82549 -0.5
v 2.69778 5.79839 -0.5
v 2.361 4.34102 -0.5
v 2.361 4.34102 -0.5
v 1.98278 4.08078 -0.5
v 1.98278 4.08078 -0.5
v 1.9565 4.08201 -0.5
v 1.9565 4.08201 -0.5
v 2.6958 5.28097 -0.5
v -0.72634 5.00729 -0.5
v 1.89861 4.08905 -0.5
v 2.70217 5.33756 -0.5
v 2.1653 4.14002 -0.5
v -0.87599 4.96781 -0.5
v 2.66657 5.10594 -0.5
v 2.70217 5.33756 -0.5
v 2.13 4.11927 -0.5
v 2.13 4.11927 -0.5
v 2.09405 4.10276 -0.5
v 2.09405 4.10276 -0.5
v 2.66657 5.10594 -0.5
v 2.62307 4.92761 -0.5
v 2.62307 4.92761 -0.5
v 2.6958 5.28097 -0.5
v 2.65359 5.04657 -0.5
v 2.0575 4.09069 -0.5
v 2.0575 4.09069 -0.5
v 2.1653 4.14002 -0.5
v 2.66657 5.10594 -0.5
v -1.30611 4.50375 -0.5
v 2.67796 5.16494 -0.5
v 2.63908 4.98705 -0.5
v 2.65359 5.04657 -0.5
v 2.63908 4.98705 -0.5
v -3.23715 5.90814 -0.5
v -3.59691 5.15403 -0.5
v -2.45594 6.83335 -0.5
v 2.62307 4.92761 -0.5
v 2.62307 4.92761 -0.5
v 2.66657 5.10594 -0.5
v 1.73232 7.53772 -0.5
v 1.73232 7.53772 -0.5
v -2.45594 6.83335 -0.5
v -2.45594 6.83335 -0.5
v 1.82358 7.4745 -0.5
v -3.23715 5.90814 -0.5
v -3.59691 5.15403 -0.5
v -1.8193 7.30293 -0.5
v -2.38051 6.89869 -0.5
v -2.22579 7.02375 -0.5
v -2.38051 6.89869 -0.5
v -2.38051 6.89869 -0.5
v -1.56433 7.44697 -0.5
v 2.66657 5.10594 -0.5
v 1.1106 4.41934 -0.5
v -2.30377 6.96216 -0.5
v 1.91136 7.40648 -0.5
v 1.91136 7.40648 -0.5
v -3.12506 6.07995 -0.5
v 0.65362 4.66187 -0.5
v -3.18212 5.9949 -0.5
v -3.56033 5.25401 -0.5
v -2.22579 7.02375 -0.5
v -3.06603 6.16327 -0.5
v -3.06603 6.16327 -0.5
v 1.9955 7.33364 -0.5
v -3.23715 5.90814 -0.5
v 1.9955 7.33364 -0.5
v 0.40982 4.77683 -0.5
v -3.56033 5.25401 -0.5
v -3.18212 5.9949 -0.5
v -3.18212 5.9949 -0.5
v -3.56033 5.25401 -0.5
v 2.63908 4.98705 -0.5
v 2.63908 4.98705 -0.5
v -2.38051 6.89869 -0.5
v 1.73232 7.53772 -0.5
v -0.04841 7.91189 -0.5
v -0.04841 7.91189 -0.5
v 2.19991 4.16477 -0.5
v 0.12945 7.92547 -0.5
v 2.29913 4.2609 -0.5
v 1.9955 7.33364 -0.5
v 1.9955 7.33364 -0.5
v -0.04841 7.91189 -0.5
v 0.24172 4.84617 -0.5
v 1.9955 7.33364 -0.5
v 2.51754 6.57537 -0.5
v -2.22579 7.02375 -0.5
v -3.52123 5.35238 -0.5
v 2.51754 6.57537 -0.5
v -3.52123 5.35238 -0.5
v -3.52123 5.35238 -0.5
v 2.6958 5.28097 -0.5
v 2.6958 5.28097 -0.5
v -3.12506 6.07995 -0.5
v -3.06603 6.16327 -0.5
v 0.32633 4.81241 -0.5
v 2.1522 7.17343 -0.5
v 2.1522 7.17343 -0.5
v 2.39051 4.38524 -0.5
v 1.91136 7.40648 -0.5
v 1.73232 7.53772 -0.5
v 1.91136 7.40648 -0.5
v 2.23378 4.19331 -0.5
v 0.12945 7.92547 -0.5
v 1.91136 7.40648 -0.5
v 1.82358 7.4745 -0.5
v 1.01019 7.84715 -0.5
v 1.82358 7.4745 -0.5
v 1.73232 7.53772 -0.5
v -0.67806 7.7948 -0.5
v 2.41903 4.43193 -0.5
v 2.07584 7.25596 -0.5
v 2.07584 7.25596 -0.5
v 1.98278 4.08078 -0.5
v 2.1522 7.17343 -0.5
v 1.63775 7.59615 -0.5
v 1.63775 7.59615 -0.5
v -0.76812 7.76941 -0.5
v -0.49773 7.83914 -0.5
v 1.01019 7.84715 -0.5
v 1.01019 7.84715 -0.5
v -0.49773 7.83914 -0.5
v -0.58791 7.81804 -0.5
v 1.9565 4.08201 -0.5
v -0.67806 7.7948 -0.5
v 2.33052 4.2995 -0.5
v 1.54004 7.64981 -0.5
v 0.78208 7.89328 -0.5
v -0.67806 7.7948 -0.5
v 0.78208 7.89328 -0.5
v 1.54004 7.64981 -0.5
v 0.78208 7.89328 -0.5
v -0.76812 7.76941 -0.5
v -0.76812 7.76941 -0.5
v 0.89712 7.87254 -0.5
v 2.361 4.34102 -0.5
v 1.89861 4.08905 -0.5
v 1.22972 7.78234 -0.5
v 2.51754 6.57537 -0.5
v 2.51754 6.57537 -0.5
v 0.89712 7.87254 -0.5
v 0.89712 7.87254 -0.5
v 1.12111 7.81709 -0.5
v -0.58791 7.81804 -0.5
v 2.0204 4.08329 -0.5
v -0.76812 7.76941 -0.5
v -0.58791 7.81804 -0.5
v -1.39075 7.53299 -0.5
v 2.5614 6.4584 -0.5
v 2.35575 6.89654 -0.5
v 1.22972 7.78234 -0.5
v 1.43935 7.69872 -0.5
v 2.13 4.11927 -0.5
v -0.3175 7.87482 -0.5
v 2.59996 6.33644 -0.5
v 2.59996 6.33644 -0.5
v 1.12111 7.81709 -0.5
v -0.40757 7.85807 -0.5
v 2.46853 6.68738 -0.5
v -0.49773 7.83914 -0.5
v 2.46853 6.68738 -0.5
v 2.63304 6.20947 -0.5
v 2.23378 4.19331 -0.5
v 2.23378 4.19331 -0.5
v -0.94359 4.93953 -0.5
v 2.66049 6.07749 -0.5
v 2.66049 6.07749 -0.5
v 2.63304 6.20947 -0.5
v 2.7073 5.65124 -0.5
v 2.29232 6.99373 -0.5
v -0.10771 4.95753 -0.5
v 2.29913 4.2609 -0.5
v 2.19991 4.16477 -0.5
v 2.19991 4.16477 -0.5
v 2.71051 5.49901 -0.5
v 2.41903 4.43193 -0.5
v 2.68212 5.94046 -0.5
v -1.06352 4.86795 -0.5
v 2.6958 5.28097 -0.5
v 2.39051 4.38524 -0.5
v 2.69778 5.79839 -0.5
v 2.39051 4.38524 -0.5
v 2.70677 5.39291 -0.5
v 2.69778 5.79839 -0.5
v 1.83951 4.10023 -0.5
v -1.9026 7.25097 -0.5
v -1.30306 7.57297 -0.5
v 0.42678 7.92773 -0.5
v -1.30306 7.57297 -0.5
v 0.21773 7.92888 -0.5
v 0.3055 7.93002 -0.5
v 0.66523 7.90937 -0.5
v -2.06632 7.14121 -0.5
v -2.06632 7.14121 -0.5
v -0.85802 7.74191 -0.5
v 2.33052 4.2995 -0.5
v 0.42678 7.92773 -0.5
v -1.00615 4.9061 -0.5
v 2.68212 5.94046 -0.5
v 2.41903 4.43193 -0.5
v 0.66523 7.90937 -0.5
v 0.54674 7.92085 -0.5
v 2.71051 5.49901 -0.5
v 1.71768 4.13396 -0.5
v -1.12617 7.64677 -0.5
v -1.12617 7.64677 -0.5
v -1.03711 7.68057 -0.5
v 0.66523 7.90937 -0.5
v -1.9026 7.25097 -0.5
v -1.9026 7.25097 -0.5
v -1.98497 7.19706 -0.5
v 0.54674 7.92085 -0.5
v -1.03711 7.68057 -0.5
v -2.14662 7.08343 -0.5
v -1.03711 7.68057 -0.5
v 0.42678 7.92773 -0.5
v -0.9477 7.71229 -0.5
v -2.14662 7.08343 -0.5
v 1.65496 4.15595 -0.5
v -0.85802 7.74191 -0.5
v -1.73511 7.35292 -0.5
v 2.63304 6.20947 -0.5
v -1.73511 7.35292 -0.5
v 2.7073 5.65124 -0.5
v 0.3055 7.93002 -0.5
v -0.9477 7.71229 -0.5
v -0.9477 7.71229 -0.5
v 0.54674 7.92085 -0.5
v 2.7073 5.65124 -0.5
v -1.98497 7.19706 -0.5
v -1.98497 7.19706 -0.5
v -0.85802 7.74191 -0.5
v 0.96285 4.49951 -0.5
v 2.71051 5.49901 -0.5
v -2.67379 6.62624 -0.5
v -2.67379 6.62624 -0.5
v -2.74338 6.55354 -0.5
v -1.73511 7.35292 -0.5
v -1.73511 7.35292 -0.5
v 0.88725 4.54026 -0.5
v 2.70956 5.4468 -0.5
v 2.70956 5.4468 -0.5
v -1.8193 7.30293 -0.5
v -1.8193 7.30293 -0.5
v 1.0373 4.45912 -0.5
v -2.67379 6.62624 -0.5
v 2.70677 5.39291 -0.5
v 2.70677 5.39291 -0.5
v 0.81051 4.58108 -0.5
v -1.6501 7.40094 -0.5
v 2.63304 6.20947 -0.5
v 1.32355 4.30643 -0.5
v -1.56433 7.44697 -0.5
v -2.74338 6.55354 -0.5
v -1.6501 7.40094 -0.5
v -2.67379 6.62624 -0.5
v -1.56433 7.44697 -0.5
v 2.66049 6.07749 -0.5
v 2.66049 6.07749 -0.5
v -2.74338 6.55354 -0.5
v -2.60264 6.69711 -0.5
v -3.59691 5.15403 -0.5
v 2.68212 5.94046 -0.5
v 1.18275 4.38045 -0.5
v 2.68212 5.94046 -0.5
v -2.60264 6.69711 -0.5
v 2.65359 5.04657 -0.5
v 2.65359 5.04657 -0.5
v -2.53 6.76616 -0.5
v 2.69778 5.79839 -0.5
v -2.60264 6.69711 -0.5
v -2.53 6.76616 -0.5
v 1.25373 4.34272 -0.5
v 2.69778 5.79839 -0.5
v -1.6501 7.40094 -0.5
v -2.53 6.76616 -0.5
v -3.47629 2.08955 -0.5
v -3.47629 2.08955 -0.5
v -3.78404 3.2585 -0.5
v -1.03711 7.68057 -0.5
v -1.47786 7.49099 -0.5
v 2.56651 4.75189 -0.5
v -3.35435 1.83742 -0.5
v -3.54817 2.26656 -0.5
v -1.21484 7.6109 -0.5
v -1.21484 7.6109 -0.5
v 2.26687 4.22543 -0.5
v 2.6056 4.86845 -0.5
v -3.35435 1.83742 -0.5
v -3.78404 3.2585 -0.5
v -3.39683 1.91968 -0.5
v -3.78404 3.2585 -0.5
v -3.736 2.94224 -0.5
v -3.39683 1.91968 -0.5
v -3.75427 3.04588 -0.5
v -3.39683 1.91968 -0.5
v -3.51319 2.17717 -0.5
v -1.39075 7.53299 -0.5
v -1.39075 7.53299 -0.5
v 2.54496 4.69492 -0.5
v -3.51319 2.17717 -0.5
v -1.47786 7.49099 -0.5
v 2.07584 7.25596 -0.5
v 2.07584 7.25596 -0.5
v -2.30377 6.96216 -0.5
v 2.5614 6.4584 -0.5
v -2.94228 6.32469 -0.5
v -3.00508 6.24486 -0.5
v 0.78208 7.89328 -0.5
v 0.78208 7.89328 -0.5
v -3.00508 6.24486 -0.5
v -2.94228 6.32469 -0.5
v -2.94228 6.32469 -0.5
v -0.85802 7.74191 -0.5
v -3.51319 2.17717 -0.5
v -3.54817 2.26656 -0.5
v -1.30306 7.57297 -0.5
v -1.30306 7.57297 -0.5
v -0.85802 7.74191 -0.5
v -1.03711 7.68057 -0.5
v -3.54817 2.26656 -0.5
v -0.9477 7.71229 -0.5
v -0.9477 7.71229 -0.5
v 2.1522 7.17343 -0.5
v -3.43749 2.00372 -0.5
v -3.12506 6.07995 -0.5
v -3.47967 5.44913 -0.5
v -2.30377 6.96216 -0.5
v 2.1522 7.17343 -0.5
v -3.77739 4.41037 -0.5
v -2.81137 6.47905 -0.5
v -3.77739 4.41037 -0.5
v -2.87769 6.40276 -0.5
v -2.87769 6.40276 -0.5
v 1.22972 7.78234 -0.5
v 1.22972 7.78234 -0.5
v -3.77739 4.41037 -0.5
v -3.52123 5.35238 -0.5
v -3.73992 4.63054 -0.5
v -3.73992 4.63054 -0.5
v 1.12111 7.81709 -0.5
v -3.73992 4.63054 -0.5
v 1.12111 7.81709 -0.5
v 2.71051 5.49901 -0.5
v 1.01019 7.84715 -0.5
v -3.00508 6.24486 -0.5
v -3.79164 4.29803 -0.5
v -3.79164 4.29803 -0.5
v -2.81137 6.47905 -0.5
v -3.79164 4.29803 -0.5
v -3.43572 5.54425 -0.5
v 1.01019 7.84715 -0.5
v 0.89712 7.87254 -0.5
v 2.41455 6.79443 -0.5
v 0.89712 7.87254 -0.5
v -3.00508 6.24486 -0.5
v -2.81137 6.47905 -0.5
v -2.87769 6.40276 -0.5
v -3.43572 5.54425 -0.5
v -3.71684 4.73834 -0.5
v 0.04071 7.9198 -0.5
v -0.04841 7.91189 -0.5
v -0.04841 7.91189 -0.5
v -3.71684 4.73834 -0.5
v -3.43572 5.54425 -0.5
v 2.66049 6.07749 -0.5
v 2.70956 5.4468 -0.5
v -3.71684 4.73834 -0.5
v -3.63091 5.05247 -0.5
v 0.21773 7.92888 -0.5
v -3.79547 3.36746 -0.5
v 2.63304 6.20947 -0.5
v -3.29008 5.81968 -0.5
v -3.63091 5.05247 -0.5
v -3.34086 5.72954 -0.5
v -3.29008 5.81968 -0.5
v -3.63091 5.05247 -0.5
v -3.79547 3.36746 -0.5
v -3.47967 5.44913 -0.5
v -3.76013 4.52121 -0.5
v -3.76013 4.52121 -0.5
v 2.7073 5.65124 -0.5
v 1.43935 7.69872 -0.5
v -3.47967 5.44913 -0.5
v -3.76013 4.52121 -0.5
v -3.38943 5.63773 -0.5
v -3.69094 4.84461 -0.5
v -3.38943 5.63773 -0.5
v 1.43935 7.69872 -0.5
v 1.33586 7.74289 -0.5
v 1.33586 7.74289 -0.5
v -3.69094 4.84461 -0.5
v 0.04071 7.9198 -0.5
v -3.69094 4.84461 -0.5
v -3.38943 5.63773 -0.5
v 2.70677 5.39291 -0.5
v 1.33586 7.74289 -0.5
v 1.43935 7.69872 -0.5
v 1.59105 4.18101 -0.5
v 1.43935 7.69872 -0.5
v 0.21773 7.92888 -0.5
v -0.40757 7.85807 -0.5
v 2.0575 4.09069 -0.5
v -1.21484 7.6109 -0.5
v 1.12111 7.81709 -0.5
v 1.52595 4.20886 -0.5
v -1.47786 7.49099 -0.5
v -0.40757 7.85807 -0.5
v 2.1653 4.14002 -0.5
v -0.3175 7.87482 -0.5
v -0.3175 7.87482 -0.5
v 1.22972 7.78234 -0.5
v 2.5614 6.4584 -0.5
v -1.47786 7.49099 -0.5
v -0.3175 7.87482 -0.5
v 2.35575 6.89654 -0.5
v -1.47786 7.49099 -0.5
v 1.45966 4.23923 -0.5
v -1.47786 7.49099 -0.5
v -0.22757 7.88939 -0.5
v -0.22757 7.88939 -0.5
v -0.22757 7.88939 -0.5
v 2.41455 6.79443 -0.5
v -2.06632 7.14121 -0.5
v 2.29232 6.99373 -0.5
v -2.06632 7.14121 -0.5
v 0.42678 7.92773 -0.5
v 2.29232 6.99373 -0.5
v 1.39219 4.27184 -0.5
v -1.39075 7.53299 -0.5
v 2.41455 6.79443 -0.5
v -1.39075 7.53299 -0.5
v -0.13786 7.90174 -0.5
v 1.33586 7.74289 -0.5
v 1.33586 7.74289 -0.5
v 0.12945 7.92547 -0.5
v 2.09405 4.10276 -0.5
v -1.30306 7.57297 -0.5
v -0.13786 7.90174 -0.5
v -0.13786 7.90174 -0.5
v 2.22441 7.08602 -0.5
v 2.22441 7.08602 -0.5
v -3.8158 3.95215 -0.5
v -0.76812 7.76941 -0.5
v -3.8158 3.95215 -0.5
v -0.76812 7.76941 -0.5
v -3.8158 3.95215 -0.5
v -0.49773 7.83914 -0.5
v -0.49773 7.83914 -0.5
v 0.3055 7.93002 -0.5
v -3.66806 2.64198 -0.5
v -1.21484 7.6109 -0.5
v 2.6958 5.28097 -0.5
v -1.12617 7.64677 -0.5
v -3.66806 2.64198 -0.5
v -1.12617 7.64677 -0.5
v -1.21484 7.6109 -0.5
v -3.69286 2.74029 -0.5
v 1.7792 4.11529 -0.5
v -3.69286 2.74029 -0.5
v -2.14662 7.08343 -0.5
v -3.69286 2.74029 -0.5
v -3.66806 2.64198 -0.5
v -0.58791 7.81804 -0.5
v -3.81091 4.06891 -0.5
v -3.81091 4.06891 -0.5
v -0.67806 7.7948 -0.5
v -0.67806 7.7948 -0.5
v -3.81091 4.06891 -0.5
v -3.80284 4.18421 -0.5
v 2.63908 4.98705 -0.5
v 2.68772 5.22336 -0.5
v -0.40757 7.85807 -0.5
v -3.71552 2.84038 -0.5
v -0.40757 7.85807 -0.5
v -3.71552 2.84038 -0.5
v -3.7703 3.1513 -0.5
v -0.13786 7.90174 -0.5
v -0.13786 7.90174 -0.5
v -3.64116 2.54546 -0.5
v -3.80284 4.18421 -0.5
v 2.70217 5.33756 -0.5
v -0.58791 7.81804 -0.5
v -3.64116 2.54546 -0.5
v -0.3175 7.87482 -0.5
v -3.736 2.94224 -0.5
v -0.3175 7.87482 -0.5
v 2.67796 5.16494 -0.5
v -3.736 2.94224 -0.5
v 2.44649 4.48089 -0.5
v 2.47286 4.53188 -0.5
v -3.7703 3.1513 -0.5
v 2.58674 4.80981 -0.5
v -3.43749 2.00372 -0.5
v -3.43749 2.00372 -0.5
v -3.75427 3.04588 -0.5
v 2.49809 4.5847 -0.5
v -0.22757 7.88939 -0.5
v -0.22757 7.88939 -0.5
v 2.52214 4.63912 -0.5
v -3.71552 2.84038 -0.5
v -3.75427 3.04588 -0.5
v -3.35435 1.83742 -0.5
v -2.1756 0.56897 -0.5
v -3.52123 5.35238 -0.5
v -3.52123 5.35238 -0.5
v -2.2472 0.61529 -0.5
v -1.07499 0.1104 -0.5
v 0.66523 7.90937 -0.5
v 2.22441 7.08602 -0.5
v -3.38943 5.63773 -0.5
v -1.07499 0.1104 -0.5
v 0.3055 7.93002 -0.5
v -3.38943 5.63773 -0.5
v 2.51754 6.57537 -0.5
v -3.47967 5.44913 -0.5
v -3.47967 5.44913 -0.5
v -3.59691 5.15403 -0.5
v -3.59691 5.15403 -0.5
v -2.87769 6.40276 -0.5
v 0.21773 7.92888 -0.5
v -2.87769 6.40276 -0.5
v 2.35575 6.89654 -0.5
v 0.42678 7.92773 -0.5
v 0.12945 7.92547 -0.5
v -3.56033 5.25401 -0.5
v -2.387 0.71336 -0.5
v -3.56033 5.25401 -0.5
v -3.58118 2.35775 -0.5
v -3.61219 2.45071 -0.5
v -3.58118 2.35775 -0.5
v -3.11579 1.45298 -0.5
v -3.11579 1.45298 -0.5
v -3.0631 1.38147 -0.5
v -3.00883 1.31175 -0.5
v -1.15862 0.13137 -0.5
v 2.46853 6.68738 -0.5
v -1.15862 0.13137 -0.5
v -2.387 0.71336 -0.5
v -3.43572 5.54425 -0.5
v 2.29232 6.99373 -0.5
v -3.43572 5.54425 -0.5
v 0.54674 7.92085 -0.5
v -1.15862 0.13137 -0.5
v -3.61219 2.45071 -0.5
v -3.00883 1.31175 -0.5
v -1.12617 7.64677 -0.5
v -1.12617 7.64677 -0.5
v -3.58118 2.35775 -0.5
v 2.59996 6.33644 -0.5
v -1.9026 7.25097 -0.5
v -1.9026 7.25097 -0.5
v -3.16687 1.52629 -0.5
v -3.26405 1.67828 -0.5
v -1.98497 7.19706 -0.5
v -3.61219 2.45071 -0.5
v -2.95301 1.24382 -0.5
v -2.06632 7.14121 -0.5
v -3.00883 1.31175 -0.5
v -2.95301 1.24382 -0.5
v -2.06632 7.14121 -0.5
v -3.0631 1.38147 -0.5
v -3.16687 1.52629 -0.5
v -2.14662 7.08343 -0.5
v -3.2163 1.60139 -0.5
v -3.2163 1.60139 -0.5
v -2.14662 7.08343 -0.5
v -3.31008 1.75696 -0.5
v -1.73511 7.35292 -0.5
v -3.31008 1.75696 -0.5
v -1.73511 7.35292 -0.5
v -2.45513 0.7651 -0.5
v -2.58767 0.87398 -0.5
v -2.65201 0.93113 -0.5
v -2.65201 0.93113 -0.5
v -1.8193 7.30293 -0.5
v -1.8193 7.30293 -0.5
v -3.11579 1.45298 -0.5
v -3.26405 1.67828 -0.5
v -1.98497 7.19706 -0.5
v -3.2163 1.60139 -0.5
v -3.0631 1.38147 -0.5
v -3.80455 3.47821 -0.5
v 2.65359 5.04657 -0.5
v -3.29008 5.81968 -0.5
v 0.66523 7.90937 -0.5
v 0.3055 7.93002 -0.5
v -3.81744 3.83395 -0.5
v -3.81744 3.83395 -0.5
v 0.3055 7.93002 -0.5
v -3.81744 3.83395 -0.5
v 0.66523 7.90937 -0.5
v -3.66227 4.94932 -0.5
v -3.66227 4.94932 -0.5
v 0.21773 7.92888 -0.5
v 0.12945 7.92547 -0.5
v 0.12945 7.92547 -0.5
v -3.66227 4.94932 -0.5
v -3.34086 5.72954 -0.5
v -3.34086 5.72954 -0.5
v 0.42678 7.92773 -0.5
v 0.42678 7.92773 -0.5
v 2.69778 5.79839 -0.5
v -3.29008 5.81968 -0.5
v -3.81124 3.59072 -0.5
v -3.79547 3.36746 -0.5
v -3.81124 3.59072 -0.5
v 2.68212 5.94046 -0.5
v -3.80455 3.47821 -0.5
v -2.22579 7.02375 -0.5
v -2.22579 7.02375 -0.5
v 0.78208 7.89328 -0.5
v -1.95441 0.44082 -0.5
v -2.89569 1.17769 -0.5
v -2.89569 1.17769 -0.5
v -1.95441 0.44082 -0.5
v -2.38051 6.89869 -0.5
v -2.30377 6.96216 -0.5
v -2.30377 6.96216 -0.5
v -3.23715 5.90814 -0.5
v -3.23715 5.90814 -0.5
v -2.83689 1.11335 -0.5
v -2.83689 1.11335 -0.5
v -3.81551 3.70501 -0.5
v 0.54674 7.92085 -0.5
v 0.54674 7.92085 -0.5
v -3.81551 3.70501 -0.5
v -3.81551 3.70501 -0.5
v 2.62307 4.92761 -0.5
v -3.81124 3.59072 -0.5
v -3.80455 3.47821 -0.5
v 2.66657 5.10594 -0.5
v -2.45594 6.83335 -0.5
v -2.89569 1.17769 -0.5
v -2.45594 6.83335 -0.5
v -2.83689 1.11335 -0.5
v -2.02917 0.48173 -0.5
v 1.82358 7.4745 -0.5
v 1.22972 7.78234 -0.5
v -1.95441 0.44082 -0.5
v -3.12506 6.07995 -0.5
v -2.1756 0.56897 -0.5
v -3.12506 6.07995 -0.5
v 1.12111 7.81709 -0.5
v -2.31768 0.66342 -0.5
v -3.18212 5.9949 -0.5
v -3.18212 5.9949 -0.5
v 1.01019 7.84715 -0.5
v -3.06603 6.16327 -0.5
v -3.06603 6.16327 -0.5
v -2.02917 0.48173 -0.5
v -1.87867 0.40172 -0.5
v -1.87867 0.40172 -0.5
v -2.10291 0.52444 -0.5
v 0.89712 7.87254 -0.5
v -2.10291 0.52444 -0.5
v -2.31768 0.66342 -0.5
v 0.04071 7.9198 -0.5
v -3.00508 6.24486 -0.5
v -3.00508 6.24486 -0.5
v -2.2472 0.61529 -0.5
v -2.81137 6.47905 -0.5
v -0.04841 7.91189 -0.5
v -2.81137 6.47905 -0.5
v 1.54004 7.64981 -0.5
v -2.2472 0.61529 -0.5
v -2.1756 0.56897 -0.5
v 1.43935 7.69872 -0.5
v -1.87867 0.40172 -0.5
v -2.10291 0.52444 -0.5
v 1.63775 7.59615 -0.5
v -2.94228 6.32469 -0.5
v 1.33586 7.74289 -0.5
v -2.94228 6.32469 -0.5
v -2.387 0.71336 -0.5
v 0.47519 0.04804 -0.5
v 0.1762 0.0121 -0.5
v -0.21175 0.00091 -0.5
v -0.1235 0 -0.5
v -3.43749 2.00372 -0.5
v -3.43749 2.00372 -0.5
v 0.02639 0.00304 -0.5
v 0.02639 0.00304 -0.5
v -3.35435 1.83742 -0.5
v -3.35435 1.83742 -0.5
v 0.47519 0.04804 -0.5
v 0.02639 0.00304 -0.5
v -2.45594 6.83335 -0.5
v 0.47519 0.04804 -0.5
v -3.78404 3.2585 -0.5
v -2.30377 6.96216 -0.5
v -3.78404 3.2585 -0.5
v -2.22579 7.02375 -0.5
v -0.38748 0.00822 -0.5
v -2.60264 6.69711 -0.5
v -3.75427 3.04588 -0.5
v -0.38748 0.00822 -0.5
v -0.29975 0.00366 -0.5
v -3.75427 3.04588 -0.5
v -0.67806 7.7948 -0.5
v -0.90599 0.07393 -0.5
v -3.34086 5.72954 -0.5
v -3.34086 5.72954 -0.5
v -3.29008 5.81968 -0.5
v -3.29008 5.81968 -0.5
v -0.82068 0.05842 -0.5
v -0.99077 0.09126 -0.5
v -0.99077 0.09126 -0.5
v -1.80198 0.36444 -0.5
v -0.1235 0 -0.5
v -3.39683 1.91968 -0.5
v -3.39683 1.91968 -0.5
v -0.90599 0.07393 -0.5
v -0.82068 0.05842 -0.5
v -3.23715 5.90814 -0.5
v -0.90599 0.07393 -0.5
v -0.21175 0.00091 -0.5
v -3.73992 4.63054 -0.5
v -0.64862 0.03287 -0.5
v -0.40757 7.85807 -0.5
v -0.73488 0.04474 -0.5
v -3.73992 4.63054 -0.5
v -0.73488 0.04474 -0.5
v -0.56195 0.02283 -0.5
v -0.56195 0.02283 -0.5
v -0.56195 0.02283 -0.5
v -3.79164 4.29803 -0.5
v -3.79164 4.29803 -0.5
v -0.3175 7.87482 -0.5
v -3.71684 4.73834 -0.5
v -3.71684 4.73834 -0.5
v -1.80198 0.36444 -0.5
v -0.58791 7.81804 -0.5
v -0.49773 7.83914 -0.5
v -0.76812 7.76941 -0.5
v -3.76013 4.52121 -0.5
v -0.99077 0.09126 -0.5
v -3.63091 5.05247 -0.5
v -1.39075 7.53299 -0.5
v -1.40558 0.20516 -0.5
v -1.72438 0.32896 -0.5
v -1.80198 0.36444 -0.5
v -3.63091 5.05247 -0.5
v -1.56659 0.26343 -0.5
v -1.48647 0.23339 -0.5
v -1.48647 0.23339 -0.5
v -1.48647 0.23339 -0.5
v -3.77739 4.41037 -0.5
v -0.22757 7.88939 -0.5
v -3.77739 4.41037 -0.5
v -3.69094 4.84461 -0.5
v -3.69094 4.84461 -0.5
v -0.82068 0.05842 -0.5
v -3.76013 4.52121 -0.5
v -0.13786 7.90174 -0.5
v -0.64862 0.03287 -0.5
v -3.66227 4.94932 -0.5
v -3.66227 4.94932 -0.5
v -0.73488 0.04474 -0.5
v -2.52203 0.81864 -0.5
v 1.91136 7.40648 -0.5
v -2.53 6.76616 -0.5
v -2.53 6.76616 -0.5
v -2.52203 0.81864 -0.5
v -2.71501 0.99007 -0.5
v -2.71501 0.99007 -0.5
v -2.60264 6.69711 -0.5
v -2.60264 6.69711 -0.5
v -3.26405 1.67828 -0.5
v -1.6501 7.40094 -0.5
v -2.58767 0.87398 -0.5
v 1.73232 7.53772 -0.5
v -2.67379 6.62624 -0.5
v -2.45513 0.7651 -0.5
v -2.67379 6.62624 -0.5
v -1.56433 7.44697 -0.5
v -1.56433 7.44697 -0.5
v 1.9955 7.33364 -0.5
v -2.74338 6.55354 -0.5
v -2.74338 6.55354 -0.5
v -2.77665 1.05081 -0.5
v -1.6501 7.40094 -0.5
v -1.98497 7.19706 -0.5
v -1.73511 7.35292 -0.5
v -0.85802 7.74191 -0.5
v -3.81551 3.70501 -0.5
v -3.81551 3.70501 -0.5
v -2.58767 0.87398 -0.5
v -2.65201 0.93113 -0.5
v -2.38051 6.89869 -0.5
v -2.71501 0.99007 -0.5
v -2.45513 0.7651 -0.5
v -3.81744 3.83395 -0.5
v -3.81744 3.83395 -0.5
v -1.9026 7.25097 -0.5
v -2.77665 1.05081 -0.5
v 2.1522 7.17343 -0.5
v -0.9477 7.71229 -0.5
v 2.07584 7.25596 -0.5
v -3.80284 4.18421 -0.5
v -3.80284 4.18421 -0.5
v -3.69286 2.74029 -0.5
v -3.64116 2.54546 -0.5
v -3.64116 2.54546 -0.5
v -1.6501 7.40094 -0.5
v -0.47489 0.01462 -0.5
v -0.47489 0.01462 -0.5
v -3.8158 3.95215 -0.5
v -3.81091 4.06891 -0.5
v -3.81091 4.06891 -0.5
v -3.8158 3.95215 -0.5
v -1.8193 7.30293 -0.5
v -0.29975 0.00366 -0.5
v -0.47489 0.01462 -0.5
v -3.7703 3.1513 -0.5
v -0.38748 0.00822 -0.5
v -3.7703 3.1513 -0.5
v -2.38051 6.89869 -0.5
v -2.74338 6.55354 -0.5
v -0.21175 0.00091 -0.5
v -2.53 6.76616 -0.5
v -3.71552 2.84038 -0.5
v -0.29975 0.00366 -0.5
v -0.1235 0 -0.5
v -3.71552 2.84038 -0.5
v -2.67379 6.62624 -0.5
v -3.66806 2.64198 -0.5
v -3.66806 2.64198 -0.5
v -3.69286 2.74029 -0.5
v -3.736 2.94224 -0.5
v -3.736 2.94224 -0.5
v -1.56433 7.44697 -0.5
v -3.81551 3.70501 -0.5
v 3.3948 1.73073 -0.5
v -2.1756 0.56897 -0.5
v 2.07556 0.64806 -0.5
v -2.1756 0.56897 -0.5
v 3.63505 2.00253 -0.5
v -3.8158 3.95215 -0.5
v -3.79547 3.36746 -0.5
v 3.51607 1.86445 -0.5
v -2.2472 0.61529 -0.5
v 3.51607 1.86445 -0.5
v 3.51607 1.86445 -0.5
v 2.07556 0.64806 -0.5
v -2.2472 0.61529 -0.5
v 3.51607 1.86445 -0.5
v -3.81091 4.06891 -0.5
v -3.80455 3.47821 -0.5
v 1.79303 0.49052 -0.5
v 3.01814 1.35641 -0.5
v 1.79303 0.49052 -0.5
v 1.79303 0.49052 -0.5
v 3.01814 1.35641 -0.5
v 1.79303 0.49052 -0.5
v 2.88859 1.2408 -0.5
v 1.65001 0.41956 -0.5
v -2.10291 0.52444 -0.5
v -2.10291 0.52444 -0.5
v 1.65001 0.41956 -0.5
v -3.58118 2.35775 -0.5
v -3.06603 6.16327 -0.5
v -3.47629 2.08955 -0.5
v -3.47629 2.08955 -0.5
v 0.6242 0.07478 -0.5
v 1.06824 0.18931 -0.5
v -3.12506 6.07995 -0.5
v -3.51319 2.17717 -0.5
v -3.18212 5.9949 -0.5
v 0.6242 0.07478 -0.5
v 0.92081 0.14549 -0.5
v -3.51319 2.17717 -0.5
v 0.92081 0.14549 -0.5
v 0.92081 0.14549 -0.5
v -2.31768 0.66342 -0.5
v -2.31768 0.66342 -0.5
v 3.3948 1.73073 -0.5
v 3.63505 2.00253 -0.5
v 1.93491 0.56671 -0.5
v -3.81124 3.59072 -0.5
v 3.63505 2.00253 -0.5
v -3.80284 4.18421 -0.5
v 3.27133 1.60144 -0.5
v -1.15862 0.13137 -0.5
v -2.387 0.71336 -0.5
v -1.15862 0.13137 -0.5
v -2.387 0.71336 -0.5
v -3.59691 5.15403 -0.5
v 1.21496 0.2387 -0.5
v 1.50593 0.35389 -0.5
v 1.21496 0.2387 -0.5
v -2.81137 6.47905 -0.5
v 1.36089 0.29358 -0.5
v -3.61219 2.45071 -0.5
v -3.61219 2.45071 -0.5
v 1.36089 0.29358 -0.5
v 1.50593 0.35389 -0.5
v -2.95301 1.24382 -0.5
v -2.95301 1.24382 -0.5
v -3.00508 6.24486 -0.5
v -3.00883 1.31175 -0.5
v 1.36089 0.29358 -0.5
v -3.00883 1.31175 -0.5
v -2.94228 6.32469 -0.5
v 0.77277 0.10729 -0.5
v -3.54817 2.26656 -0.5
v 0.77277 0.10729 -0.5
v 0.77277 0.10729 -0.5
v -3.54817 2.26656 -0.5
v -3.58118 2.35775 -0.5
v 0.6242 0.07478 -0.5
v 0.6242 0.07478 -0.5
v 1.06824 0.18931 -0.5
v -3.11579 1.45298 -0.5
v -3.11579 1.45298 -0.5
v -3.16687 1.52629 -0.5
v -3.16687 1.52629 -0.5
v -3.52123 5.35238 -0.5
v 1.06824 0.18931 -0.5
v -3.0631 1.38147 -0.5
v -3.0631 1.38147 -0.5
v -3.56033 5.25401 -0.5
v -2.87769 6.40276 -0.5
v -3.81124 3.59072 -0.5
v -3.81124 3.59072 -0.5
v -1.32395 0.17875 -0.5
v -1.12617 7.64677 -0.5
v -2.06632 7.14121 -0.5
v -1.40558 0.20516 -0.5
v -1.30306 7.57297 -0.5
v -3.79547 3.36746 -0.5
v -3.79547 3.36746 -0.5
v -1.03711 7.68057 -0.5
v -1.64591 0.29529 -0.5
v -1.56659 0.26343 -0.5
v -1.21484 7.6109 -0.5
v -1.56659 0.26343 -0.5
v -1.64591 0.29529 -0.5
v -1.47786 7.49099 -0.5
v -1.64591 0.29529 -0.5
v -1.72438 0.32896 -0.5
v -2.89569 1.17769 -0.5
v -2.89569 1.17769 -0.5
v -2.45513 0.7651 -0.5
v -3.77739 4.41037 -0.5
v -2.71501 0.99007 -0.5
v -2.71501 0.99007 -0.5
v -3.76013 4.52121 -0.5
v -3.80455 3.47821 -0.5
v -3.80455 3.47821 -0.5
v -1.24162 0.15415 -0.5
v -1.24162 0.15415 -0.5
v -2.77665 1.05081 -0.5
v -2.77665 1.05081 -0.5
v -1.32395 0.17875 -0.5
v -1.32395 0.17875 -0.5
v -1.24162 0.15415 -0.5
v -2.14662 7.08343 -0.5
v -3.69094 4.84461 -0.5
v -3.63091 5.05247 -0.5
v -3.66227 4.94932 -0.5
v 3.01814 1.35641 -0.5
v -1.95441 0.44082 -0.5
v -1.95441 0.44082 -0.5
v -3.73992 4.63054 -0.5
v -2.83689 1.11335 -0.5
v -2.83689 1.11335 -0.5
v -3.71684 4.73834 -0.5
v 3.3948 1.73073 -0.5
v 2.07556 0.64806 -0.5
v 3.27133 1.60144 -0.5
v 3.14575 1.47664 -0.5
v 3.27133 1.60144 -0.5
v 1.93491 0.56671 -0.5
v 3.14575 1.47664 -0.5
v 3.14575 1.47664 -0.5
v 1.93491 0.56671 -0.5
v 3.01814 1.35641 -0.5
v 1.65001 0.41956 -0.5
v -2.02917 0.48173 -0.5
v -2.02917 0.48173 -0.5
v 2.88859 1.2408 -0.5
v 2.88859 1.2408 -0.5
v -1.87867 0.40172 -0.5
v 2.7572 1.12989 -0.5
v -1.87867 0.40172 -0.5
v 2.7572 1.12989 -0.5
v 2.7572 1.12989 -0.5
v 0.02639 0.00304 -0.5
v 0.02639 0.00304 -0.5
v -2.52203 0.81864 -0.5
v 0.1762 0.0121 -0.5
v 0.1762 0.0121 -0.5
v 2.48921 0.92241 -0.5
v 2.48921 0.92241 -0.5
v 2.48921 0.92241 -0.5
v -0.99077 0.09126 -0.5
v 2.62404 1.02373 -0.5
v 2.62404 1.02373 -0.5
v -0.99077 0.09126 -0.5
v 2.62404 1.02373 -0.5
v -3.81744 3.83395 -0.5
v -1.07499 0.1104 -0.5
v 2.48921 0.92241 -0.5
v -0.82068 0.05842 -0.5
v -0.82068 0.05842 -0.5
v -0.73488 0.04474 -0.5
v 2.21488 0.7345 -0.5
v -1.07499 0.1104 -0.5
v -0.73488 0.04474 -0.5
v -0.38748 0.00822 -0.5
v 1.437 1.09787 -0.5
v -0.38748 0.00822 -0.5
v -3.2163 1.60139 -0.5
v -0.11205 1.07311 -0.5
v -0.11205 1.07311 -0.5
v -0.11205 1.07311 -0.5
v -0.29975 0.00366 -0.5
v 1.32288 1.0721 -0.5
v 1.32288 1.0721 -0.5
v -3.16687 1.52629 -0.5
v -0.9367 1.34564 -0.5
v -1.20989 1.49506 -0.5
v -0.29975 0.00366 -0.5
v -2.45513 0.7651 -0.5
v 0.29114 1.01569 -0.5
v 0.29114 1.01569 -0.5
v 2.66767 1.61739 -0.5
v -0.9367 1.34564 -0.5
v 0.29114 1.01569 -0.5
v 2.66767 1.61739 -0.5
v 0.32582 0.02712 -0.5
v -0.86595 1.3125 -0.5
v -0.9367 1.34564 -0.5
v -3.31008 1.75696 -0.5
v 0.32582 0.02712 -0.5
v -3.26405 1.67828 -0.5
v -0.9367 1.34564 -0.5
v -2.58767 0.87398 -0.5
v -0.64862 0.03287 -0.5
v -0.64862 0.03287 -0.5
v -3.66806 2.64198 -0.5
v -3.71552 2.84038 -0.5
v 3.40621 2.15135 -0.5
v -1.56659 0.26343 -0.5
v -3.75427 3.04588 -0.5
v 3.40621 2.15135 -0.5
v 3.30373 2.06632 -0.5
v -1.56659 0.26343 -0.5
v -1.48647 0.23339 -0.5
v -1.48647 0.23339 -0.5
v -3.736 2.94224 -0.5
v -1.80198 0.36444 -0.5
v 3.60769 2.32965 -0.5
v -1.80198 0.36444 -0.5
v 3.60769 2.32965 -0.5
v 2.21488 0.7345 -0.5
v 2.35279 0.82597 -0.5
v 2.35279 0.82597 -0.5
v 2.21488 0.7345 -0.5
v -0.90599 0.07393 -0.5
v 2.35279 0.82597 -0.5
v 0.1762 0.0121 -0.5
v -3.64116 2.54546 -0.5
v 3.80415 2.5186 -0.5
v -0.90599 0.07393 -0.5
v -0.56195 0.02283 -0.5
v -0.56195 0.02283 -0.5
v 3.70657 2.42283 -0.5
v -3.69286 2.74029 -0.5
v 3.80415 2.5186 -0.5
v 3.80415 2.5186 -0.5
v 3.70657 2.42283 -0.5
v -3.31008 1.75696 -0.5
v -3.31008 1.75696 -0.5
v -2.45513 0.7651 -0.5
v -3.38943 5.63773 -0.5
v -2.52203 0.81864 -0.5
v 1.77797 1.19753 -0.5
v 0.92081 0.14549 -0.5
v 4.0863 2.59712 -0.5
v 0.92081 0.14549 -0.5
v -3.34086 5.72954 -0.5
v -2.52203 0.81864 -0.5
v 0.12812 1.03371 -0.5
v 0.32582 0.02712 -0.5
v -3.43572 5.54425 -0.5
v 0.32582 0.02712 -0.5
v -3.2163 1.60139 -0.5
v 4.0863 2.59712 -0.5
v -3.2163 1.60139 -0.5
v 0.32582 0.02712 -0.5
v -3.51319 2.17717 -0.5
v 4.0863 2.59712 -0.5
v 0.12812 1.03371 -0.5
v 1.89098 1.23801 -0.5
v 1.06824 0.18931 -0.5
v 1.06824 0.18931 -0.5
v 4.19251 2.75601 -0.5
v 4.19251 2.75601 -0.5
v 1.21496 0.2387 -0.5
v -3.47967 5.44913 -0.5
v -3.26405 1.67828 -0.5
v -3.26405 1.67828 -0.5
v -3.47629 2.08955 -0.5
v 1.77797 1.19753 -0.5
v 1.21496 0.2387 -0.5
v 1.50593 0.35389 -0.5
v 0.6242 0.07478 -0.5
v 0.6242 0.07478 -0.5
v -3.29008 5.81968 -0.5
v -2.58767 0.87398 -0.5
v -2.58767 0.87398 -0.5
v 0.1762 0.0121 -0.5
v 0.1762 0.0121 -0.5
v -2.65201 0.93113 -0.5
v -2.65201 0.93113 -0.5
v -3.79164 4.29803 -0.5
v -0.19083 1.08956 -0.5
v -0.03261 1.05832 -0.5
v 1.21496 0.2387 -0.5
v 1.36089 0.29358 -0.5
v -0.03261 1.05832 -0.5
v -3.0631 1.38147 -0.5
v 1.36089 0.29358 -0.5
v 4.08851 2.82101 -0.5
v 1.6646 1.16064 -0.5
v 1.6646 1.16064 -0.5
v 3.90036 2.61693 -0.5
v 3.90036 2.61693 -0.5
v -0.03261 1.05832 -0.5
v -3.00883 1.31175 -0.5
v 2.11573 1.32953 -0.5
v 1.77797 1.19753 -0.5
v 3.99517 2.71775 -0.5
v 1.50593 0.35389 -0.5
v 1.55092 1.12741 -0.5
v 3.99517 2.71775 -0.5
v 1.50593 0.35389 -0.5
v 1.55092 1.12741 -0.5
v -0.21175 0.00091 -0.5
v -0.21175 0.00091 -0.5
v -0.1235 0 -0.5
v -0.1235 0 -0.5
v -3.11579 1.45298 -0.5
v 3.86578 2.2915 -0.5
v 3.86578 2.2915 -0.5
v 3.86578 2.2915 -0.5
v 3.86578 2.2915 -0.5
v -3.58118 2.35775 -0.5
v 0.77277 0.10729 -0.5
v 3.97736 2.44227 -0.5
v 0.77277 0.10729 -0.5
v 3.97736 2.44227 -0.5
v -3.54817 2.26656 -0.5
v 3.97736 2.44227 -0.5
v -0.19083 1.08956 -0.5
v -2.95301 1.24382 -0.5
v 2.11573 1.32953 -0.5
v 1.437 1.09787 -0.5
v 1.437 1.09787 -0.5
v 3.90036 2.61693 -0.5
v 2.11573 1.32953 -0.5
v 1.6646 1.16064 -0.5
v 1.89098 1.23801 -0.5
v -0.19083 1.08956 -0.5
v 1.89098 1.23801 -0.5
v 0.04745 1.04519 -0.5
v 0.04745 1.04519 -0.5
v 3.99517 2.71775 -0.5
v 2.00359 1.28203 -0.5
v 0.04745 1.04519 -0.5
v 1.32288 1.0721 -0.5
v -3.61219 2.45071 -0.5
v -0.47489 0.01462 -0.5
v 2.00359 1.28203 -0.5
v -0.47489 0.01462 -0.5
v 2.00359 1.28203 -0.5
v -2.52314 3.21959 -0.5
v 0.47519 0.04804 -0.5
v -2.59817 3.4894 -0.5
v -2.575 3.3977 -0.5
v -1.64609 1.8218 -0.5
v 4.0863 2.59712 -0.5
v 4.0863 2.59712 -0.5
v 2.22736 1.38047 -0.5
v 2.22736 1.38047 -0.5
v 0.6242 0.07478 -0.5
v 4.19251 2.75601 -0.5
v 4.19251 2.75601 -0.5
v -1.00649 1.38047 -0.5
v -1.95441 0.44082 -0.5
v 2.55863 1.55329 -0.5
v -1.0753 1.41698 -0.5
v -1.00649 1.38047 -0.5
v 2.33842 1.43477 -0.5
v 2.88859 1.2408 -0.5
v 2.88859 1.2408 -0.5
v -1.87867 0.40172 -0.5
v 2.77593 1.68465 -0.5
v -1.0753 1.41698 -0.5
v -1.2756 1.53664 -0.5
v 3.01814 1.35641 -0.5
v -1.0753 1.41698 -0.5
v 3.01814 1.35641 -0.5
v -2.65201 0.93113 -0.5
v 2.55863 1.55329 -0.5
v 2.66767 1.61739 -0.5
v 0.20936 1.02388 -0.5
v 2.55863 1.55329 -0.5
v 3.20015 1.98412 -0.5
v -1.32395 0.17875 -0.5
v -1.40374 1.62489 -0.5
v -1.81483 1.98742 -0.5
v -1.64609 1.8218 -0.5
v 3.20015 1.98412 -0.5
v -1.81483 1.98742 -0.5
v -1.81483 1.98742 -0.5
v 3.75165 2.1449 -0.5
v 3.75165 2.1449 -0.5
v -1.46611 1.67156 -0.5
v -1.64609 1.8218 -0.5
v -1.46611 1.67156 -0.5
v 0.77277 0.10729 -0.5
v -2.575 3.3977 -0.5
v -2.52314 3.21959 -0.5
v -2.575 3.3977 -0.5
v 4.08851 2.82101 -0.5
v 4.08851 2.82101 -0.5
v -2.59817 3.4894 -0.5
v -2.59817 3.4894 -0.5
v 0.92081 0.14549 -0.5
v 3.99517 2.71775 -0.5
v 3.99517 2.71775 -0.5
v -1.20989 1.49506 -0.5
v -1.34023 1.57992 -0.5
v -1.34023 1.57992 -0.5
v 2.33842 1.43477 -0.5
v -1.14311 1.45517 -0.5
v 3.14575 1.47664 -0.5
v -1.14311 1.45517 -0.5
v 3.14575 1.47664 -0.5
v -2.02917 0.48173 -0.5
v 0.63695 0.99948 -0.5
v -0.42298 1.14885 -0.5
v -1.20989 1.49506 -0.5
v 3.27133 1.60144 -0.5
v 3.27133 1.60144 -0.5
v 2.33842 1.43477 -0.5
v -1.14311 1.45517 -0.5
v -0.49887 1.17195 -0.5
v -2.02104 2.23229 -0.5
v -1.9207 2.10641 -0.5
v -1.9207 2.10641 -0.5
v -2.10291 0.52444 -0.5
v -0.42298 1.14885 -0.5
v 1.20861 1.05014 -0.5
v 1.20861 1.05014 -0.5
v 0.63695 0.99948 -0.5
v -1.86844 2.04606 -0.5
v 0.63695 0.99948 -0.5
v -0.49887 1.17195 -0.5
v -1.97158 2.16849 -0.5
v -2.1756 0.56897 -0.5
v -0.57398 1.19671 -0.5
v 1.09425 1.03205 -0.5
v 0.97985 1.01788 -0.5
v 1.09425 1.03205 -0.5
v 1.09425 1.03205 -0.5
v 1.93491 0.56671 -0.5
v -0.42298 1.14885 -0.5
v -1.86844 2.04606 -0.5
v -0.64826 1.22314 -0.5
v -1.34023 1.57992 -0.5
v 0.37344 1.00916 -0.5
v -0.86595 1.3125 -0.5
v 2.98992 1.8284 -0.5
v -2.83689 1.11335 -0.5
v 2.44886 1.4924 -0.5
v -1.00649 1.38047 -0.5
v 2.44886 1.4924 -0.5
v 2.44886 1.4924 -0.5
v 2.98992 1.8284 -0.5
v 2.98992 1.8284 -0.5
v -0.34632 1.12742 -0.5
v 3.3948 1.73073 -0.5
v -0.34632 1.12742 -0.5
v -0.34632 1.12742 -0.5
v -2.71501 0.99007 -0.5
v 2.7572 1.12989 -0.5
v 2.7572 1.12989 -0.5
v 2.88337 1.755 -0.5
v 2.88337 1.755 -0.5
v 0.37344 1.00916 -0.5
v 0.37344 1.00916 -0.5
v -0.86595 1.3125 -0.5
v -1.34023 1.57992 -0.5
v 2.88337 1.755 -0.5
v -2.77665 1.05081 -0.5
v 2.77593 1.68465 -0.5
v 1.65001 0.41956 -0.5
v 3.3948 1.73073 -0.5
v 1.65001 0.41956 -0.5
v -1.2756 1.53664 -0.5
v 1.79303 0.49052 -0.5
v -1.2756 1.53664 -0.5
v -1.14311 1.45517 -0.5
v 1.79303 0.49052 -0.5
v -2.89569 1.17769 -0.5
v 3.51607 1.86445 -0.5
v 3.51607 1.86445 -0.5
v -1.40558 0.20516 -0.5
v -3.43749 2.00372 -0.5
v 3.40621 2.15135 -0.5
v -1.40558 0.20516 -0.5
v -1.32395 0.17875 -0.5
v -1.32395 0.17875 -0.5
v -3.39683 1.91968 -0.5
v 3.30373 2.06632 -0.5
v 3.70657 2.42283 -0.5
v -1.46611 1.67156 -0.5
v -1.80198 0.36444 -0.5
v 3.70657 2.42283 -0.5
v -2.20421 2.50477 -0.5
v 3.60769 2.32965 -0.5
v -2.20421 2.50477 -0.5
v 3.60769 2.32965 -0.5
v -3.78404 3.2585 -0.5
v -1.72438 0.32896 -0.5
v 3.50755 2.23914 -0.5
v 3.50755 2.23914 -0.5
v 3.50755 2.23914 -0.5
v -1.64591 0.29529 -0.5
v -3.7703 3.1513 -0.5
v -1.72438 0.32896 -0.5
v -1.64591 0.29529 -0.5
v 3.60769 2.32965 -0.5
v -1.24162 0.15415 -0.5
v -1.24162 0.15415 -0.5
v 3.09553 1.90479 -0.5
v 3.09553 1.90479 -0.5
v -3.35435 1.83742 -0.5
v 3.75165 2.1449 -0.5
v 3.75165 2.1449 -0.5
v 0.47519 0.04804 -0.5
v 0.47519 0.04804 -0.5
v 3.20015 1.98412 -0.5
v 3.75165 2.1449 -0.5
v 3.20015 1.98412 -0.5
v 3.20015 1.98412 -0.5
v 3.09553 1.90479 -0.5
v -1.52731 1.71994 -0.5
v -1.58731 1.77002 -0.5
v 3.50755 2.23914 -0.5
v 3.50755 2.23914 -0.5
v -1.64591 0.29529 -0.5
v -1.70363 1.8753 -0.5
v -1.40374 1.62489 -0.5
v 0.20936 1.02388 -0.5
v -1.24162 0.15415 -0.5
v 3.30373 2.06632 -0.5
v 3.40621 2.15135 -0.5
v 3.40621 2.15135 -0.5
v 0.12812 1.03371 -0.5
v 3.86578 2.2915 -0.5
v 3.86578 2.2915 -0.5
v -1.52731 1.71994 -0.5
v -1.52731 1.71994 -0.5
v -2.54998 3.30777 -0.5
v -1.75988 1.9305 -0.5
v -1.40558 0.20516 -0.5
v -2.575 3.3977 -0.5
v -1.58731 1.77002 -0.5
v 3.97736 2.44227 -0.5
v -1.58731 1.77002 -0.5
v 3.97736 2.44227 -0.5
v -1.75988 1.9305 -0.5
v -2.16067 2.43405 -0.5
v -2.16067 2.43405 -0.5
v 2.48921 0.92241 -0.5
v -2.06906 2.29781 -0.5
v -0.64862 0.03287 -0.5
v 2.62404 1.02373 -0.5
v 2.48921 0.92241 -0.5
v 2.62404 1.02373 -0.5
v 3.80415 2.5186 -0.5
v -0.7217 1.25125 -0.5
v -1.75988 1.9305 -0.5
v -0.56195 0.02283 -0.5
v -1.56659 0.26343 -0.5
v 0.45624 1.00426 -0.5
v 0.5395 1.001 -0.5
v -2.11561 2.36507 -0.5
v 3.80415 2.5186 -0.5
v -2.11561 2.36507 -0.5
v -1.64609 1.8218 -0.5
v 3.30373 2.06632 -0.5
v -1.48647 0.23339 -0.5
v -1.70363 1.8753 -0.5
v -1.40374 1.62489 -0.5
v 3.09553 1.90479 -0.5
v 3.09553 1.90479 -0.5
v -1.70363 1.8753 -0.5
v -1.72438 0.32896 -0.5
v -1.81483 1.98742 -0.5
v -1.52731 1.71994 -0.5
v 1.20861 1.05014 -0.5
v -2.7192 4.39434 -0.5
v 1.09425 1.03205 -0.5
v -2.72351 4.61501 -0.5
v -2.7192 4.39434 -0.5
v -2.66483 5.16601 -0.5
v -2.71386 4.28668 -0.5
v -2.72351 4.61501 -0.5
v 1.20861 1.05014 -0.5
v -2.72351 4.61501 -0.5
v -2.28661 2.65141 -0.5
v 1.89098 1.23801 -0.5
v 1.89098 1.23801 -0.5
v -2.52314 3.21959 -0.5
v -2.63887 3.67809 -0.5
v -0.47489 0.01462 -0.5
v -2.28661 2.65141 -0.5
v 1.77797 1.19753 -0.5
v -2.36261 2.80501 -0.5
v 1.09425 1.03205 -0.5
v 1.50593 0.35389 -0.5
v -2.2462 2.57722 -0.5
v -2.63887 3.67809 -0.5
v 1.77797 1.19753 -0.5
v -2.61947 3.58286 -0.5
v -2.63887 3.67809 -0.5
v -2.36261 2.80501 -0.5
v 2.48921 0.92241 -0.5
v 0.04745 1.04519 -0.5
v 0.04745 1.04519 -0.5
v -0.19083 1.08956 -0.5
v 2.35279 0.82597 -0.5
v 3.63505 2.00253 -0.5
v -0.19083 1.08956 -0.5
v 0.86547 1.0077 -0.5
v -2.72242 4.50378 -0.5
v -2.71386 4.28668 -0.5
v -2.71386 4.28668 -0.5
v 0.86547 1.0077 -0.5
v 0.97985 1.01788 -0.5
v 0.97985 1.01788 -0.5
v -2.72242 4.50378 -0.5
v -2.72242 4.50378 -0.5
v -2.32543 2.72734 -0.5
v -2.61947 3.58286 -0.5
v -2.54998 3.30777 -0.5
v -2.32543 2.72734 -0.5
v -0.29975 0.00366 -0.5
v -2.36261 2.80501 -0.5
v -2.32543 2.72734 -0.5
v 1.6646 1.16064 -0.5
v -0.38748 0.00822 -0.5
v -2.61947 3.58286 -0.5
v -2.71506 4.82409 -0.5
v 0.1762 0.0121 -0.5
v -2.70855 4.89321 -0.5
v 1.32288 1.0721 -0.5
v 2.98992 1.8284 -0.5
v 1.32288 1.0721 -0.5
v -2.71506 4.82409 -0.5
v 2.98992 1.8284 -0.5
v 1.437 1.09787 -0.5
v 2.66767 1.61739 -0.5
v 2.66767 1.61739 -0.5
v -2.71506 4.82409 -0.5
v 1.437 1.09787 -0.5
v -2.46411 3.04851 -0.5
v 2.11573 1.32953 -0.5
v 2.11573 1.32953 -0.5
v -2.46411 3.04851 -0.5
v 1.36089 0.29358 -0.5
v -2.2462 2.57722 -0.5
v -2.28661 2.65141 -0.5
v 1.21496 0.2387 -0.5
v 2.00359 1.28203 -0.5
v 2.00359 1.28203 -0.5
v -2.28661 2.65141 -0.5
v 3.90036 2.61693 -0.5
v -2.2462 2.57722 -0.5
v -2.46411 3.04851 -0.5
v 3.90036 2.61693 -0.5
v 1.06824 0.18931 -0.5
v -0.21175 0.00091 -0.5
v -2.65635 3.77509 -0.5
v -2.54998 3.30777 -0.5
v -2.65635 3.77509 -0.5
v -2.65635 3.77509 -0.5
v -2.02104 2.23229 -0.5
v -0.64826 1.22314 -0.5
v 0.97985 1.01788 -0.5
v -0.42298 1.14885 -0.5
v -2.06906 2.29781 -0.5
v -0.79428 1.28104 -0.5
v 0.45624 1.00426 -0.5
v 2.07556 0.64806 -0.5
v -2.06906 2.29781 -0.5
v -0.64826 1.22314 -0.5
v 2.07556 0.64806 -0.5
v -0.79428 1.28104 -0.5
v -2.69018 5.03039 -0.5
v -0.7217 1.25125 -0.5
v -2.69693 4.07671 -0.5
v 0.75115 1.00155 -0.5
v 0.75115 1.00155 -0.5
v 0.75115 1.00155 -0.5
v 2.21488 0.7345 -0.5
v -2.11561 2.36507 -0.5
v -1.86844 2.04606 -0.5
v 2.21488 0.7345 -0.5
v -0.79428 1.28104 -0.5
v -2.70643 4.1808 -0.5
v -2.70643 4.1808 -0.5
v 3.14575 1.47664 -0.5
v -2.69018 5.03039 -0.5
v 1.65001 0.41956 -0.5
v -2.69693 4.07671 -0.5
v -2.69693 4.07671 -0.5
v -2.70643 4.1808 -0.5
v -2.70643 4.1808 -0.5
v 3.01814 1.35641 -0.5
v -2.69018 5.03039 -0.5
v -0.26893 1.10766 -0.5
v 1.93491 0.56671 -0.5
v 0.86547 1.0077 -0.5
v -1.07499 0.1104 -0.5
v 0.86547 1.0077 -0.5
v 3.63505 2.00253 -0.5
v 0.86547 1.0077 -0.5
v 1.20861 1.05014 -0.5
v -0.26893 1.10766 -0.5
v -2.31768 0.66342 -0.5
v -1.9207 2.10641 -0.5
v -0.49887 1.17195 -0.5
v 3.63505 2.00253 -0.5
v -1.9207 2.10641 -0.5
v -1.15862 0.13137 -0.5
v -0.26893 1.10766 -0.5
v -2.2472 0.61529 -0.5
v -2.16067 2.43405 -0.5
v -0.90599 0.07393 -0.5
v -2.20421 2.50477 -0.5
v -0.82068 0.05842 -0.5
v -2.06906 2.29781 -0.5
v -1.97158 2.16849 -0.5
v -2.16067 2.43405 -0.5
v -1.97158 2.16849 -0.5
v 0.5395 1.001 -0.5
v 0.45624 1.00426 -0.5
v -0.57398 1.19671 -0.5
v -0.7217 1.25125 -0.5
v 2.35279 0.82597 -0.5
v -0.99077 0.09126 -0.5
v 2.35279 0.82597 -0.5
v -0.73488 0.04474 -0.5
v -2.02104 2.23229 -0.5
v -0.7217 1.25125 -0.5
v 0.97985 1.01788 -0.5
v -2.387 0.71336 -0.5
v -0.57398 1.19671 -0.5
v 0.29114 1.01569 -0.5
v 0.29114 1.01569 -0.5
v 3.3948 1.73073 -0.5
v 1.93491 0.56671 -0.5
v -2.70025 4.96198 -0.5
v 0.37344 1.00916 -0.5
v 0.37344 1.00916 -0.5
v -2.67836 5.09841 -0.5
v 3.27133 1.60144 -0.5
v 1.79303 0.49052 -0.5
v -2.66483 5.16601 -0.5
v -2.70025 4.96198 -0.5
v -2.66483 5.16601 -0.5
v -2.70025 4.96198 -0.5
v -0.11205 1.07311 -0.5
v -0.11205 1.07311 -0.5
v 2.62404 1.02373 -0.5
v -2.7192 4.39434 -0.5
v -2.6854 3.97439 -0.5
v 2.33842 1.43477 -0.5
v -2.6854 3.97439 -0.5
v 2.33842 1.43477 -0.5
v -2.6854 3.97439 -0.5
v 2.88859 1.2408 -0.5
v -2.67187 3.87385 -0.5
v -2.67187 3.87385 -0.5
v -2.67187 3.87385 -0.5
v 2.7572 1.12989 -0.5
v 0.12812 1.03371 -0.5
v 0.12812 1.03371 -0.5
v 3.51607 1.86445 -0.5
v -2.67836 5.09841 -0.5
v 2.21488 0.7345 -0.5
v 0.20936 1.02388 -0.5
v -2.71973 4.75467 -0.5
v -2.71973 4.75467 -0.5
v 0.20936 1.02388 -0.5
v -2.71973 4.75467 -0.5
v -0.03261 1.05832 -0.5
v 2.07556 0.64806 -0.5
v -0.03261 1.05832 -0.5
v -1.58731 1.77002 -0.5
v 2.66767 1.61739 -0.5
v -1.84523 6.64099 -0.5
v -1.58731 1.77002 -0.5
v -1.52731 1.71994 -0.5
v -1.52731 1.71994 -0.5
v 2.77593 1.68465 -0.5
v 2.44886 1.4924 -0.5
v -1.79629 6.68822 -0.5
v -1.79629 6.68822 -0.5
v -1.69544 6.7792 -0.5
v 3.50755 2.23914 -0.5
v 0.45624 1.00426 -0.5
v 0.5395 1.001 -0.5
v 0.5395 1.001 -0.5
v -0.9367 1.34564 -0.5
v -2.20421 2.50477 -0.5
v -0.9367 1.34564 -0.5
v 3.60769 2.32965 -0.5
v -2.02104 2.23229 -0.5
v -1.48254 6.94651 -0.5
v -1.48254 6.94651 -0.5
v -2.02104 2.23229 -0.5
v -1.5371 6.90658 -0.5
v -1.64357 6.8229 -0.5
v -1.97158 2.16849 -0.5
v -1.97158 2.16849 -0.5
v 1.437 1.09787 -0.5
v -1.59078 6.86537 -0.5
v -2.11561 2.36507 -0.5
v -1.70363 1.8753 -0.5
v -1.84523 6.64099 -0.5
v -1.70363 1.8753 -0.5
v -1.64609 1.8218 -0.5
v -1.84523 6.64099 -0.5
v 0.29114 1.01569 -0.5
v 2.55863 1.55329 -0.5
v -1.69544 6.7792 -0.5
v -1.64609 1.8218 -0.5
v -1.69544 6.7792 -0.5
v -0.86595 1.3125 -0.5
v -0.86595 1.3125 -0.5
v -1.0753 1.41698 -0.5
v -1.0753 1.41698 -0.5
v 3.40621 2.15135 -0.5
v -2.30966 6.05338 -0.5
v -2.30966 6.05338 -0.5
v -2.30966 6.05338 -0.5
v 4.0863 2.59712 -0.5
v 3.97736 2.44227 -0.5
v -2.61417 5.36604 -0.5
v -2.34448 5.99447 -0.5
v -2.34448 5.99447 -0.5
v -0.34632 1.12742 -0.5
v -2.23608 6.16869 -0.5
v 3.86578 2.2915 -0.5
v -0.34632 1.12742 -0.5
v -2.34448 5.99447 -0.5
v -2.47002 5.75115 -0.5
v 3.70657 2.42283 -0.5
v -2.37795 5.93477 -0.5
v 0.75115 1.00155 -0.5
v -2.41005 5.8743 -0.5
v 0.75115 1.00155 -0.5
v 3.80415 2.5186 -0.5
v 0.45624 1.00426 -0.5
v -1.00649 1.38047 -0.5
v -1.00649 1.38047 -0.5
v -1.20989 1.49506 -0.5
v -1.20989 1.49506 -0.5
v 3.30373 2.06632 -0.5
v 0.63695 0.99948 -0.5
v 0.63695 0.99948 -0.5
v 2.77593 1.68465 -0.5
v 2.77593 1.68465 -0.5
v -2.549 5.56133 -0.5
v -2.43198 2.96559 -0.5
v -2.43198 2.96559 -0.5
v -2.43198 2.96559 -0.5
v 2.44886 1.4924 -0.5
v 2.44886 1.4924 -0.5
v -2.57229 5.4968 -0.5
v -2.549 5.56133 -0.5
v -0.7217 1.25125 -0.5
v 1.77797 1.19753 -0.5
v -0.7217 1.25125 -0.5
v -2.57229 5.4968 -0.5
v -2.549 5.56133 -0.5
v 2.11573 1.32953 -0.5
v -2.72256 4.68497 -0.5
v 0.02639 0.00304 -0.5
v -2.72256 4.68497 -0.5
v -2.72256 4.68497 -0.5
v 1.55092 1.12741 -0.5
v 1.55092 1.12741 -0.5
v -2.70855 4.89321 -0.5
v -0.1235 0 -0.5
v 0.32582 0.02712 -0.5
v -2.70855 4.89321 -0.5
v 1.6646 1.16064 -0.5
v 2.88337 1.755 -0.5
v 2.88337 1.755 -0.5
v -2.39814 2.88443 -0.5
v 2.55863 1.55329 -0.5
v 2.22736 1.38047 -0.5
v -2.39814 2.88443 -0.5
v -2.49451 3.13317 -0.5
v 2.55863 1.55329 -0.5
v -2.43198 2.96559 -0.5
v -2.49451 3.13317 -0.5
v 2.22736 1.38047 -0.5
v -2.49451 3.13317 -0.5
v -2.39814 2.88443 -0.5
v -2.49783 5.68853 -0.5
v -2.49783 5.68853 -0.5
v 1.55092 1.12741 -0.5
v -2.52417 5.62524 -0.5
v -1.9207 2.10641 -0.5
v -2.52417 5.62524 -0.5
v -2.49783 5.68853 -0.5
v -1.9207 2.10641 -0.5
v 1.89098 1.23801 -0.5
v -2.11561 2.36507 -0.5
v 2.88337 1.755 -0.5
v -1.46611 1.67156 -0.5
v -1.64357 6.8229 -0.5
v -1.46611 1.67156 -0.5
v -1.5371 6.90658 -0.5
v -2.16067 2.43405 -0.5
v -2.16067 2.43405 -0.5
v -1.64357 6.8229 -0.5
v -2.06906 2.29781 -0.5
v -2.06906 2.29781 -0.5
v 2.98992 1.8284 -0.5
v -2.20421 2.50477 -0.5
v -1.40374 1.62489 -0.5
v -1.79629 6.68822 -0.5
v -1.40374 1.62489 -0.5
v -1.74636 6.7343 -0.5
v 2.00359 1.28203 -0.5
v -0.57398 1.19671 -0.5
v -1.74636 6.7343 -0.5
v -0.79428 1.28104 -0.5
v -0.79428 1.28104 -0.5
v -2.52417 5.62524 -0.5
v 1.6646 1.16064 -0.5
v -1.86844 2.04606 -0.5
v 1.32288 1.0721 -0.5
v -2.6496 5.23317 -0.5
v -1.86844 2.04606 -0.5
v -2.59402 5.4317 -0.5
v -2.6327 5.29985 -0.5
v -2.6327 5.29985 -0.5
v -0.57398 1.19671 -0.5
v -1.89313 6.59264 -0.5
v -1.89313 6.59264 -0.5
v -1.93998 6.54319 -0.5
v -1.93998 6.54319 -0.5
v -1.07844 7.18776 -0.5
v -2.66483 5.16601 -0.5
v -0.79428 1.28104 -0.5
v -2.66483 5.16601 -0.5
v -1.19759 7.12593 -0.5
v -2.70025 4.96198 -0.5
v -1.01786 7.21644 -0.5
v -2.70025 4.96198 -0.5
v -1.13836 7.15758 -0.5
v -1.9207 2.10641 -0.5
v -2.71973 4.75467 -0.5
v -2.67187 3.87385 -0.5
v -1.19759 7.12593 -0.5
v -2.71973 4.75467 -0.5
v -1.07844 7.18776 -0.5
v -2.67836 5.09841 -0.5
v -2.67836 5.09841 -0.5
v -1.13836 7.15758 -0.5
v -0.7217 1.25125 -0.5
v -2.69693 4.07671 -0.5
v -2.69693 4.07671 -0.5
v -0.42298 1.14885 -0.5
v -2.70643 4.1808 -0.5
v -2.70643 4.1808 -0.5
v -2.67187 3.87385 -0.5
v -0.49887 1.17195 -0.5
v -2.61947 3.58286 -0.5
v -0.89483 7.26918 -0.5
v -1.81483 1.98742 -0.5
v -0.19083 1.08956 -0.5
v -2.61947 3.58286 -0.5
v 1.20861 1.05014 -0.5
v -0.83243 7.29319 -0.5
v -2.63887 3.67809 -0.5
v -2.63887 3.67809 -0.5
v 0.63695 0.99948 -0.5
v -0.95665 7.24358 -0.5
v -0.95665 7.24358 -0.5
v 1.09425 1.03205 -0.5
v -2.07391 6.38856 -0.5
v -2.575 3.3977 -0.5
v -2.575 3.3977 -0.5
v -2.15743 6.28049 -0.5
v -0.11205 1.07311 -0.5
v -2.19737 6.22504 -0.5
v -2.15743 6.28049 -0.5
v -2.15743 6.28049 -0.5
v 0.04745 1.04519 -0.5
v -1.5371 6.90658 -0.5
v -2.11626 6.335 -0.5
v -2.19737 6.22504 -0.5
v -1.89313 6.59264 -0.5
v -1.98574 6.49268 -0.5
v -2.11626 6.335 -0.5
v -1.59078 6.86537 -0.5
v -2.11626 6.335 -0.5
v -2.59817 3.4894 -0.5
v -2.59817 3.4894 -0.5
v -2.07391 6.38856 -0.5
v -2.07391 6.38856 -0.5
v 0.20936 1.02388 -0.5
v -0.03261 1.05832 -0.5
v -2.03039 6.44113 -0.5
v -1.93998 6.54319 -0.5
v 2.33842 1.43477 -0.5
v -1.75988 1.9305 -0.5
v -1.75988 1.9305 -0.5
v -2.03039 6.44113 -0.5
v -1.59078 6.86537 -0.5
v -2.03039 6.44113 -0.5
v 0.12812 1.03371 -0.5
v -1.81483 1.98742 -0.5
v 2.22736 1.38047 -0.5
v 0.37344 1.00916 -0.5
v -1.98574 6.49268 -0.5
v -2.23608 6.16869 -0.5
v -2.6327 5.29985 -0.5
v -0.26893 1.10766 -0.5
v -1.37091 7.0224 -0.5
v -1.37091 7.0224 -0.5
v -0.26893 1.10766 -0.5
v -1.37091 7.0224 -0.5
v 4.08851 2.82101 -0.5
v -1.00649 1.38047 -0.5
v -0.706 7.33635 -0.5
v -2.39814 2.88443 -0.5
v -0.49887 1.17195 -0.5
v -0.49887 1.17195 -0.5
v -2.27352 6.11146 -0.5
v -1.42713 6.98512 -0.5
v -2.27352 6.11146 -0.5
v -2.39814 2.88443 -0.5
v -2.6496 5.23317 -0.5
v -1.31389 7.05831 -0.5
v 4.19251 2.75601 -0.5
v -1.0753 1.41698 -0.5
v -2.27352 6.11146 -0.5
v -2.71506 4.82409 -0.5
v -1.31389 7.05831 -0.5
v -0.42298 1.14885 -0.5
v -2.71506 4.82409 -0.5
v -0.42298 1.14885 -0.5
v -2.43198 2.96559 -0.5
v -2.43198 2.96559 -0.5
v -2.23608 6.16869 -0.5
v 3.75165 2.1449 -0.5
v 3.20015 1.98412 -0.5
v -1.14311 1.45517 -0.5
v -1.34023 1.57992 -0.5
v -1.34023 1.57992 -0.5
v -2.59402 5.4317 -0.5
v 3.09553 1.90479 -0.5
v -1.2756 1.53664 -0.5
v -1.2756 1.53664 -0.5
v -2.59402 5.4317 -0.5
v -2.61417 5.36604 -0.5
v -2.61417 5.36604 -0.5
v 3.90036 2.61693 -0.5
v -2.37795 5.93477 -0.5
v -2.44075 5.81308 -0.5
v -2.44075 5.81308 -0.5
v -2.44075 5.81308 -0.5
v -2.6496 5.23317 -0.5
v -2.47002 5.75115 -0.5
v 3.99517 2.71775 -0.5
v -0.64826 1.22314 -0.5
v -2.41005 5.8743 -0.5
v -0.64826 1.22314 -0.5
v -2.37795 5.93477 -0.5
v -1.14311 1.45517 -0.5
v -2.47002 5.75115 -0.5
v -0.51266 7.38856 -0.5
v -1.25611 7.09283 -0.5
v -1.20989 1.49506 -0.5
v -2.69018 5.03039 -0.5
v -1.19759 7.12593 -0.5
v -0.64826 1.22314 -0.5
v -2.69018 5.03039 -0.5
v -0.57398 1.19671 -0.5
v -1.13836 7.15758 -0.5
v -1.34023 1.57992 -0.5
v -2.28661 2.65141 -0.5
v -2.28661 2.65141 -0.5
v -1.25611 7.09283 -0.5
v -0.57757 7.37287 -0.5
v -0.706 7.33635 -0.5
v -2.46411 3.04851 -0.5
v -0.57757 7.37287 -0.5
v -2.46411 3.04851 -0.5
v -1.14311 1.45517 -0.5
v -2.49451 3.13317 -0.5
v -0.706 7.33635 -0.5
v -0.64202 7.35546 -0.5
v -2.49451 3.13317 -0.5
v -0.64202 7.35546 -0.5
v -0.26893 1.10766 -0.5
v -0.89483 7.26918 -0.5
v -0.51266 7.38856 -0.5
v -0.57757 7.37287 -0.5
v -0.89483 7.26918 -0.5
v -1.2756 1.53664 -0.5
v -2.2462 2.57722 -0.5
v -2.2462 2.57722 -0.5
v -0.51266 7.38856 -0.5
v -0.34632 1.12742 -0.5
v -1.01786 7.21644 -0.5
v -2.70855 4.89321 -0.5
v -2.70855 4.89321 -0.5
v -0.86595 1.3125 -0.5
v -1.31389 7.05831 -0.5
v -1.07844 7.18776 -0.5
v -2.72256 4.68497 -0.5
v -1.42713 6.98512 -0.5
v -0.9367 1.34564 -0.5
v -1.42713 6.98512 -0.5
v -2.72256 4.68497 -0.5
v -1.01786 7.21644 -0.5
v -2.7192 4.39434 -0.5
v -1.48254 6.94651 -0.5
v -1.48254 6.94651 -0.5
v -1.79629 6.68822 -0.5
v -1.79629 6.68822 -0.5
v -1.97158 2.16849 -0.5
v -2.7192 4.39434 -0.5
v -1.69544 6.7792 -0.5
v -1.69544 6.7792 -0.5
v -2.65635 3.77509 -0.5
v -2.61947 3.58286 -0.5
v -1.84523 6.64099 -0.5
v -1.84523 6.64099 -0.5
v -2.54998 3.30777 -0.5
v -1.59078 6.86537 -0.5
v 1.29324 6.76342 -0.5
v -1.59078 6.86537 -0.5
v -2.549 5.56133 -0.5
v -1.74636 6.7343 -0.5
v -1.74636 6.7343 -0.5
v -2.32543 2.72734 -0.5
v 1.24877 6.82971 -0.5
v -1.64357 6.8229 -0.5
v 1.33512 6.69428 -0.5
v 1.33512 6.69428 -0.5
v 1.29324 6.76342 -0.5
v 1.29324 6.76342 -0.5
v -1.64357 6.8229 -0.5
v -2.36261 2.80501 -0.5
v 0.19514 7.44058 -0.5
v -0.04803 7.44804 -0.5
v -2.27352 6.11146 -0.5
v -1.70363 1.8753 -0.5
v -0.04803 7.44804 -0.5
v -2.27352 6.11146 -0.5
v -0.04803 7.44804 -0.5
v -2.23608 6.16869 -0.5
v 0.0195 7.44901 -0.5
v -2.23608 6.16869 -0.5
v 0.27938 7.43015 -0.5
v -2.20421 2.50477 -0.5
v 0.0195 7.44901 -0.5
v 0.0195 7.44901 -0.5
v 0.19514 7.44058 -0.5
v -1.52731 1.71994 -0.5
v -2.72351 4.61501 -0.5
v -2.72351 4.61501 -0.5
v 0.1085 7.44689 -0.5
v -2.71386 4.28668 -0.5
v -2.71386 4.28668 -0.5
v 0.1085 7.44689 -0.5
v -2.06906 2.29781 -0.5
v 0.1085 7.44689 -0.5
v 0.19514 7.44058 -0.5
v -2.72242 4.50378 -0.5
v -2.72242 4.50378 -0.5
v -2.6854 3.97439 -0.5
v -2.6854 3.97439 -0.5
v -0.2491 7.43361 -0.5
v -2.02104 2.23229 -0.5
v -1.86844 2.04606 -0.5
v -0.38162 7.41468 -0.5
v -2.52417 5.62524 -0.5
v -2.52417 5.62524 -0.5
v 0.51769 7.37489 -0.5
v 0.44067 7.39723 -0.5
v 0.5395 1.001 -0.5
v -2.65635 3.77509 -0.5
v 0.97985 1.01788 -0.5
v 0.45624 1.00426 -0.5
v -2.65635 3.77509 -0.5
v -0.76948 7.31559 -0.5
v -0.76948 7.31559 -0.5
v 0.75115 1.00155 -0.5
v -2.36261 2.80501 -0.5
v -2.36261 2.80501 -0.5
v -0.83243 7.29319 -0.5
v -2.54998 3.30777 -0.5
v -2.54998 3.30777 -0.5
v -0.76948 7.31559 -0.5
v 0.86547 1.0077 -0.5
v -2.32543 2.72734 -0.5
v -2.32543 2.72734 -0.5
v -2.52314 3.21959 -0.5
v -2.52314 3.21959 -0.5
v -0.83243 7.29319 -0.5
v 1.33512 6.69428 -0.5
v 1.33512 6.69428 -0.5
v 0.44067 7.39723 -0.5
v 0.44067 7.39723 -0.5
v -2.63887 3.67809 -0.5
v -1.5371 6.90658 -0.5
v -1.5371 6.90658 -0.5
v 0.59228 7.34873 -0.5
v -2.61417 5.36604 -0.5
v -2.59817 3.4894 -0.5
v 0.59228 7.34873 -0.5
v 0.51769 7.37489 -0.5
v 0.19514 7.44058 -0.5
v 0.66442 7.31881 -0.5
v 0.59228 7.34873 -0.5
v -2.575 3.3977 -0.5
v 0.66442 7.31881 -0.5
v -2.6327 5.29985 -0.5
v -2.57229 5.4968 -0.5
v -2.59402 5.4317 -0.5
v 0.66442 7.31881 -0.5
v -2.59402 5.4317 -0.5
v 0.51769 7.37489 -0.5
v -2.52314 3.21959 -0.5
v -2.6327 5.29985 -0.5
v -2.57229 5.4968 -0.5
v -2.49783 5.68853 -0.5
v -2.549 5.56133 -0.5
v -2.49783 5.68853 -0.5
v 1.3744 6.62234 -0.5
v 0.86606 7.20731 -0.5
v -1.93998 6.54319 -0.5
v 1.3744 6.62234 -0.5
v 0.36123 7.41568 -0.5
v -2.39814 2.88443 -0.5
v 1.20173 6.89305 -0.5
v -1.93998 6.54319 -0.5
v 1.47652 6.39053 -0.5
v 0.92831 7.16314 -0.5
v 1.6315 5.66801 -0.5
v 0.27938 7.43015 -0.5
v 1.57557 6.04687 -0.5
v 1.6315 5.66801 -0.5
v 0.36123 7.41568 -0.5
v -2.23608 6.16869 -0.5
v 1.29585 4.93086 -0.5
v 0.27938 7.43015 -0.5
v 1.39117 4.92948 -0.5
v -2.30966 6.05338 -0.5
v 1.1717 4.96019 -0.5
v -2.27352 6.11146 -0.5
v 1.39117 4.92948 -0.5
v -2.47002 5.75115 -0.5
v 1.63485 5.36396 -0.5
v 1.53138 6.22339 -0.5
v 1.3585 4.92701 -0.5
v 1.3585 4.92701 -0.5
v 1.53138 6.22339 -0.5
v -2.34448 5.99447 -0.5
v 1.45094 4.94888 -0.5
v 1.29585 4.93086 -0.5
v 1.59362 5.95527 -0.5
v 1.50528 6.30817 -0.5
v 0.66442 7.31881 -0.5
v 0.66442 7.31881 -0.5
v -2.59402 5.4317 -0.5
v 1.39117 4.92948 -0.5
v 1.50528 6.30817 -0.5
v 0.59228 7.34873 -0.5
v 1.32712 4.92798 -0.5
v 1.47797 4.9656 -0.5
v -2.61417 5.36604 -0.5
v 1.6315 5.66801 -0.5
v 1.29585 4.93086 -0.5
v 1.47797 4.9656 -0.5
v 1.50528 6.30817 -0.5
v 0.19514 7.44058 -0.5
v 1.3585 4.92701 -0.5
v 1.32712 4.92798 -0.5
v 1.50305 4.98685 -0.5
v 0.59228 7.34873 -0.5
v -0.706 7.33635 -0.5
v -0.706 7.33635 -0.5
v 1.04527 7.06473 -0.5
v -2.70025 4.96198 -0.5
v 0.98805 7.11559 -0.5
v 1.63485 5.36396 -0.5
v 1.09997 7.01064 -0.5
v 1.47652 6.39053 -0.5
v 1.20173 6.89305 -0.5
v 1.20173 6.89305 -0.5
v 1.04527 7.06473 -0.5
v 1.47652 6.39053 -0.5
v -2.15743 6.28049 -0.5
v 1.44511 6.47039 -0.5
v -2.15743 6.28049 -0.5
v -2.49451 3.13317 -0.5
v 1.24877 6.82971 -0.5
v -2.07391 6.38856 -0.5
v -2.07391 6.38856 -0.5
v 1.41106 6.54769 -0.5
v -2.19737 6.22504 -0.5
v 1.44511 6.47039 -0.5
v -2.19737 6.22504 -0.5
v -2.46411 3.04851 -0.5
v -2.11626 6.335 -0.5
v -2.28661 2.65141 -0.5
v 0.80133 7.24803 -0.5
v 0.80133 7.24803 -0.5
v 1.24877 6.82971 -0.5
v -2.70855 4.89321 -0.5
v -2.11626 6.335 -0.5
v -2.2462 2.57722 -0.5
v 0.86606 7.20731 -0.5
v 0.92831 7.16314 -0.5
v -2.71506 4.82409 -0.5
v -1.98574 6.49268 -0.5
v -0.83243 7.29319 -0.5
v -1.98574 6.49268 -0.5
v -0.83243 7.29319 -0.5
v -1.89313 6.59264 -0.5
v 1.41106 6.54769 -0.5
v -2.43198 2.96559 -0.5
v -1.89313 6.59264 -0.5
v -2.03039 6.44113 -0.5
v -2.03039 6.44113 -0.5
v -0.76948 7.31559 -0.5
v -0.76948 7.31559 -0.5
v 0.73411 7.28522 -0.5
v 0.73411 7.28522 -0.5
v 1.44511 6.47039 -0.5
v 1.1717 4.96019 -0.5
v -2.37795 5.93477 -0.5
v -2.7192 4.39434 -0.5
v -1.07844 7.18776 -0.5
v 1.63958 5.48839 -0.5
v 1.26467 4.93558 -0.5
v 1.63958 5.48839 -0.5
v -1.07844 7.18776 -0.5
v -1.64609 1.8218 -0.5
v -2.44075 5.81308 -0.5
v 1.23359 4.94208 -0.5
v -1.13836 7.15758 -0.5
v 1.63758 5.57563 -0.5
v -2.71386 4.28668 -0.5
v 1.62899 5.30685 -0.5
v 1.62899 5.30685 -0.5
v -1.13836 7.15758 -0.5
v -1.81483 1.98742 -0.5
v -2.37795 5.93477 -0.5
v -2.37795 5.93477 -0.5
v -0.44734 7.40251 -0.5
v -0.44734 7.40251 -0.5
v -0.31553 7.42506 -0.5
v -2.44075 5.81308 -0.5
v -0.44734 7.40251 -0.5
v -2.47002 5.75115 -0.5
v -2.47002 5.75115 -0.5
v 0.36123 7.41568 -0.5
v -0.31553 7.42506 -0.5
v -2.6496 5.23317 -0.5
v -1.46611 1.67156 -0.5
v -2.6496 5.23317 -0.5
v -1.75988 1.9305 -0.5
v -0.31553 7.42506 -0.5
v -0.2491 7.43361 -0.5
v -2.41005 5.8743 -0.5
v -2.41005 5.8743 -0.5
v -0.38162 7.41468 -0.5
v -0.38162 7.41468 -0.5
v -2.34448 5.99447 -0.5
v -0.18236 7.44031 -0.5
v -2.34448 5.99447 -0.5
v -0.18236 7.44031 -0.5
v -2.16067 2.43405 -0.5
v 0.27938 7.43015 -0.5
v -2.61417 5.36604 -0.5
v -0.18236 7.44031 -0.5
v -0.11533 7.44513 -0.5
v -0.11533 7.44513 -0.5
v 0.36123 7.41568 -0.5
v -2.30966 6.05338 -0.5
v -2.30966 6.05338 -0.5
v -0.11533 7.44513 -0.5
v 0.27938 7.43015 -0.5
v -2.11561 2.36507 -0.5
v -1.40374 1.62489 -0.5
v -1.58731 1.77002 -0.5
v 1.422 4.9368 -0.5
v 1.60897 5.86154 -0.5
v 1.50305 4.98685 -0.5
v 1.50305 4.98685 -0.5
v 0.1085 7.44689 -0.5
v 0.19514 7.44058 -0.5
v 1.55482 6.13626 -0.5
v 1.6216 5.76577 -0.5
v 1.6216 5.76577 -0.5
v 1.50528 6.30817 -0.5
v -1.42713 6.98512 -0.5
v -1.42713 6.98512 -0.5
v -2.41005 5.8743 -0.5
v 1.59362 5.95527 -0.5
v 1.63758 5.57563 -0.5
v 1.63758 5.57563 -0.5
v -2.72351 4.61501 -0.5
v 1.45094 4.94888 -0.5
v 1.50305 4.98685 -0.5
v 1.53138 6.22339 -0.5
v 1.50305 4.98685 -0.5
v 0.1085 7.44689 -0.5
v 1.60897 5.86154 -0.5
v 1.63839 5.42451 -0.5
v -2.72242 4.50378 -0.5
v 1.63839 5.42451 -0.5
v 1.63839 5.42451 -0.5
v -1.31389 7.05831 -0.5
v -0.64202 7.35546 -0.5
v 1.61046 5.20338 -0.5
v -1.01786 7.21644 -0.5
v -1.01786 7.21644 -0.5
v -1.37091 7.0224 -0.5
v 1.62085 5.25329 -0.5
v 1.63958 5.48839 -0.5
v 1.63958 5.48839 -0.5
v -1.31389 7.05831 -0.5
v 1.62899 5.30685 -0.5
v 1.63839 5.42451 -0.5
v 1.61046 5.20338 -0.5
v 1.61046 5.20338 -0.5
v -1.37091 7.0224 -0.5
v -2.6854 3.97439 -0.5
v 1.62085 5.25329 -0.5
v 1.57557 6.04687 -0.5
v 1.2026 4.9503 -0.5
v 1.57557 6.04687 -0.5
v 1.26467 4.93558 -0.5
v -1.19759 7.12593 -0.5
v -1.19759 7.12593 -0.5
v 1.2026 4.9503 -0.5
v 1.2026 4.9503 -0.5
v 1.26467 4.93558 -0.5
v 1.62085 5.25329 -0.5
v 1.55482 6.13626 -0.5
v 1.23359 4.94208 -0.5
v 1.55482 6.13626 -0.5
v -2.44075 5.81308 -0.5
v 0.6854 5.29375 -0.5
v -2.549 5.56133 -0.5
v 1.5831 5.11497 -0.5
v -0.44734 7.40251 -0.5
v -2.57229 5.4968 -0.5
v -0.44734 7.40251 -0.5
v 1.5831 5.11497 -0.5
v 0.74566 5.23829 -0.5
v 0.71552 5.26568 -0.5
v -1.69544 6.7792 -0.5
v -0.706 7.33635 -0.5
v 0.74566 5.23829 -0.5
v 1.52614 5.01252 -0.5
v 1.04527 7.06473 -0.5
v 0.29331 5.69215 -0.5
v -0.2008 6.12549 -0.5
v 0.98805 7.11559 -0.5
v 0.98805 7.11559 -0.5
v -0.16924 6.10455 -0.5
v 1.04527 7.06473 -0.5
v -0.51266 7.38856 -0.5
v -0.64202 7.35546 -0.5
v -0.57757 7.37287 -0.5
v -1.37091 7.0224 -0.5
v 1.63839 5.42451 -0.5
v 1.63839 5.42451 -0.5
v -0.2008 6.12549 -0.5
v 0.23255 5.75406 -0.5
v -0.26428 6.16381 -0.5
v 0.26296 5.72323 -0.5
v -0.2962 6.18106 -0.5
v 0.29331 5.69215 -0.5
v 1.59787 5.15724 -0.5
v 1.59787 5.15724 -0.5
v 1.63958 5.48839 -0.5
v 1.63958 5.48839 -0.5
v -1.42713 6.98512 -0.5
v -0.23248 6.14526 -0.5
v 0.26296 5.72323 -0.5
v -0.26428 6.16381 -0.5
v -1.25611 7.09283 -0.5
v 0.47465 5.50397 -0.5
v 1.24877 6.82971 -0.5
v 1.24877 6.82971 -0.5
v 1.20173 6.89305 -0.5
v 1.20173 6.89305 -0.5
v -2.11626 6.335 -0.5
v -2.07391 6.38856 -0.5
v 1.47652 6.39053 -0.5
v 1.47652 6.39053 -0.5
v 0.6854 5.29375 -0.5
v -0.2491 7.43361 -0.5
v 0.95743 5.07064 -0.5
v 0.6854 5.29375 -0.5
v 0.95743 5.07064 -0.5
v -1.74636 6.7343 -0.5
v 1.422 4.9368 -0.5
v -2.49783 5.68853 -0.5
v 1.422 4.9368 -0.5
v 1.59362 5.95527 -0.5
v -2.52417 5.62524 -0.5
v -0.2491 7.43361 -0.5
v -0.31553 7.42506 -0.5
v 1.45094 4.94888 -0.5
v 1.45094 4.94888 -0.5
v -0.31553 7.42506 -0.5
v 1.47797 4.9656 -0.5
v 1.47797 4.9656 -0.5
v -2.6327 5.29985 -0.5
v 1.5662 5.07669 -0.5
v 0.51769 7.37489 -0.5
v 1.6216 5.76577 -0.5
v 0.77581 5.21164 -0.5
v 0.51769 7.37489 -0.5
v 1.5831 5.11497 -0.5
v -2.6496 5.23317 -0.5
v 1.60897 5.86154 -0.5
v 1.5831 5.11497 -0.5
v 0.44067 7.39723 -0.5
v 1.50305 4.98685 -0.5
v 0.44067 7.39723 -0.5
v 1.52614 5.01252 -0.5
v 0.26296 5.72323 -0.5
v 0.74566 5.23829 -0.5
v 0.0195 7.44901 -0.5
v 0.0195 7.44901 -0.5
v 1.5472 5.0425 -0.5
v 1.5472 5.0425 -0.5
v -1.79629 6.68822 -0.5
v -0.04803 7.44804 -0.5
v -0.04803 7.44804 -0.5
v 1.5662 5.07669 -0.5
v -0.38162 7.41468 -0.5
v -1.84523 6.64099 -0.5
v -0.38162 7.41468 -0.5
v 0.77581 5.21164 -0.5
v 1.5662 5.07669 -0.5
v 1.5662 5.07669 -0.5
v -0.89483 7.26918 -0.5
v 0.80133 7.24803 -0.5
v 0.80133 7.24803 -0.5
v -0.83243 7.29319 -0.5
v 0.73411 7.28522 -0.5
v 0.73411 7.28522 -0.5
v 1.15213 6.95339 -0.5
v 1.59787 5.15724 -0.5
v -2.66483 5.16601 -0.5
v 1.59787 5.15724 -0.5
v 1.15213 6.95339 -0.5
v 1.09997 7.01064 -0.5
v -2.67836 5.09841 -0.5
v -2.71973 4.75467 -0.5
v 0.80133 7.24803 -0.5
v 0.92831 7.16314 -0.5
v 1.41106 6.54769 -0.5
v 1.15213 6.95339 -0.5
v 1.04527 7.06473 -0.5
v 0.73411 7.28522 -0.5
v 0.86606 7.20731 -0.5
v -0.95665 7.24358 -0.5
v -0.95665 7.24358 -0.5
v 0.98805 7.11559 -0.5
v -0.51266 7.38856 -0.5
v -0.51266 7.38856 -0.5
v 1.3744 6.62234 -0.5
v -2.72256 4.68497 -0.5
v -0.89483 7.26918 -0.5
v -0.89483 7.26918 -0.5
v -2.67187 3.87385 -0.5
v -0.57757 7.37287 -0.5
v -0.57757 7.37287 -0.5
v -1.25611 7.09283 -0.5
v -2.70643 4.1808 -0.5
v 0.98805 7.11559 -0.5
v 1.63485 5.36396 -0.5
v -0.64202 7.35546 -0.5
v -2.69018 5.03039 -0.5
v 1.09997 7.01064 -0.5
v 1.59787 5.15724 -0.5
v -2.69693 4.07671 -0.5
v 1.61046 5.20338 -0.5
v -1.25611 7.09283 -0.5
v 1.63485 5.36396 -0.5
v 1.62085 5.25329 -0.5
v -0.2962 6.18106 -0.5
v -0.0752 6.03534 -0.5
v -0.0752 6.03534 -0.5
v 0.20209 5.78459 -0.5
v 1.63485 5.36396 -0.5
v -1.31389 7.05831 -0.5
v 0.20209 5.78459 -0.5
v -0.23248 6.14526 -0.5
v 1.63485 5.36396 -0.5
v -0.01301 5.98449 -0.5
v 0.92831 7.16314 -0.5
v 0.23255 5.75406 -0.5
v 1.07947 4.99917 -0.5
v 1.14088 4.97166 -0.5
v 0.92831 7.16314 -0.5
v 1.11014 4.98468 -0.5
v -0.76948 7.31559 -0.5
v 1.11014 4.98468 -0.5
v 0.92706 5.09158 -0.5
v 0.86606 7.20731 -0.5
v 1.14088 4.97166 -0.5
v -1.98574 6.49268 -0.5
v 0.86606 7.20731 -0.5
v -2.03039 6.44113 -0.5
v 1.41106 6.54769 -0.5
v 1.41106 6.54769 -0.5
v 1.07947 4.99917 -0.5
v 1.04886 5.01507 -0.5
v 1.04886 5.01507 -0.5
v 1.3744 6.62234 -0.5
v -1.89313 6.59264 -0.5
v 1.3744 6.62234 -0.5
v 1.07947 4.99917 -0.5
v -0.95665 7.24358 -0.5
v 1.09997 7.01064 -0.5
v 1.09997 7.01064 -0.5
v 1.15213 6.95339 -0.5
v 1.15213 6.95339 -0.5
v 1.50528 6.30817 -0.5
v 1.50528 6.30817 -0.5
v 0.6553 5.32243 -0.5
v 1.62899 5.30685 -0.5
v 0.01795 5.95784 -0.5
v 1.62899 5.30685 -0.5
v 0.6553 5.32243 -0.5
v 0.50478 5.4729 -0.5
v 1.60897 5.86154 -0.5
v 0.04883 5.93045 -0.5
v 1.60897 5.86154 -0.5
v 0.50478 5.4729 -0.5
v 0.32362 5.66089 -0.5
v -0.01301 5.98449 -0.5
v -0.01301 5.98449 -0.5
v 0.07963 5.90238 -0.5
v 1.6216 5.76577 -0.5
v 0.47465 5.50397 -0.5
v 1.6216 5.76577 -0.5
v 0.11035 5.8737 -0.5
v 0.47465 5.50397 -0.5
v -0.16924 6.10455 -0.5
v 0.01795 5.95784 -0.5
v 1.57557 6.04687 -0.5
v 1.57557 6.04687 -0.5
v 0.38413 5.59806 -0.5
v 0.35389 5.62951 -0.5
v -0.16924 6.10455 -0.5
v -1.07844 7.18776 -0.5
v 0.565 5.41154 -0.5
v 0.32362 5.66089 -0.5
v 0.35389 5.62951 -0.5
v 0.53489 5.44207 -0.5
v 1.63758 5.57563 -0.5
v -0.10644 6.05941 -0.5
v 1.63758 5.57563 -0.5
v -1.01786 7.21644 -0.5
v -0.10644 6.05941 -0.5
v 0.17158 5.81474 -0.5
v -1.19759 7.12593 -0.5
v 1.53138 6.22339 -0.5
v 1.53138 6.22339 -0.5
v 1.62085 5.25329 -0.5
v -0.13779 6.0825 -0.5
v 1.55482 6.13626 -0.5
v 0.14099 5.84447 -0.5
v 1.62085 5.25329 -0.5
v -0.13779 6.0825 -0.5
v 0.62519 5.35166 -0.5
v 0.38413 5.59806 -0.5
v 0.41433 5.56662 -0.5
v 0.41433 5.56662 -0.5
v 1.55482 6.13626 -0.5
v 0.07963 5.90238 -0.5
v 1.61046 5.20338 -0.5
v -1.13836 7.15758 -0.5
v -0.90802 6.21175 -0.5
v 1.61046 5.20338 -0.5
v 0.66442 7.31881 -0.5
v -0.31553 7.42506 -0.5
v -0.96153 6.18908 -0.5
v 1.23359 4.94208 -0.5
v 1.23359 4.94208 -0.5
v 0.77581 5.21164 -0.5
v -1.41914 5.77693 -0.5
v -1.58463 5.45541 -0.5
v 0.77581 5.21164 -0.5
v -0.42522 6.23594 -0.5
v -1.52418 5.59255 -0.5
v 1.47652 6.39053 -0.5
v -1.5554 5.52536 -0.5
v -0.36044 6.21145 -0.5
v -0.42522 6.23594 -0.5
v 1.20173 6.89305 -0.5
v -1.52418 5.59255 -0.5
v 1.5472 5.0425 -0.5
v 1.5472 5.0425 -0.5
v -1.5554 5.52536 -0.5
v 1.52614 5.01252 -0.5
v -0.32825 6.19696 -0.5
v -0.32825 6.19696 -0.5
v -1.41914 5.77693 -0.5
v 1.52614 5.01252 -0.5
v -0.18236 7.44031 -0.5
v 1.33512 6.69428 -0.5
v 0.17158 5.81474 -0.5
v 0.17158 5.81474 -0.5
v 1.5831 5.11497 -0.5
v 1.5831 5.11497 -0.5
v -0.52351 6.26055 -0.5
v -0.52351 6.26055 -0.5
v -1.58463 5.45541 -0.5
v -0.55659 6.26527 -0.5
v 0.14099 5.84447 -0.5
v -0.36044 6.21145 -0.5
v -1.61183 5.38275 -0.5
v 1.5662 5.07669 -0.5
v 1.5662 5.07669 -0.5
v -0.55659 6.26527 -0.5
v 0.04883 5.93045 -0.5
v 1.6315 5.66801 -0.5
v -0.04406 6.01035 -0.5
v -0.04406 6.01035 -0.5
v 0.4445 5.53523 -0.5
v 0.53489 5.44207 -0.5
v 1.422 4.9368 -0.5
v -1.52418 5.59255 -0.5
v 1.422 4.9368 -0.5
v -0.49059 6.25405 -0.5
v -0.45783 6.24582 -0.5
v -0.6825 6.26601 -0.5
v -0.45783 6.24582 -0.5
v -0.6825 6.26601 -0.5
v -0.6825 6.26601 -0.5
v 1.50305 4.98685 -0.5
v -0.6825 6.26601 -0.5
v 1.50305 4.98685 -0.5
v -0.11533 7.44513 -0.5
v 0.83621 5.16079 -0.5
v 0.89673 5.11362 -0.5
v 0.89673 5.11362 -0.5
v 1.33512 6.69428 -0.5
v 1.52614 5.01252 -0.5
v 1.33512 6.69428 -0.5
v -0.04803 7.44804 -0.5
v 0.86645 5.13671 -0.5
v 0.89673 5.11362 -0.5
v 1.5472 5.0425 -0.5
v 1.5472 5.0425 -0.5
v 1.47797 4.9656 -0.5
v 1.47797 4.9656 -0.5
v 0.41433 5.56662 -0.5
v -0.2491 7.43361 -0.5
v 1.29324 6.76342 -0.5
v -0.6825 6.26601 -0.5
v -0.6825 6.26601 -0.5
v 1.29324 6.76342 -0.5
v 1.52614 5.01252 -0.5
v -1.59078 6.86537 -0.5
v -0.6825 6.26601 -0.5
v 1.32712 4.92798 -0.5
v 1.32712 4.92798 -0.5
v -0.11533 7.44513 -0.5
v -1.5371 6.90658 -0.5
v -0.58983 6.26815 -0.5
v -1.64357 6.8229 -0.5
v -0.7405 6.25802 -0.5
v 0.83621 5.16079 -0.5
v -0.7405 6.25802 -0.5
v 0.806 5.18578 -0.5
v 1.29585 4.93086 -0.5
v 1.29585 4.93086 -0.5
v -0.11533 7.44513 -0.5
v 0.44067 7.39723 -0.5
v -1.48254 6.94651 -0.5
v 0.806 5.18578 -0.5
v 0.86645 5.13671 -0.5
v -0.58983 6.26815 -0.5
v -0.90802 6.21175 -0.5
v -0.18236 7.44031 -0.5
v 0.83621 5.16079 -0.5
v -0.18236 7.44031 -0.5
v 0.35389 5.62951 -0.5
v 1.52614 5.01252 -0.5
v 1.39117 4.92948 -0.5
v 1.39117 4.92948 -0.5
v 1.01833 5.03232 -0.5
v -2.15743 6.28049 -0.5
v -1.93998 6.54319 -0.5
v 0.71552 5.26568 -0.5
v 0.98785 5.05087 -0.5
v -0.62323 6.26912 -0.5
v 1.3585 4.92701 -0.5
v 1.3585 4.92701 -0.5
v 0.98785 5.05087 -0.5
v 1.44511 6.47039 -0.5
v 1.44511 6.47039 -0.5
v -2.19737 6.22504 -0.5
v 1.01833 5.03232 -0.5
v 1.24877 6.82971 -0.5
v -1.41914 5.77693 -0.5
v 1.01833 5.03232 -0.5
v -1.74083 4.08542 -0.5
v 0.95743 5.07064 -0.5
v -1.38051 5.8325 -0.5
v -0.39276 6.22446 -0.5
v 0.92706 5.09158 -0.5
v -1.74083 4.08542 -0.5
v 1.14088 4.97166 -0.5
v 1.29324 6.76342 -0.5
v -0.39276 6.22446 -0.5
v -0.49059 6.25405 -0.5
v 1.45094 4.94888 -0.5
v -0.45783 6.24582 -0.5
v 1.45094 4.94888 -0.5
v 0.0195 7.44901 -0.5
v -1.75916 4.30839 -0.5
v -1.75624 4.6157 -0.5
v -1.7615 4.42001 -0.5
v -1.7615 4.42001 -0.5
v 0.73411 7.28522 -0.5
v -1.70537 3.86432 -0.5
v -1.75916 4.30839 -0.5
v 0.86645 5.13671 -0.5
v -1.29812 5.93444 -0.5
v -1.20926 6.02377 -0.5
v -1.34015 5.88501 -0.5
v 0.86645 5.13671 -0.5
v -1.34015 5.88501 -0.5
v 1.01833 5.03232 -0.5
v 1.01833 5.03232 -0.5
v 1.15213 6.95339 -0.5
v 0.83621 5.16079 -0.5
v -1.25448 5.98071 -0.5
v 0.83621 5.16079 -0.5
v -1.25448 5.98071 -0.5
v 1.09997 7.01064 -0.5
v 0.98785 5.05087 -0.5
v -1.11435 6.10006 -0.5
v 0.98785 5.05087 -0.5
v -1.58463 5.45541 -0.5
v -1.75221 4.19679 -0.5
v 1.41106 6.54769 -0.5
v -1.76018 4.51891 -0.5
v -1.75624 4.6157 -0.5
v -1.20926 6.02377 -0.5
v 0.92831 7.16314 -0.5
v -1.72516 3.97452 -0.5
v -1.74083 4.08542 -0.5
v -1.76018 4.51891 -0.5
v -1.456 5.71839 -0.5
v -1.456 5.71839 -0.5
v -1.72516 3.97452 -0.5
v 1.44511 6.47039 -0.5
v 0.89673 5.11362 -0.5
v 0.89673 5.11362 -0.5
v 0.74566 5.23829 -0.5
v 0.74566 5.23829 -0.5
v -1.49103 5.65691 -0.5
v 0.80133 7.24803 -0.5
v -1.49103 5.65691 -0.5
v -1.70537 3.86432 -0.5
v -1.75221 4.19679 -0.5
v 0.6854 5.29375 -0.5
v 1.3744 6.62234 -0.5
v 0.6854 5.29375 -0.5
v 0.71552 5.26568 -0.5
v 0.71552 5.26568 -0.5
v -1.75221 4.19679 -0.5
v -1.61183 5.38275 -0.5
v -1.70537 3.86432 -0.5
v -1.29812 5.93444 -0.5
v -1.38051 5.8325 -0.5
v 0.86606 7.20731 -0.5
v 1.61046 5.20338 -0.5
v 1.63758 5.57563 -0.5
v -1.74073 4.80272 -0.5
v -0.2962 6.18106 -0.5
v -0.2962 6.18106 -0.5
v -1.46413 3.13206 -0.5
v -1.46413 3.13206 -0.5
v -1.46413 3.13206 -0.5
v 0.62519 5.35166 -0.5
v 0.62519 5.35166 -0.5
v -1.68159 3.75505 -0.5
v -0.2008 6.12549 -0.5
v -0.2008 6.12549 -0.5
v 1.3585 4.92701 -0.5
v -1.50851 3.23085 -0.5
v -1.54984 3.33197 -0.5
v 0.5951 5.38139 -0.5
v -1.654 3.64695 -0.5
v -1.68159 3.75505 -0.5
v -1.41686 3.03583 -0.5
v -1.54984 3.33197 -0.5
v -0.23248 6.14526 -0.5
v -1.41686 3.03583 -0.5
v -0.23248 6.14526 -0.5
v -1.54984 3.33197 -0.5
v 1.32712 4.92798 -0.5
v 0.565 5.41154 -0.5
v 0.565 5.41154 -0.5
v 1.59362 5.95527 -0.5
v -1.50851 3.23085 -0.5
v -1.50851 3.23085 -0.5
v 1.2026 4.9503 -0.5
v 0.6553 5.32243 -0.5
v 0.6553 5.32243 -0.5
v -1.25923 2.7648 -0.5
v -1.25923 2.7648 -0.5
v 1.23359 4.94208 -0.5
v 1.60897 5.86154 -0.5
v -1.25923 2.7648 -0.5
v 1.1717 4.96019 -0.5
v 1.39117 4.92948 -0.5
v -1.20193 2.68111 -0.5
v -1.36685 2.94239 -0.5
v -1.20193 2.68111 -0.5
v -1.20193 2.68111 -0.5
v -1.7154 4.98064 -0.5
v -1.72516 3.97452 -0.5
v 0.5951 5.38139 -0.5
v -1.01794 2.4533 -0.5
v 0.806 5.18578 -0.5
v 0.806 5.18578 -0.5
v -1.72516 3.97452 -0.5
v -1.29812 5.93444 -0.5
v -1.72927 4.89285 -0.5
v -1.72927 4.89285 -0.5
v -1.7154 4.98064 -0.5
v -1.75624 4.6157 -0.5
v 0.95743 5.07064 -0.5
v 1.55482 6.13626 -0.5
v 0.50478 5.4729 -0.5
v 0.50478 5.4729 -0.5
v 1.26467 4.93558 -0.5
v 1.6216 5.76577 -0.5
v -1.08114 2.52513 -0.5
v 1.6315 5.66801 -0.5
v 1.50528 6.30817 -0.5
v 0.47465 5.50397 -0.5
v 0.47465 5.50397 -0.5
v -1.08114 2.52513 -0.5
v -1.14252 2.60115 -0.5
v -1.65989 5.2295 -0.5
v 0.32362 5.66089 -0.5
v -1.14252 2.60115 -0.5
v -1.63693 5.30743 -0.5
v 0.32362 5.66089 -0.5
v 1.62899 5.30685 -0.5
v -1.63693 5.30743 -0.5
v 0.53489 5.44207 -0.5
v 0.53489 5.44207 -0.5
v -1.63693 5.30743 -0.5
v 0.38413 5.59806 -0.5
v -0.9531 2.38588 -0.5
v -1.08114 2.52513 -0.5
v -1.69918 5.06605 -0.5
v 1.62085 5.25329 -0.5
v -1.65989 5.2295 -0.5
v 0.38413 5.59806 -0.5
v 0.35389 5.62951 -0.5
v 0.35389 5.62951 -0.5
v 1.57557 6.04687 -0.5
v -1.654 3.64695 -0.5
v -1.68159 3.75505 -0.5
v -0.26428 6.16381 -0.5
v -0.26428 6.16381 -0.5
v 1.29585 4.93086 -0.5
v 1.1717 4.96019 -0.5
v 1.1717 4.96019 -0.5
v 0.1085 7.44689 -0.5
v 1.26467 4.93558 -0.5
v 1.26467 4.93558 -0.5
v 0.51769 7.37489 -0.5
v -0.44734 7.40251 -0.5
v -0.85331 6.23084 -0.5
v 0.11035 5.8737 -0.5
v -0.96153 6.18908 -0.5
v 0.07963 5.90238 -0.5
v -0.79745 6.24628 -0.5
v -0.38162 7.41468 -0.5
v -0.85331 6.23084 -0.5
v 0.59228 7.34873 -0.5
v -0.79745 6.24628 -0.5
v 1.2026 4.9503 -0.5
v 1.2026 4.9503 -0.5
v 0.36123 7.41568 -0.5
v 0.565 5.41154 -0.5
v 0.565 5.41154 -0.5
v 1.6315 5.66801 -0.5
v 1.59362 5.95527 -0.5
v 1.59362 5.95527 -0.5
v -0.7405 6.25802 -0.5
v 0.19514 7.44058 -0.5
v 0.4445 5.53523 -0.5
v 0.62519 5.35166 -0.5
v 0.62519 5.35166 -0.5
v 0.5951 5.38139 -0.5
v -1.31425 2.85196 -0.5
v -1.36685 2.94239 -0.5
v 0.27938 7.43015 -0.5
v 0.5951 5.38139 -0.5
v -1.31425 2.85196 -0.5
v -1.01794 2.4533 -0.5
v 1.53138 6.22339 -0.5
v -1.31425 2.85196 -0.5
v 0.4445 5.53523 -0.5
v 0.4445 5.53523 -0.5
v -1.36685 2.94239 -0.5
v -0.9531 2.38588 -0.5
v -0.9531 2.38588 -0.5
v -0.46579 2.05701 -0.5
v 0.04883 5.93045 -0.5
v -0.46579 2.05701 -0.5
v 0.04883 5.93045 -0.5
v -0.24758 2.00546 -0.5
v -0.04406 6.01035 -0.5
v -0.03985 2.00526 -0.5
v -0.24758 2.00546 -0.5
v 1.52614 5.01252 -0.5
v -0.04406 6.01035 -0.5
v 1.45094 4.94888 -0.5
v -1.62274 3.54025 -0.5
v -0.13779 6.0825 -0.5
v -0.60943 2.1231 -0.5
v -0.60943 2.1231 -0.5
v -0.13779 6.0825 -0.5
v 1.5662 5.07669 -0.5
v -0.39327 2.03325 -0.5
v -0.24758 2.00546 -0.5
v 0.01795 5.95784 -0.5
v 0.01795 5.95784 -0.5
v 1.5472 5.0425 -0.5
v -0.03985 2.00526 -0.5
v -0.39327 2.03325 -0.5
v 1.50305 4.98685 -0.5
v -0.0752 6.03534 -0.5
v -0.0752 6.03534 -0.5
v -0.75016 2.21242 -0.5
v -1.58797 3.43518 -0.5
v -1.58797 3.43518 -0.5
v -1.58797 3.43518 -0.5
v -0.5379 2.08704 -0.5
v -0.16924 6.10455 -0.5
v 1.422 4.9368 -0.5
v -1.62274 3.54025 -0.5
v -1.62274 3.54025 -0.5
v 1.5831 5.11497 -0.5
v -0.75016 2.21242 -0.5
v -0.16924 6.10455 -0.5
v -0.5379 2.08704 -0.5
v 0.86645 5.13671 -0.5
v -0.79745 6.24628 -0.5
v 1.47797 4.9656 -0.5
v -0.10644 6.05941 -0.5
v -0.88675 2.32311 -0.5
v -0.68024 2.16498 -0.5
v -0.10644 6.05941 -0.5
v -0.5379 2.08704 -0.5
v -0.68024 2.16498 -0.5
v -1.654 3.64695 -0.5
v -0.88675 2.32311 -0.5
v -0.81905 2.26521 -0.5
v 0.26296 5.72323 -0.5
v -0.42522 6.23594 -0.5
v -0.88675 2.32311 -0.5
v -0.42522 6.23594 -0.5
v -0.39276 6.22446 -0.5
v -0.39276 6.22446 -0.5
v 0.29331 5.69215 -0.5
v -0.36044 6.21145 -0.5
v -0.36044 6.21145 -0.5
v 0.08189 2.01137 -0.5
v -0.32825 6.19696 -0.5
v -0.32825 6.19696 -0.5
v -0.32048 2.01599 -0.5
v -0.01301 5.98449 -0.5
v -0.01301 5.98449 -0.5
v -0.32048 2.01599 -0.5
v 1.04886 5.01507 -0.5
v -0.03985 2.00526 -0.5
v -0.52351 6.26055 -0.5
v -0.52351 6.26055 -0.5
v 0.92706 5.09158 -0.5
v -0.90802 6.21175 -0.5
v -0.90802 6.21175 -0.5
v -0.49059 6.25405 -0.5
v 1.14088 4.97166 -0.5
v -0.49059 6.25405 -0.5
v -0.45783 6.24582 -0.5
v -0.45783 6.24582 -0.5
v 0.98785 5.05087 -0.5
v -0.79745 6.24628 -0.5
v 0.20269 2.02028 -0.5
v -0.7405 6.25802 -0.5
v 0.20269 2.02028 -0.5
v -0.7405 6.25802 -0.5
v 1.11014 4.98468 -0.5
v -0.6825 6.26601 -0.5
v -0.6825 6.26601 -0.5
v 0.20269 2.02028 -0.5
v -0.62323 6.26912 -0.5
v 0.806 5.18578 -0.5
v -0.62323 6.26912 -0.5
v 0.95743 5.07064 -0.5
v -0.96153 6.18908 -0.5
v -0.96153 6.18908 -0.5
v -0.58983 6.26815 -0.5
v -0.58983 6.26815 -0.5
v -0.75016 2.21242 -0.5
v -0.81905 2.26521 -0.5
v -0.85331 6.23084 -0.5
v 1.01833 5.03232 -0.5
v -0.85331 6.23084 -0.5
v -1.74974 4.71032 -0.5
v 0.20209 5.78459 -0.5
v 0.20209 5.78459 -0.5
v 1.63958 5.48839 -0.5
v 0.41433 5.56662 -0.5
v 0.41433 5.56662 -0.5
v -1.69918 5.06605 -0.5
v 0.26296 5.72323 -0.5
v -1.69918 5.06605 -0.5
v 0.26296 5.72323 -0.5
v -1.68066 5.14903 -0.5
v -1.7154 4.98064 -0.5
v -1.68066 5.14903 -0.5
v 0.23255 5.75406 -0.5
v -1.72927 4.89285 -0.5
v 0.23255 5.75406 -0.5
v 1.07947 4.99917 -0.5
v -1.74974 4.71032 -0.5
v -1.65989 5.2295 -0.5
v 1.07947 4.99917 -0.5
v -1.75916 4.30839 -0.5
v -1.11435 6.10006 -0.5
v 0.98805 7.11559 -0.5
v -1.11435 6.10006 -0.5
v 0.92706 5.09158 -0.5
v 0.92706 5.09158 -0.5
v 0.29331 5.69215 -0.5
v 1.04527 7.06473 -0.5
v -1.16254 6.06357 -0.5
v -1.74073 4.80272 -0.5
v 1.04886 5.01507 -0.5
v -1.76018 4.51891 -0.5
v -1.01379 6.16287 -0.5
v -1.01379 6.16287 -0.5
v 1.63839 5.42451 -0.5
v -1.7615 4.42001 -0.5
v -1.74073 4.80272 -0.5
v 1.04886 5.01507 -0.5
v 0.29331 5.69215 -0.5
v 1.11014 4.98468 -0.5
v -1.06475 6.13317 -0.5
v -1.06475 6.13317 -0.5
v -1.16254 6.06357 -0.5
v 1.63485 5.36396 -0.5
v -0.55659 6.26527 -0.5
v 1.07947 4.99917 -0.5
v 1.59787 5.15724 -0.5
v -0.55659 6.26527 -0.5
v -1.74974 4.71032 -0.5
v 0.95743 5.07064 -0.5
v 1.14088 4.97166 -0.5
v 1.14088 4.97166 -0.5
v 1.11014 4.98468 -0.5
v -1.58463 5.45541 -0.5
v 0.6553 5.32243 -0.5
v 1.01919 2.15875 -0.5
v 0.32362 5.66089 -0.5
v 1.35172 2.25709 -0.5
v 1.56695 2.33501 -0.5
v 1.35172 2.25709 -0.5
v -1.41914 5.77693 -0.5
v -1.41914 5.77693 -0.5
v 0.565 5.41154 -0.5
v 1.35172 2.25709 -0.5
v -1.52418 5.59255 -0.5
v -1.52418 5.59255 -0.5
v 0.38413 5.59806 -0.5
v 0.62519 5.35166 -0.5
v 1.01919 2.15875 -0.5
v -1.61183 5.38275 -0.5
v -1.61183 5.38275 -0.5
v 1.01919 2.15875 -0.5
v -1.58463 5.45541 -0.5
v 1.13128 2.18902 -0.5
v 1.13128 2.18902 -0.5
v 1.13128 2.18902 -0.5
v 0.55912 2.06359 -0.5
v 0.90589 2.13105 -0.5
v 0.23255 5.75406 -0.5
v 0.90589 2.13105 -0.5
v 0.90589 2.13105 -0.5
v -1.5554 5.52536 -0.5
v 0.79143 2.10593 -0.5
v -1.5554 5.52536 -0.5
v 0.35389 5.62951 -0.5
v 0.4445 5.53523 -0.5
v 0.47465 5.50397 -0.5
v 0.79143 2.10593 -0.5
v 0.79143 2.10593 -0.5
v 0.50478 5.4729 -0.5
v 0.41433 5.56662 -0.5
v 0.20209 5.78459 -0.5
v 0.55912 2.06359 -0.5
v 0.55912 2.06359 -0.5
v 0.53489 5.44207 -0.5
v -1.74073 4.80272 -0.5
v -1.74073 4.80272 -0.5
v 0.11035 5.8737 -0.5
v -1.74974 4.71032 -0.5
v 0.07963 5.90238 -0.5
v 0.44134 2.04642 -0.5
v 0.44134 2.04642 -0.5
v 0.32252 2.03198 -0.5
v -1.65989 5.2295 -0.5
v -1.65989 5.2295 -0.5
v -1.7154 4.98064 -0.5
v -1.7154 4.98064 -0.5
v -1.74974 4.71032 -0.5
v 4.48025 6.89037 0.5
v 4.48025 6.89037 0.5
v -0.04406 6.01035 -0.5
v -1.75916 4.30839 -0.5
v -1.75916 4.30839 -0.5
v -1.7615 4.42001 -0.5
v 0.14099 5.84447 -0.5
v -1.7615 4.42001 -0.5
v 0.17158 5.81474 -0.5
v -1.72927 4.89285 -0.5
v -1.72927 4.89285 -0.5
v 0.5951 5.38139 -0.5
v 1.24213 2.22181 -0.5
v 1.24213 2.22181 -0.5
v 1.46 2.29484 -0.5
v -1.38051 5.8325 -0.5
v -1.38051 5.8325 -0.5
v -1.75624 4.6157 -0.5
v -1.75624 4.6157 -0.5
v 4.48025 6.89037 0.5
v -1.70537 3.86432 -0.5
v 3.30198 3.51764 -0.5
v 3.14926 3.35888 -0.5
v 3.14926 3.35888 -0.5
v 4.49151 6.61701 0.5
v -0.16924 6.10455 -0.5
v -1.72516 3.97452 -0.5
v -1.72516 3.97452 -0.5
v -0.01301 5.98449 -0.5
v 4.49151 6.61701 0.5
v 4.49025 6.70874 0.5
v 4.49025 6.70874 0.5
v -1.74083 4.08542 -0.5
v 2.98884 3.20755 -0.5
v 2.98884 3.20755 -0.5
v 2.98884 3.20755 -0.5
v -0.10644 6.05941 -0.5
v -1.74083 4.08542 -0.5
v -1.75221 4.19679 -0.5
v 3.37537 3.59972 -0.5
v -1.75221 4.19679 -0.5
v 0.04883 5.93045 -0.5
v -1.70537 3.86432 -0.5
v 3.22659 3.43735 -0.5
v 3.22659 3.43735 -0.5
v -1.11435 6.10006 -0.5
v -1.11435 6.10006 -0.5
v 3.37537 3.59972 -0.5
v -0.23248 6.14526 -0.5
v -0.13779 6.0825 -0.5
v 3.30198 3.51764 -0.5
v 3.14926 3.35888 -0.5
v 3.07 3.28227 -0.5
v 3.22659 3.43735 -0.5
v 3.07 3.28227 -0.5
v 0.32252 2.03198 -0.5
v -1.08114 2.52513 -0.5
v 0.32252 2.03198 -0.5
v 0.67582 2.08343 -0.5
v -0.85331 6.23084 -0.5
v -0.2962 6.18106 -0.5
v 0.67582 2.08343 -0.5
v 0.67582 2.08343 -0.5
v -1.63693 5.30743 -0.5
v -1.63693 5.30743 -0.5
v -1.08114 2.52513 -0.5
v -1.16254 6.06357 -0.5
v -0.26428 6.16381 -0.5
v 2.821 3.0639 -0.5
v 2.90583 3.13475 -0.5
v 2.821 3.0639 -0.5
v 2.821 3.0639 -0.5
v -0.0752 6.03534 -0.5
v -1.16254 6.06357 -0.5
v 0.83621 5.16079 -0.5
v 0.11035 5.8737 -0.5
v 0.11035 5.8737 -0.5
v 0.74566 5.23829 -0.5
v 0.89673 5.11362 -0.5
v -0.17472 2.0019 -0.5
v 0.17158 5.81474 -0.5
v 0.17158 5.81474 -0.5
v 0.08189 2.01137 -0.5
v -0.17472 2.0019 -0.5
v 0.71552 5.26568 -0.5
v 0.6854 5.29375 -0.5
v 0.08189 2.01137 -0.5
v 0.07963 5.90238 -0.5
v 0.07963 5.90238 -0.5
v 3.30198 3.51764 -0.5
v 0.01795 5.95784 -0.5
v -1.76018 4.51891 -0.5
v -1.76018 4.51891 -0.5
v 0.14099 5.84447 -0.5
v 4.48648 6.79987 0.5
v 4.49025 6.70874 0.5
v -0.1625 2.002 -0.5
v 4.49151 6.61701 0.5
v 4.48648 6.79987 0.5
v 0.14099 5.84447 -0.5
v 0.77581 5.21164 -0.5
v -0.1625 2.002 -0.5
v 4.11013 8.15443 0.5
v 4.11013 8.15443 0.5
v -0.6825 6.26601 -0.5
v 4.22332 7.91775 0.5
v 4.25691 7.83686 0.5
v 4.22332 7.91775 0.5
v 4.22332 7.91775 0.5
v -1.36685 2.94239 -0.5
v 4.34488 7.58862 0.5
v -1.36685 2.94239 -0.5
v 4.18763 7.99766 0.5
v -0.49059 6.25405 -0.5
v 2.1788 2.6253 -0.5
v -1.25923 2.7648 -0.5
v -1.25923 2.7648 -0.5
v 4.11013 8.15443 0.5
v 4.14989 8.07656 0.5
v -0.7405 6.25802 -0.5
v 4.14989 8.07656 0.5
v -1.20193 2.68111 -0.5
v -1.20193 2.68111 -0.5
v 4.14989 8.07656 0.5
v -0.79745 6.24628 -0.5
v 4.25691 7.83686 0.5
v -1.14252 2.60115 -0.5
v 4.28839 7.75503 0.5
v -1.69918 5.06605 -0.5
v 4.25691 7.83686 0.5
v 4.1336 4.81549 -0.5
v 4.36983 7.50409 0.5
v 4.25247 5.13094 -0.5
v -1.14252 2.60115 -0.5
v 4.1336 4.81549 -0.5
v -0.90802 6.21175 -0.5
v 4.1336 4.81549 -0.5
v -1.69918 5.06605 -0.5
v 2.90583 3.13475 -0.5
v 4.25247 5.13094 -0.5
v 2.90583 3.13475 -0.5
v -1.58463 5.45541 -0.5
v -0.58983 6.26815 -0.5
v 4.18763 7.99766 0.5
v -1.31425 2.85196 -0.5
v -1.31425 2.85196 -0.5
v 4.21535 5.0245 -0.5
v -1.01794 2.4533 -0.5
v -1.01794 2.4533 -0.5
v -0.62323 6.26912 -0.5
v 4.25247 5.13094 -0.5
v -0.9531 2.38588 -0.5
v 4.39255 7.41873 0.5
v 4.21535 5.0245 -0.5
v 4.21535 5.0245 -0.5
v -1.68066 5.14903 -0.5
v -1.68066 5.14903 -0.5
v 4.28839 7.75503 0.5
v 4.28839 7.75503 0.5
v -0.96153 6.18908 -0.5
v -0.9531 2.38588 -0.5
v 4.44699 7.15785 0.5
v 4.43116 7.24558 0.5
v 3.94101 4.41391 -0.5
v 3.94101 4.41391 -0.5
v 3.83068 4.22184 -0.5
v 4.39255 7.41873 0.5
v 3.94101 4.41391 -0.5
v 4.46047 7.06939 0.5
v 4.47156 6.98022 0.5
v 3.83068 4.22184 -0.5
v 4.46047 7.06939 0.5
v 3.83068 4.22184 -0.5
v 3.71136 4.03592 -0.5
v 3.99271 4.51218 -0.5
v 3.99271 4.51218 -0.5
v 3.99271 4.51218 -0.5
v 3.88699 4.31712 -0.5
v 4.44699 7.15785 0.5
v 0.08189 2.01137 -0.5
v 0.08189 2.01137 -0.5
v 4.46047 7.06939 0.5
v -1.01379 6.16287 -0.5
v 4.34488 7.58862 0.5
v 4.39255 7.41873 0.5
v 4.04207 4.61188 -0.5
v 4.04207 4.61188 -0.5
v 4.31772 7.67227 0.5
v 4.31772 7.67227 0.5
v -1.70537 3.86432 -0.5
v 4.17572 4.91934 -0.5
v 4.44699 7.15785 0.5
v -1.11435 6.10006 -0.5
v 4.08904 4.713 -0.5
v -1.75221 4.19679 -0.5
v 4.08904 4.713 -0.5
v -1.74083 4.08542 -0.5
v 4.43116 7.24558 0.5
v 4.08904 4.713 -0.5
v 3.77213 4.1281 -0.5
v -0.32048 2.01599 -0.5
v -0.32048 2.01599 -0.5
v 4.47156 6.98022 0.5
v 4.06837 8.23124 0.5
v 3.58329 3.85641 -0.5
v 3.58329 3.85641 -0.5
v 4.06837 8.23124 0.5
v 3.58329 3.85641 -0.5
v 4.06837 8.23124 0.5
v -0.24758 2.00546 -0.5
v 4.47156 6.98022 0.5
v -0.17472 2.0019 -0.5
v -0.17472 2.0019 -0.5
v 3.71136 4.03592 -0.5
v -1.06475 6.13317 -0.5
v 3.71136 4.03592 -0.5
v -1.16254 6.06357 -0.5
v 3.77213 4.1281 -0.5
v 3.88699 4.31712 -0.5
v -0.1625 2.002 -0.5
v -0.1625 2.002 -0.5
v 3.77213 4.1281 -0.5
v -1.20926 6.02377 -0.5
v -0.60943 2.1231 -0.5
v 3.22251 9.23797 0.5
v -0.60943 2.1231 -0.5
v -1.25448 5.98071 -0.5
v -0.5379 2.08704 -0.5
v -1.456 5.71839 -0.5
v -0.5379 2.08704 -0.5
v 3.22251 9.23797 0.5
v 3.15284 9.29416 0.5
v 3.51606 3.76914 -0.5
v -0.46579 2.05701 -0.5
v -0.46579 2.05701 -0.5
v 3.15284 9.29416 0.5
v 3.44674 3.68357 -0.5
v -1.34015 5.88501 -0.5
v 3.42227 9.06056 0.5
v 3.44674 3.68357 -0.5
v 3.29066 9.18029 0.5
v -0.39327 2.03325 -0.5
v -0.39327 2.03325 -0.5
v 3.51606 3.76914 -0.5
v 3.35726 9.12114 0.5
v 3.51606 3.76914 -0.5
v -1.58797 3.43518 -0.5
v 0.20269 2.02028 -0.5
v 0.20269 2.02028 -0.5
v -0.88675 2.32311 -0.5
v 3.42227 9.06056 0.5
v -0.88675 2.32311 -0.5
v -1.41914 5.77693 -0.5
v 4.413 7.33255 0.5
v 4.36983 7.50409 0.5
v -1.68159 3.75505 -0.5
v -1.68159 3.75505 -0.5
v -0.81905 2.26521 -0.5
v 4.34488 7.58862 0.5
v -0.81905 2.26521 -0.5
v 4.413 7.33255 0.5
v 4.36983 7.50409 0.5
v 4.17572 4.91934 -0.5
v 4.413 7.33255 0.5
v 3.35726 9.12114 0.5
v -0.03985 2.00526 -0.5
v 3.35726 9.12114 0.5
v 3.29066 9.18029 0.5
v -0.03985 2.00526 -0.5
v -0.75016 2.21242 -0.5
v -0.75016 2.21242 -0.5
v -1.62274 3.54025 -0.5
v -1.62274 3.54025 -0.5
v -1.49103 5.65691 -0.5
v -0.68024 2.16498 -0.5
v 3.48568 8.99856 0.5
v -0.68024 2.16498 -0.5
v 3.42227 9.06056 0.5
v 3.54745 8.93518 0.5
v -1.38051 5.8325 -0.5
v 3.48568 8.99856 0.5
v -1.58797 3.43518 -0.5
v -1.06475 6.13317 -0.5
v 1.87947 2.46979 -0.5
v 1.87947 2.46979 -0.5
v -1.29812 5.93444 -0.5
v -1.29812 5.93444 -0.5
v -1.01379 6.16287 -0.5
v -1.01379 6.16287 -0.5
v -1.06475 6.13317 -0.5
v 1.87947 2.46979 -0.5
v 1.67253 2.37758 -0.5
v -1.20926 6.02377 -0.5
v 1.67253 2.37758 -0.5
v -1.20926 6.02377 -0.5
v -1.34015 5.88501 -0.5
v -0.2008 6.12549 -0.5
v -1.34015 5.88501 -0.5
v 1.46 2.29484 -0.5
v 1.46 2.29484 -0.5
v 1.77672 2.42252 -0.5
v 3.22251 9.23797 0.5
v 1.98076 2.51937 -0.5
v 3.29066 9.18029 0.5
v -1.25448 5.98071 -0.5
v 1.98076 2.51937 -0.5
v 1.77672 2.42252 -0.5
v 3.44674 3.68357 -0.5
v -0.24758 2.00546 -0.5
v -1.25448 5.98071 -0.5
v 3.6484 3.94535 -0.5
v 3.6484 3.94535 -0.5
v -1.29812 5.93444 -0.5
v 1.67253 2.37758 -0.5
v -1.49103 5.65691 -0.5
v -1.49103 5.65691 -0.5
v 1.56695 2.33501 -0.5
v 1.56695 2.33501 -0.5
v 1.98076 2.51937 -0.5
v -1.456 5.71839 -0.5
v -1.456 5.71839 -0.5
v 4.45506 6.02487 -0.5
v 0.79143 2.10593 -0.5
v 4.48561 6.37742 -0.5
v -0.87214 9.90052 0.5
v 4.47829 6.25896 -0.5
v -1.7154 4.98064 -0.5
v 4.48561 6.37742 -0.5
v 4.02464 8.30697 0.5
v -1.7615 4.42001 -0.5
v 4.49151 6.61701 0.5
v 4.46809 6.14143 -0.5
v 2.46227 9.72828 0.5
v 4.47829 6.25896 -0.5
v -0.2928 10.06084 0.5
v 4.46809 6.14143 -0.5
v 0.90589 2.13105 -0.5
v 0.90589 2.13105 -0.5
v -0.96688 9.86641 0.5
v -0.96688 9.86641 0.5
v -1.72927 4.89285 -0.5
v 2.20899 9.84223 0.5
v -1.75916 4.30839 -0.5
v 4.45506 6.02487 -0.5
v -0.87214 9.90052 0.5
v 4.45506 6.02487 -0.5
v 0.79143 2.10593 -0.5
v -0.87214 9.90052 0.5
v 2.62506 9.64346 0.5
v 4.47829 6.25896 -0.5
v 3.9314 8.45506 0.5
v -0.19459 10.08002 0.5
v 2.54429 9.68674 0.5
v 1.01919 2.15875 -0.5
v 4.48648 6.79987 0.5
v 1.01919 2.15875 -0.5
v -1.74073 4.80272 -0.5
v 3.9314 8.45506 0.5
v 2.29459 9.80606 0.5
v -0.5847 9.99029 0.5
v 2.12225 9.87657 0.5
v -0.5847 9.99029 0.5
v 1.13128 2.18902 -0.5
v 1.13128 2.18902 -0.5
v -0.2928 10.06084 0.5
v -1.74974 4.71032 -0.5
v 4.46809 6.14143 -0.5
v 4.49025 6.70874 0.5
v 4.43921 5.9093 -0.5
v 4.48561 6.37742 -0.5
v -0.2928 10.06084 0.5
v -1.72516 3.97452 -0.5
v 4.43921 5.9093 -0.5
v 2.29459 9.80606 0.5
v 2.29459 9.80606 0.5
v 0.32252 2.03198 -0.5
v 0.67582 2.08343 -0.5
v 0.32252 2.03198 -0.5
v -0.68103 9.96248 0.5
v 3.66594 8.80438 0.5
v 3.60754 8.87045 0.5
v 0.44134 2.04642 -0.5
v 4.4206 5.79477 -0.5
v 0.44134 2.04642 -0.5
v -0.68103 9.96248 0.5
v -1.75624 4.6157 -0.5
v -1.06104 9.83022 0.5
v -1.06104 9.83022 0.5
v 4.4206 5.79477 -0.5
v 4.43921 5.9093 -0.5
v 0.55912 2.06359 -0.5
v 0.55912 2.06359 -0.5
v -1.06104 9.83022 0.5
v 2.37903 9.76806 0.5
v 2.37903 9.76806 0.5
v 0.67582 2.08343 -0.5
v -0.77685 9.93255 0.5
v -0.77685 9.93255 0.5
v 4.34843 5.45765 -0.5
v -1.76018 4.51891 -0.5
v 4.4206 5.79477 -0.5
v -0.68103 9.96248 0.5
v 4.28704 5.23863 -0.5
v 4.46809 6.14143 -0.5
v 2.46227 9.72828 0.5
v 2.62506 9.64346 0.5
v 2.62506 9.64346 0.5
v -1.24758 9.7517 0.5
v 4.31904 5.34755 -0.5
v -1.24758 9.7517 0.5
v -1.24758 9.7517 0.5
v 4.34843 5.45765 -0.5
v 2.935 9.45352 0.5
v 2.935 9.45352 0.5
v -1.62274 3.54025 -0.5
v 4.31904 5.34755 -0.5
v 2.85955 9.50347 0.5
v 2.935 9.45352 0.5
v 4.31904 5.34755 -0.5
v 4.39924 5.68129 -0.5
v 4.39924 5.68129 -0.5
v 2.78272 9.55179 0.5
v 4.34843 5.45765 -0.5
v 4.39924 5.68129 -0.5
v 2.46227 9.72828 0.5
v 2.70454 9.59846 0.5
v 4.28704 5.23863 -0.5
v 0.20221 10.1346 0.5
v 0.20221 10.1346 0.5
v -1.15462 9.79198 0.5
v 2.70454 9.59846 0.5
v -1.15462 9.79198 0.5
v 2.78272 9.55179 0.5
v -0.39056 10.03949 0.5
v -0.39056 10.03949 0.5
v 3.00906 9.40196 0.5
v 3.00906 9.40196 0.5
v -1.654 3.64695 -0.5
v 3.30198 3.51764 -0.5
v 3.30198 3.51764 -0.5
v 1.35172 2.25709 -0.5
v 4.49003 6.49678 -0.5
v 4.48025 6.89037 0.5
v -0.48787 10.01596 0.5
v 4.49003 6.49678 -0.5
v 4.49003 6.49678 -0.5
v 1.35172 2.25709 -0.5
v 3.97897 8.38158 0.5
v -0.48787 10.01596 0.5
v -0.48787 10.01596 0.5
v 4.02464 8.30697 0.5
v 3.97897 8.38158 0.5
v 3.37537 3.59972 -0.5
v 3.37537 3.59972 -0.5
v -1.46413 3.13206 -0.5
v 2.37903 9.76806 0.5
v -1.58797 3.43518 -0.5
v 2.78272 9.55179 0.5
v 2.85955 9.50347 0.5
v 2.85955 9.50347 0.5
v 3.00906 9.40196 0.5
v 3.08168 9.34884 0.5
v 3.08168 9.34884 0.5
v 3.08168 9.34884 0.5
v -1.68159 3.75505 -0.5
v 3.07 3.28227 -0.5
v 3.07 3.28227 -0.5
v 4.14989 8.07656 0.5
v -1.50851 3.23085 -0.5
v 2.98884 3.20755 -0.5
v 2.821 3.0639 -0.5
v -2.8728 8.61986 0.5
v 2.821 3.0639 -0.5
v 4.22332 7.91775 0.5
v -1.25923 2.7648 -0.5
v -2.79503 8.69589 0.5
v -0.9531 2.38588 -0.5
v -2.71629 8.77018 0.5
v 3.22659 3.43735 -0.5
v -1.41686 3.03583 -0.5
v 4.06837 8.23124 0.5
v 3.22659 3.43735 -0.5
v 3.14926 3.35888 -0.5
v 3.14926 3.35888 -0.5
v 2.98884 3.20755 -0.5
v -1.54984 3.33197 -0.5
v 4.18763 7.99766 0.5
v -1.01794 2.4533 -0.5
v 4.25691 7.83686 0.5
v -2.79503 8.69589 0.5
v -2.71629 8.77018 0.5
v 2.64599 2.92819 -0.5
v 2.2755 2.68159 -0.5
v -1.36685 2.94239 -0.5
v 2.64599 2.92819 -0.5
v -2.79503 8.69589 0.5
v 4.37517 5.56891 -0.5
v 4.37517 5.56891 -0.5
v 2.54429 9.68674 0.5
v 2.54429 9.68674 0.5
v 2.73437 2.99504 -0.5
v -1.31425 2.85196 -0.5
v 2.73437 2.99504 -0.5
v 2.90583 3.13475 -0.5
v -2.94958 8.5421 0.5
v 2.90583 3.13475 -0.5
v -2.94958 8.5421 0.5
v -1.20193 2.68111 -0.5
v -2.8728 8.61986 0.5
v 4.28839 7.75503 0.5
v -1.08114 2.52513 -0.5
v 2.46406 2.80067 -0.5
v -1.61183 5.38275 -0.5
v -0.42522 6.23594 -0.5
v 2.73437 2.99504 -0.5
v -1.41686 3.03583 -0.5
v -1.52418 5.59255 -0.5
v 2.46406 2.80067 -0.5
v -1.54984 3.33197 -0.5
v 2.2755 2.68159 -0.5
v 2.2755 2.68159 -0.5
v -0.32825 6.19696 -0.5
v 2.37059 2.74006 -0.5
v -1.5554 5.52536 -0.5
v -1.54984 3.33197 -0.5
v 2.46406 2.80067 -0.5
v 2.37059 2.74006 -0.5
v 2.08054 2.57122 -0.5
v -1.50851 3.23085 -0.5
v -0.36044 6.21145 -0.5
v 2.55587 2.86339 -0.5
v -1.50851 3.23085 -0.5
v 2.55587 2.86339 -0.5
v -1.654 3.64695 -0.5
v -1.654 3.64695 -0.5
v 2.64599 2.92819 -0.5
v 2.64599 2.92819 -0.5
v -0.39276 6.22446 -0.5
v -1.46413 3.13206 -0.5
v -1.46413 3.13206 -0.5
v 2.73437 2.99504 -0.5
v 2.73437 2.99504 -0.5
v 2.08054 2.57122 -0.5
v -1.41686 3.03583 -0.5
v -0.55659 6.26527 -0.5
v -0.45783 6.24582 -0.5
v 4.11013 8.15443 0.5
v 2.55587 2.86339 -0.5
v 2.08054 2.57122 -0.5
v -0.52351 6.26055 -0.5
v 2.2755 2.68159 -0.5
v 2.1788 2.6253 -0.5
v 2.37059 2.74006 -0.5
v 4.04207 4.61188 -0.5
v 0.80552 10.14845 0.5
v 4.04207 4.61188 -0.5
v -0.03985 2.00526 -0.5
v 4.08904 4.713 -0.5
v -0.39327 2.03325 -0.5
v 3.42227 9.06056 0.5
v 1.3911 10.0816 0.5
v -3.72334 7.5775 0.5
v 1.3911 10.0816 0.5
v 1.2955 10.09812 0.5
v 1.19906 10.11252 0.5
v 1.19906 10.11252 0.5
v -3.65871 7.67318 0.5
v -0.46579 2.05701 -0.5
v 3.22251 9.23797 0.5
v -3.65871 7.67318 0.5
v 1.2955 10.09812 0.5
v -3.65871 7.67318 0.5
v 1.48584 10.06299 0.5
v -0.24758 2.00546 -0.5
v -3.59288 7.76731 0.5
v 3.29066 9.18029 0.5
v 4.17572 4.91934 -0.5
v -3.59288 7.76731 0.5
v 1.3911 10.0816 0.5
v 4.17572 4.91934 -0.5
v 1.19906 10.11252 0.5
v 3.15284 9.29416 0.5
v 0.90501 10.14277 0.5
v -0.32048 2.01599 -0.5
v 1.00378 10.13488 0.5
v 4.1336 4.81549 -0.5
v 4.1336 4.81549 -0.5
v 0.90501 10.14277 0.5
v -3.78675 7.48029 0.5
v 1.00378 10.13488 0.5
v -3.17378 8.29864 0.5
v -3.17378 8.29864 0.5
v 3.83068 4.22184 -0.5
v 3.83068 4.22184 -0.5
v -3.17378 8.29864 0.5
v 4.34488 7.58862 0.5
v -0.68024 2.16498 -0.5
v 3.99271 4.51218 -0.5
v 3.99271 4.51218 -0.5
v 3.48568 8.99856 0.5
v 0.70534 10.15187 0.5
v 0.80552 10.14845 0.5
v -0.75016 2.21242 -0.5
v 0.80552 10.14845 0.5
v 0.20269 2.02028 -0.5
v 3.94101 4.41391 -0.5
v 3.94101 4.41391 -0.5
v 3.54745 8.93518 0.5
v -0.5379 2.08704 -0.5
v 3.35726 9.12114 0.5
v 0.90501 10.14277 0.5
v 0.70534 10.15187 0.5
v 0.70534 10.15187 0.5
v -0.60943 2.1231 -0.5
v 4.08904 4.713 -0.5
v 0.50348 10.15186 0.5
v 0.50348 10.15186 0.5
v 0.6045 10.15302 0.5
v 3.58329 3.85641 -0.5
v 3.58329 3.85641 -0.5
v -2.13952 9.2402 0.5
v -1.79151 9.46807 0.5
v -2.0537 9.3 0.5
v 3.9314 8.45506 0.5
v -2.0537 9.3 0.5
v 4.48648 6.79987 0.5
v 4.48648 6.79987 0.5
v 0.50348 10.15186 0.5
v 3.77213 4.1281 -0.5
v 0.30232 10.14264 0.5
v 0.30232 10.14264 0.5
v -1.7026 9.52026 0.5
v -1.33992 9.7094 0.5
v -1.7026 9.52026 0.5
v 3.77213 4.1281 -0.5
v 3.77752 8.66837 0.5
v 1.87947 2.46979 -0.5
v 4.48025 6.89037 0.5
v 4.48025 6.89037 0.5
v 3.71136 4.03592 -0.5
v 0.6045 10.15302 0.5
v 3.71136 4.03592 -0.5
v -0.88675 2.32311 -0.5
v 0.40275 10.1484 0.5
v 0.40275 10.1484 0.5
v -1.61297 9.5705 0.5
v 3.83064 8.59848 0.5
v 0.40275 10.1484 0.5
v -0.81905 2.26521 -0.5
v 0.30232 10.14264 0.5
v -1.52263 9.61878 0.5
v -1.61297 9.5705 0.5
v -1.87967 9.41396 0.5
v 3.88699 4.31712 -0.5
v 3.88699 4.31712 -0.5
v 3.60754 8.87045 0.5
v -1.79151 9.46807 0.5
v -3.78675 7.48029 0.5
v 1.2955 10.09812 0.5
v -3.78675 7.48029 0.5
v 1.10181 10.12478 0.5
v 3.97897 8.38158 0.5
v 1.10181 10.12478 0.5
v 4.25247 5.13094 -0.5
v 4.25247 5.13094 -0.5
v 1.00378 10.13488 0.5
v -3.72334 7.5775 0.5
v 1.10181 10.12478 0.5
v 3.51606 3.76914 -0.5
v 1.77672 2.42252 -0.5
v -1.96708 9.35793 0.5
v 3.51606 3.76914 -0.5
v 1.46 2.29484 -0.5
v 3.88194 8.52736 0.5
v -1.96708 9.35793 0.5
v -1.96708 9.35793 0.5
v 1.67253 2.37758 -0.5
v -1.61297 9.5705 0.5
v -1.52263 9.61878 0.5
v 3.44674 3.68357 -0.5
v 3.44674 3.68357 -0.5
v 4.02464 8.30697 0.5
v -1.87967 9.41396 0.5
v 3.6484 3.94535 -0.5
v 1.98076 2.51937 -0.5
v 3.6484 3.94535 -0.5
v -2.22453 9.17852 0.5
v -2.22453 9.17852 0.5
v -2.13952 9.2402 0.5
v -2.13952 9.2402 0.5
v 4.49025 6.70874 0.5
v 4.49025 6.70874 0.5
v -3.82337 6.86755 0.5
v -3.70161 7.02114 0.5
v 1.01919 2.15875 -0.5
v -3.70161 7.02114 0.5
v -3.70161 7.02114 0.5
v -3.70161 7.02114 0.5
v 4.49151 6.61701 0.5
v 4.49003 6.49678 -0.5
v 4.49003 6.49678 -0.5
v -2.39201 9.04964 0.5
v -2.39201 9.04964 0.5
v -2.3087 9.115 0.5
v 1.24213 2.22181 -0.5
v -2.3087 9.115 0.5
v -2.3087 9.115 0.5
v 1.35172 2.25709 -0.5
v -3.94147 6.70933 0.5
v 1.56695 2.33501 -0.5
v -2.55598 8.91349 0.5
v -2.55598 8.91349 0.5
v -4.05577 6.54659 0.5
v -4.05577 6.54659 0.5
v -4.05577 6.54659 0.5
v -1.43161 9.66508 0.5
v -1.43161 9.66508 0.5
v -1.43161 9.66508 0.5
v 4.46809 6.14143 -0.5
v 0.32252 2.03198 -0.5
v 4.46809 6.14143 -0.5
v -1.79151 9.46807 0.5
v 2.03441 9.90903 0.5
v -1.33992 9.7094 0.5
v 3.72261 8.73701 0.5
v 3.66594 8.80438 0.5
v 4.45506 6.02487 -0.5
v 4.45506 6.02487 -0.5
v 2.20899 9.84223 0.5
v 2.12225 9.87657 0.5
v 0.90589 2.13105 -0.5
v -2.6366 8.84272 0.5
v 1.85554 9.96823 0.5
v 0.55912 2.06359 -0.5
v 4.48561 6.37742 -0.5
v 4.48561 6.37742 -0.5
v 0.79143 2.10593 -0.5
v -2.6366 8.84272 0.5
v -2.6366 8.84272 0.5
v -3.94147 6.70933 0.5
v 1.13128 2.18902 -0.5
v 4.47829 6.25896 -0.5
v 4.47829 6.25896 -0.5
v 1.9455 9.93959 0.5
v -3.82337 6.86755 0.5
v -3.82337 6.86755 0.5
v 3.72261 8.73701 0.5
v 3.60754 8.87045 0.5
v 1.98076 2.51937 -0.5
v 1.98076 2.51937 -0.5
v 3.72261 8.73701 0.5
v 3.77752 8.66837 0.5
v 3.77752 8.66837 0.5
v -0.09597 10.097 0.5
v -0.09597 10.097 0.5
v 1.85554 9.96823 0.5
v 1.67253 2.37758 -0.5
v 1.67253 2.37758 -0.5
v 0.00305 10.11177 0.5
v 2.03441 9.90903 0.5
v 0.00305 10.11177 0.5
v 3.60754 8.87045 0.5
v 3.54745 8.93518 0.5
v 3.54745 8.93518 0.5
v -1.14252 2.60115 -0.5
v 3.66594 8.80438 0.5
v 3.66594 8.80438 0.5
v 3.88194 8.52736 0.5
v 1.87947 2.46979 -0.5
v 0.20221 10.1346 0.5
v 1.87947 2.46979 -0.5
v -2.47444 8.98247 0.5
v 3.9314 8.45506 0.5
v 1.9455 9.93959 0.5
v 1.24213 2.22181 -0.5
v 1.9455 9.93959 0.5
v 3.83064 8.59848 0.5
v 1.24213 2.22181 -0.5
v -2.47444 8.98247 0.5
v 3.83064 8.59848 0.5
v 1.9455 9.93959 0.5
v 1.56695 2.33501 -0.5
v 1.56695 2.33501 -0.5
v -3.94147 6.70933 0.5
v -2.47444 8.98247 0.5
v 2.12225 9.87657 0.5
v -3.94147 6.70933 0.5
v -1.63693 5.30743 -0.5
v 4.02464 8.30697 0.5
v 2.03441 9.90903 0.5
v 2.12225 9.87657 0.5
v -1.65989 5.2295 -0.5
v -4.05577 6.54659 0.5
v -0.19459 10.08002 0.5
v 1.46 2.29484 -0.5
v 1.77672 2.42252 -0.5
v 3.72261 8.73701 0.5
v 3.83064 8.59848 0.5
v 1.77672 2.42252 -0.5
v 1.85554 9.96823 0.5
v 0.10245 10.12431 0.5
v -1.68066 5.14903 -0.5
v 0.10245 10.12431 0.5
v 1.85554 9.96823 0.5
v -0.09597 10.097 0.5
v 3.88194 8.52736 0.5
v 2.03441 9.90903 0.5
v 3.88194 8.52736 0.5
v -1.69918 5.06605 -0.5
v 1.46 2.29484 -0.5
v 2.20899 9.84223 0.5
v -4.24787 6.64921 0.5
v -4.14055 6.86565 0.5
v 4.28839 7.75503 0.5
v 2.64599 2.92819 -0.5
v 4.28839 7.75503 0.5
v -3.96948 7.17959 0.5
v 0.20221 10.1346 0.5
v -3.96948 7.17959 0.5
v -2.75812 7.95982 0.5
v -2.75812 7.95982 0.5
v 4.31772 7.67227 0.5
v 4.31772 7.67227 0.5
v -2.31238 8.28427 0.5
v -2.75812 7.95982 0.5
v 3.08168 9.34884 0.5
v -2.31238 8.28427 0.5
v 2.821 3.0639 -0.5
v -2.31238 8.28427 0.5
v -2.61194 8.07338 0.5
v 4.22332 7.91775 0.5
v 4.22332 7.91775 0.5
v -2.31238 8.28427 0.5
v 4.25691 7.83686 0.5
v 2.935 9.45352 0.5
v 2.90583 3.13475 -0.5
v -2.46331 8.18156 0.5
v -2.00414 8.47291 0.5
v -2.46331 8.18156 0.5
v -2.46331 8.18156 0.5
v -3.31571 7.45337 0.5
v -3.31571 7.45337 0.5
v -3.31571 7.45337 0.5
v -3.18066 7.58764 0.5
v -2.15928 8.38141 0.5
v 2.2755 2.68159 -0.5
v 4.39255 7.41873 0.5
v 4.39255 7.41873 0.5
v -2.00414 8.47291 0.5
v -2.15928 8.38141 0.5
v -2.00414 8.47291 0.5
v -3.90984 7.28132 0.5
v 2.55587 2.86339 -0.5
v -2.00414 8.47291 0.5
v -3.90984 7.28132 0.5
v -3.90984 7.28132 0.5
v -3.84892 7.38155 0.5
v 4.413 7.33255 0.5
v 4.413 7.33255 0.5
v -2.15928 8.38141 0.5
v -2.15928 8.38141 0.5
v 2.46406 2.80067 -0.5
v 4.34488 7.58862 0.5
v -0.19459 10.08002 0.5
v 4.34488 7.58862 0.5
v -3.84892 7.38155 0.5
v 0.10245 10.12431 0.5
v -4.02782 7.0764 0.5
v -4.02782 7.0764 0.5
v -4.02782 7.0764 0.5
v -4.14055 6.86565 0.5
v 4.36983 7.50409 0.5
v 4.36983 7.50409 0.5
v 2.73437 2.99504 -0.5
v -0.09597 10.097 0.5
v 0.00305 10.11177 0.5
v -0.39056 10.03949 0.5
v 4.17572 4.91934 -0.5
v 4.47156 6.98022 0.5
v 4.47156 6.98022 0.5
v 4.25247 5.13094 -0.5
v -4.08485 6.97175 0.5
v -4.24787 6.64921 0.5
v 4.21535 5.0245 -0.5
v -0.2928 10.06084 0.5
v -4.34963 6.4272 0.5
v 2.08054 2.57122 -0.5
v 4.1336 4.81549 -0.5
v 2.1788 2.6253 -0.5
v -4.34963 6.4272 0.5
v -4.34963 6.4272 0.5
v -4.1949 6.75814 0.5
v -0.5847 9.99029 0.5
v -4.08485 6.97175 0.5
v -4.1949 6.75814 0.5
v -4.08485 6.97175 0.5
v 4.43116 7.24558 0.5
v 4.43116 7.24558 0.5
v 4.44699 7.15785 0.5
v -4.1949 6.75814 0.5
v -4.29945 6.5389 0.5
v 4.46047 7.06939 0.5
v -4.29945 6.5389 0.5
v 4.44699 7.15785 0.5
v 4.46047 7.06939 0.5
v -0.48787 10.01596 0.5
v 2.37059 2.74006 -0.5
v 4.25691 7.83686 0.5
v 3.00906 9.40196 0.5
v -2.46331 8.18156 0.5
v 3.15284 9.29416 0.5
v -0.77685 9.93255 0.5
v 3.99271 4.51218 -0.5
v -4.39838 6.31415 0.5
v 3.15284 9.29416 0.5
v -0.68103 9.96248 0.5
v -4.39838 6.31415 0.5
v 3.22251 9.23797 0.5
v -4.37451 6.03201 0.5
v 3.22251 9.23797 0.5
v 3.94101 4.41391 -0.5
v 4.08904 4.713 -0.5
v -4.37451 6.03201 0.5
v -4.49151 6.08401 0.5
v 4.04207 4.61188 -0.5
v -0.87214 9.90052 0.5
v 1.57969 10.04232 0.5
v 3.48568 8.99856 0.5
v 3.42227 9.06056 0.5
v 3.42227 9.06056 0.5
v -4.27242 6.20784 0.5
v -4.27242 6.20784 0.5
v -4.16613 6.37939 0.5
v 3.77213 4.1281 -0.5
v -4.27242 6.20784 0.5
v -4.16613 6.37939 0.5
v -4.27242 6.20784 0.5
v 3.48568 8.99856 0.5
v -4.16613 6.37939 0.5
v 3.83068 4.22184 -0.5
v 3.71136 4.03592 -0.5
v -1.06104 9.83022 0.5
v 3.35726 9.12114 0.5
v 3.88699 4.31712 -0.5
v 3.29066 9.18029 0.5
v 3.29066 9.18029 0.5
v -0.96688 9.86641 0.5
v 3.35726 9.12114 0.5
v 3.44674 3.68357 -0.5
v -4.44568 6.19974 0.5
v -4.44568 6.19974 0.5
v -4.29945 6.5389 0.5
v -4.44568 6.19974 0.5
v 3.72261 8.73701 0.5
v -1.24758 9.7517 0.5
v 3.72261 8.73701 0.5
v 1.6726 10.01962 0.5
v 3.58329 3.85641 -0.5
v 3.54745 8.93518 0.5
v 3.54745 8.93518 0.5
v 1.76456 9.99492 0.5
v 3.77752 8.66837 0.5
v 3.77752 8.66837 0.5
v -1.15462 9.79198 0.5
v 1.3911 10.0816 0.5
v 3.60754 8.87045 0.5
v 3.6484 3.94535 -0.5
v 1.48584 10.06299 0.5
v 3.66594 8.80438 0.5
v 3.66594 8.80438 0.5
v 3.60754 8.87045 0.5
v -3.4577 7.95086 0.5
v 1.57969 10.04232 0.5
v 1.48584 10.06299 0.5
v -3.4577 7.95086 0.5
v 4.36983 7.50409 0.5
v 2.37059 2.74006 -0.5
v -3.4577 7.95086 0.5
v 2.37059 2.74006 -0.5
v -3.10009 8.38148 0.5
v -2.94958 8.5421 0.5
v -3.10009 8.38148 0.5
v 2.2755 2.68159 -0.5
v 4.39255 7.41873 0.5
v -3.02535 8.46264 0.5
v 2.55587 2.86339 -0.5
v 2.1788 2.6253 -0.5
v -3.02535 8.46264 0.5
v 2.1788 2.6253 -0.5
v -3.02535 8.46264 0.5
v 2.55587 2.86339 -0.5
v 4.31772 7.67227 0.5
v 2.08054 2.57122 -0.5
v 2.46406 2.80067 -0.5
v -3.24641 8.21415 0.5
v 2.46406 2.80067 -0.5
v 2.08054 2.57122 -0.5
v -3.24641 8.21415 0.5
v 4.44699 7.15785 0.5
v -0.1625 2.002 -0.5
v 4.47156 6.98022 0.5
v -0.17472 2.0019 -0.5
v 1.6726 10.01962 0.5
v 1.6726 10.01962 0.5
v -3.31795 8.12801 0.5
v 1.76456 9.99492 0.5
v 1.57969 10.04232 0.5
v -3.38839 8.04024 0.5
v 1.6726 10.01962 0.5
v 4.21535 5.0245 -0.5
v 4.21535 5.0245 -0.5
v -3.38839 8.04024 0.5
v 4.46047 7.06939 0.5
v -3.31795 8.12801 0.5
v 1.76456 9.99492 0.5
v 1.76456 9.99492 0.5
v -3.31795 8.12801 0.5
v 4.413 7.33255 0.5
v -3.59288 7.76731 0.5
v 1.57969 10.04232 0.5
v 0.08189 2.01137 -0.5
v -3.52587 7.85988 0.5
v 4.43116 7.24558 0.5
v -3.52587 7.85988 0.5
v -1.8471 8.55867 0.5
v -1.8471 8.55867 0.5
v 4.37517 5.56891 -0.5
v -1.6883 8.63862 0.5
v 2.12225 9.87657 0.5
v -1.8471 8.55867 0.5
v -2.8728 8.61986 0.5
v 2.12225 9.87657 0.5
v 2.03441 9.90903 0.5
v -1.6883 8.63862 0.5
v 2.03441 9.90903 0.5
v 4.39924 5.68129 -0.5
v -1.6883 8.63862 0.5
v -1.6883 8.63862 0.5
v -2.94958 8.5421 0.5
v 4.31904 5.34755 -0.5
v 2.29459 9.80606 0.5
v 2.29459 9.80606 0.5
v 2.62506 9.64346 0.5
v 2.62506 9.64346 0.5
v 4.34843 5.45765 -0.5
v 2.20899 9.84223 0.5
v -2.71629 8.77018 0.5
v 2.54429 9.68674 0.5
v 2.20899 9.84223 0.5
v -2.79503 8.69589 0.5
v 4.45506 6.02487 -0.5
v 4.46809 6.14143 -0.5
v 0.40275 10.1484 0.5
v 1.9455 9.93959 0.5
v 1.9455 9.93959 0.5
v 4.4206 5.79477 -0.5
v 1.85554 9.96823 0.5
v 4.43921 5.9093 -0.5
v 1.85554 9.96823 0.5
v 0.30232 10.14264 0.5
v -1.8471 8.55867 0.5
v 0.98429 9.04842 0.5
v -1.20267 8.8427 0.5
v 0.98429 9.04842 0.5
v -1.03817 8.89852 0.5
v -1.03817 8.89852 0.5
v -3.38839 8.04024 0.5
v 3.08168 9.34884 0.5
v 3.08168 9.34884 0.5
v -1.20267 8.8427 0.5
v -1.03817 8.89852 0.5
v -1.03817 8.89852 0.5
v 0.81921 9.07643 0.5
v 0.56565 9.10378 0.5
v -3.4577 7.95086 0.5
v 3.00906 9.40196 0.5
v 3.00906 9.40196 0.5
v 0.73546 9.08752 0.5
v 0.65093 9.09664 0.5
v 0.65093 9.09664 0.5
v -1.52787 8.71266 0.5
v -1.36595 8.78072 0.5
v 0.81921 9.07643 0.5
v 0.56565 9.10378 0.5
v 0.81921 9.07643 0.5
v -3.31795 8.12801 0.5
v 0.56565 9.10378 0.5
v -1.36595 8.78072 0.5
v 2.46227 9.72828 0.5
v -3.17378 8.29864 0.5
v 2.46227 9.72828 0.5
v 2.78272 9.55179 0.5
v 2.78272 9.55179 0.5
v 0.65093 9.09664 0.5
v -3.24641 8.21415 0.5
v 4.28704 5.23863 -0.5
v 2.70454 9.59846 0.5
v 2.37903 9.76806 0.5
v 2.37903 9.76806 0.5
v -1.52787 8.71266 0.5
v 2.70454 9.59846 0.5
v -1.52787 8.71266 0.5
v -1.52787 8.71266 0.5
v -3.02535 8.46264 0.5
v 2.935 9.45352 0.5
v 2.935 9.45352 0.5
v -1.36595 8.78072 0.5
v -1.36595 8.78072 0.5
v -3.10009 8.38148 0.5
v 2.85955 9.50347 0.5
v 2.85955 9.50347 0.5
v 2.54429 9.68674 0.5
v 0.73546 9.08752 0.5
v 0.73546 9.08752 0.5
v 0.98429 9.04842 0.5
v -1.20267 8.8427 0.5
v -1.20267 8.8427 0.5
v 1.38187 8.94547 0.5
v -0.20211 9.08221 0.5
v 1.45862 8.9194 0.5
v -0.03313 9.09927 0.5
v -0.20211 9.08221 0.5
v -1.43161 9.66508 0.5
v -0.09597 10.097 0.5
v -0.20211 9.08221 0.5
v 1.22554 8.99219 0.5
v -0.09597 10.097 0.5
v 0.10245 10.12431 0.5
v -0.03313 9.09927 0.5
v -0.03313 9.09927 0.5
v 0.10245 10.12431 0.5
v 1.45862 8.9194 0.5
v 1.22554 8.99219 0.5
v -0.03313 9.09927 0.5
v 1.22554 8.99219 0.5
v -1.52263 9.61878 0.5
v -0.53871 9.02816 0.5
v 1.22554 8.99219 0.5
v 1.30417 8.96974 0.5
v -0.37068 9.05848 0.5
v 1.30417 8.96974 0.5
v 1.06558 9.03156 0.5
v -0.53871 9.02816 0.5
v -0.53871 9.02816 0.5
v -0.53871 9.02816 0.5
v 1.30417 8.96974 0.5
v 0.56565 9.10378 0.5
v 0.00305 10.11177 0.5
v 0.00305 10.11177 0.5
v -1.33992 9.7094 0.5
v 1.14601 9.0128 0.5
v 1.06558 9.03156 0.5
v -3.72334 7.5775 0.5
v 1.14601 9.0128 0.5
v -3.78675 7.48029 0.5
v 1.06558 9.03156 0.5
v -0.87259 8.94809 0.5
v -0.87259 8.94809 0.5
v -0.87259 8.94809 0.5
v 0.90216 9.06339 0.5
v -0.70605 8.99133 0.5
v -0.87259 8.94809 0.5
v 0.20221 10.1346 0.5
v 0.20221 10.1346 0.5
v -3.59288 7.76731 0.5
v -0.70605 8.99133 0.5
v -3.52587 7.85988 0.5
v -0.70605 8.99133 0.5
v -0.70605 8.99133 0.5
v 0.90216 9.06339 0.5
v 0.90216 9.06339 0.5
v 1.38187 8.94547 0.5
v 1.38187 8.94547 0.5
v -3.65871 7.67318 0.5
v 1.45862 8.9194 0.5
v -0.20211 9.08221 0.5
v 2.70454 9.59846 0.5
v -2.61194 8.07338 0.5
v 4.39924 5.68129 -0.5
v 2.46227 9.72828 0.5
v 4.39924 5.68129 -0.5
v -2.61194 8.07338 0.5
v 3.14926 3.35888 -0.5
v -3.44765 7.31414 0.5
v 4.37517 5.56891 -0.5
v 4.37517 5.56891 -0.5
v -3.44765 7.31414 0.5
v -3.44765 7.31414 0.5
v -3.44765 7.31414 0.5
v 2.54429 9.68674 0.5
v -3.57633 7.17004 0.5
v 3.37537 3.59972 -0.5
v -3.57633 7.17004 0.5
v -3.57633 7.17004 0.5
v 2.29459 9.80606 0.5
v 4.43921 5.9093 -0.5
v 4.43921 5.9093 -0.5
v -3.57633 7.17004 0.5
v -3.18066 7.58764 0.5
v -3.18066 7.58764 0.5
v 0.67582 2.08343 -0.5
v 3.30198 3.51764 -0.5
v -3.18066 7.58764 0.5
v 2.37903 9.76806 0.5
v 4.4206 5.79477 -0.5
v 0.44134 2.04642 -0.5
v -0.37068 9.05848 0.5
v 4.4206 5.79477 -0.5
v 1.14601 9.0128 0.5
v -0.37068 9.05848 0.5
v -0.37068 9.05848 0.5
v 4.14989 8.07656 0.5
v 4.14989 8.07656 0.5
v 4.28704 5.23863 -0.5
v 4.28704 5.23863 -0.5
v -2.90172 7.84095 0.5
v -2.90172 7.84095 0.5
v 2.78272 9.55179 0.5
v 4.18763 7.99766 0.5
v 4.18763 7.99766 0.5
v 3.07 3.28227 -0.5
v -3.04261 7.71686 0.5
v 2.85955 9.50347 0.5
v 4.06837 8.23124 0.5
v 4.06837 8.23124 0.5
v -3.04261 7.71686 0.5
v 4.34843 5.45765 -0.5
v -2.90172 7.84095 0.5
v -2.90172 7.84095 0.5
v 2.62506 9.64346 0.5
v 4.34843 5.45765 -0.5
v 4.11013 8.15443 0.5
v 4.11013 8.15443 0.5
v -3.04261 7.71686 0.5
v -3.04261 7.71686 0.5
v 3.22659 3.43735 -0.5
v 4.31904 5.34755 -0.5
v 2.98884 3.20755 -0.5
v 4.31904 5.34755 -0.5
v -2.75812 7.95982 0.5
v 0.3055 9.11302 0.5
v 1.48584 10.06299 0.5
v 0.3055 9.11302 0.5
v -1.06104 9.83022 0.5
v 0.3055 9.11302 0.5
v 1.48584 10.06299 0.5
v 1.2955 10.09812 0.5
v 1.2955 10.09812 0.5
v 1.3911 10.0816 0.5
v 1.3911 10.0816 0.5
v -3.94147 6.70933 0.5
v -2.6366 8.84272 0.5
v 1.57969 10.04232 0.5
v 1.57969 10.04232 0.5
v -1.15462 9.79198 0.5
v 1.76456 9.99492 0.5
v 1.76456 9.99492 0.5
v -3.57633 7.17004 0.5
v -2.47444 8.98247 0.5
v 1.6726 10.01962 0.5
v -1.24758 9.7517 0.5
v -1.15462 9.79198 0.5
v -2.55598 8.91349 0.5
v -2.22453 9.17852 0.5
v -0.96688 9.86641 0.5
v -0.96688 9.86641 0.5
v 1.6726 10.01962 0.5
v -1.24758 9.7517 0.5
v -1.06104 9.83022 0.5
v -2.3087 9.115 0.5
v -2.39201 9.04964 0.5
v -3.31571 7.45337 0.5
v 0.70534 10.15187 0.5
v 0.70534 10.15187 0.5
v 0.6045 10.15302 0.5
v 0.6045 10.15302 0.5
v -3.18066 7.58764 0.5
v 0.90501 10.14277 0.5
v 0.90501 10.14277 0.5
v 0.80552 10.14845 0.5
v 0.80552 10.14845 0.5
v -3.44765 7.31414 0.5
v 1.10181 10.12478 0.5
v -3.82337 6.86755 0.5
v 1.00378 10.13488 0.5
v 0.39291 9.11198 0.5
v 1.00378 10.13488 0.5
v 0.39291 9.11198 0.5
v 0.39291 9.11198 0.5
v 0.47964 9.10889 0.5
v 1.19906 10.11252 0.5
v 0.47964 9.10889 0.5
v 0.47964 9.10889 0.5
v 1.10181 10.12478 0.5
v 0.13612 9.10957 0.5
v -4.05577 6.54659 0.5
v -3.70161 7.02114 0.5
v 1.19906 10.11252 0.5
v -4.02782 7.0764 0.5
v -3.10009 8.38148 0.5
v -3.10009 8.38148 0.5
v 2.75953 8.05361 0.5
v -3.17378 8.29864 0.5
v -3.17378 8.29864 0.5
v -2.15928 8.38141 0.5
v -3.84892 7.38155 0.5
v 2.81118 7.99475 0.5
v -2.00414 8.47291 0.5
v -2.94958 8.5421 0.5
v -3.90984 7.28132 0.5
v -2.94958 8.5421 0.5
v -3.02535 8.46264 0.5
v -3.02535 8.46264 0.5
v 2.91015 7.87307 0.5
v 2.81118 7.99475 0.5
v 2.81118 7.99475 0.5
v -2.46331 8.18156 0.5
v 0.30232 10.14264 0.5
v 0.30232 10.14264 0.5
v 2.75953 8.05361 0.5
v 3.04744 7.68098 0.5
v -2.31238 8.28427 0.5
v -2.75812 7.95982 0.5
v 3.04744 7.68098 0.5
v 2.91015 7.87307 0.5
v -2.8728 8.61986 0.5
v -2.8728 8.61986 0.5
v 2.95742 7.8103 0.5
v -2.61194 8.07338 0.5
v -2.71629 8.77018 0.5
v -2.71629 8.77018 0.5
v 3.09014 7.61449 0.5
v 2.95742 7.8103 0.5
v 3.09014 7.61449 0.5
v 2.8614 7.93456 0.5
v 0.50348 10.15186 0.5
v 0.50348 10.15186 0.5
v 2.8614 7.93456 0.5
v -3.04261 7.71686 0.5
v 2.91015 7.87307 0.5
v 3.00319 7.74626 0.5
v -2.79503 8.69589 0.5
v -2.79503 8.69589 0.5
v 0.40275 10.1484 0.5
v 0.40275 10.1484 0.5
v -2.90172 7.84095 0.5
v 4.49003 6.49678 -0.5
v 0.6045 10.15302 0.5
v 4.49151 6.61701 0.5
v 0.50348 10.15186 0.5
v 4.02464 8.30697 0.5
v 4.02464 8.30697 0.5
v 4.47829 6.25896 -0.5
v 0.80552 10.14845 0.5
v 4.48561 6.37742 -0.5
v 2.8614 7.93456 0.5
v 2.8614 7.93456 0.5
v 2.75953 8.05361 0.5
v 0.70534 10.15187 0.5
v 3.04744 7.68098 0.5
v 3.88194 8.52736 0.5
v 3.88194 8.52736 0.5
v 1.00378 10.13488 0.5
v 3.51606 3.76914 -0.5
v 3.83064 8.59848 0.5
v 3.83064 8.59848 0.5
v 0.90501 10.14277 0.5
v 3.97897 8.38158 0.5
v 3.97897 8.38158 0.5
v 1.2955 10.09812 0.5
v 3.9314 8.45506 0.5
v 3.9314 8.45506 0.5
v 1.10181 10.12478 0.5
v 1.19906 10.11252 0.5
v -1.87967 9.41396 0.5
v -1.87967 9.41396 0.5
v 1.9673 8.6884 0.5
v -1.96708 9.35793 0.5
v 3.27965 7.26448 0.5
v 3.27965 7.26448 0.5
v 3.27965 7.26448 0.5
v -4.27242 6.20784 0.5
v 0.56565 9.10378 0.5
v -4.16613 6.37939 0.5
v 3.3126 7.19113 0.5
v 2.10281 8.60744 0.5
v -1.7026 9.52026 0.5
v -4.49151 6.08401 0.5
v 3.27965 7.26448 0.5
v -1.96708 9.35793 0.5
v -1.43161 9.66508 0.5
v -1.43161 9.66508 0.5
v 2.03563 8.64872 0.5
v -1.7026 9.52026 0.5
v 2.23363 8.52016 0.5
v -1.33992 9.7094 0.5
v -1.52263 9.61878 0.5
v -1.52263 9.61878 0.5
v 2.29723 8.47419 0.5
v -1.33992 9.7094 0.5
v 2.23363 8.52016 0.5
v 2.29723 8.47419 0.5
v -4.39838 6.31415 0.5
v 1.89784 8.72645 0.5
v 2.23363 8.52016 0.5
v 3.54885 5.22979 0.5
v 3.54885 5.22979 0.5
v -4.34963 6.4272 0.5
v 2.10281 8.60744 0.5
v 2.10281 8.60744 0.5
v 2.10281 8.60744 0.5
v 2.29723 8.47419 0.5
v -4.29945 6.5389 0.5
v -4.44568 6.19974 0.5
v -1.61297 9.5705 0.5
v -1.61297 9.5705 0.5
v -3.78675 7.48029 0.5
v -3.78675 7.48029 0.5
v 3.54885 5.22979 0.5
v -2.47444 8.98247 0.5
v -2.6366 8.84272 0.5
v -2.6366 8.84272 0.5
v 2.539 8.27536 0.5
v 3.56865 5.36848 0.5
v 0.98429 9.04842 0.5
v 2.35958 8.42671 0.5
v -2.55598 8.91349 0.5
v 3.52367 5.09359 0.5
v 2.48049 8.32727 0.5
v 2.48049 8.32727 0.5
v 2.16882 8.56458 0.5
v -2.55598 8.91349 0.5
v 3.52367 5.09359 0.5
v 2.539 8.27536 0.5
v 2.16882 8.56458 0.5
v 0.90216 9.06339 0.5
v 2.42068 8.37773 0.5
v 3.56865 5.36848 0.5
v 2.35958 8.42671 0.5
v 2.42068 8.37773 0.5
v 2.539 8.27536 0.5
v 2.35958 8.42671 0.5
v -2.47444 8.98247 0.5
v 0.81921 9.07643 0.5
v 1.82728 8.76285 0.5
v 2.48049 8.32727 0.5
v -2.39201 9.04964 0.5
v 0.73546 9.08752 0.5
v -2.39201 9.04964 0.5
v 3.41698 4.70134 0.5
v 2.42068 8.37773 0.5
v 2.70646 8.11112 0.5
v 3.37143 4.57653 0.5
v 3.49322 4.96001 0.5
v 3.37143 4.57653 0.5
v 3.37143 4.57653 0.5
v -2.3087 9.115 0.5
v 2.59617 8.22202 0.5
v 3.20649 4.22194 0.5
v 3.45761 4.82922 0.5
v 3.20649 4.22194 0.5
v 2.59617 8.22202 0.5
v -2.3087 9.115 0.5
v 3.45761 4.82922 0.5
v 2.70646 8.11112 0.5
v 3.20649 4.22194 0.5
v 3.41698 4.70134 0.5
v -2.22453 9.17852 0.5
v -2.22453 9.17852 0.5
v 3.41698 4.70134 0.5
v 3.49322 4.96001 0.5
v 3.37143 4.57653 0.5
v 3.49322 4.96001 0.5
v 3.45761 4.82922 0.5
v 2.16882 8.56458 0.5
v -2.13952 9.2402 0.5
v 3.52367 5.09359 0.5
v -2.13952 9.2402 0.5
v 3.52367 5.09359 0.5
v 3.45761 4.82922 0.5
v -2.0537 9.3 0.5
v -2.0537 9.3 0.5
v 2.70646 8.11112 0.5
v 3.14247 4.11084 0.5
v 3.14247 4.11084 0.5
v 2.652 8.16727 0.5
v 3.14247 4.11084 0.5
v 2.42068 8.37773 0.5
v 3.20649 4.22194 0.5
v 0.65093 9.09664 0.5
v -1.6883 8.63862 0.5
v 3.58293 5.50951 0.5
v 3.58293 5.50951 0.5
v 2.652 8.16727 0.5
v 2.652 8.16727 0.5
v -4.05577 6.54659 0.5
v 2.92501 3.80088 0.5
v -4.05577 6.54659 0.5
v 2.92501 3.80088 0.5
v 3.26606 4.33668 0.5
v 3.32108 4.45492 0.5
v 1.53439 8.89155 0.5
v 3.56865 5.36848 0.5
v 1.14601 9.0128 0.5
v 2.59617 8.22202 0.5
v 2.92501 3.80088 0.5
v -3.94147 6.70933 0.5
v 1.75563 8.79758 0.5
v -3.94147 6.70933 0.5
v 2.652 8.16727 0.5
v 3.26606 4.33668 0.5
v 3.58293 5.50951 0.5
v 3.26606 4.33668 0.5
v 2.84444 3.70582 0.5
v 1.38187 8.94547 0.5
v 1.60916 8.86196 0.5
v 3.32108 4.45492 0.5
v 2.84444 3.70582 0.5
v 3.32108 4.45492 0.5
v 3.56865 5.36848 0.5
v 0.24386 2.97342 0.5
v 2.84444 3.70582 0.5
v -0.06121 3.06818 0.5
v 1.30417 8.96974 0.5
v -0.15854 3.10596 0.5
v 3.07414 4.00354 0.5
v 3.00161 3.90017 0.5
v 3.00161 3.90017 0.5
v 1.22554 8.99219 0.5
v 3.00161 3.90017 0.5
v 1.45862 8.9194 0.5
v 1.06558 9.03156 0.5
v -0.06121 3.06818 0.5
v -0.06121 3.06818 0.5
v -0.06121 3.06818 0.5
v 3.07414 4.00354 0.5
v 0.03843 3.03341 0.5
v -0.15854 3.10596 0.5
v 0.03843 3.03341 0.5
v 0.03843 3.03341 0.5
v -0.15854 3.10596 0.5
v 3.00161 3.90017 0.5
v -0.77685 9.93255 0.5
v -0.77685 9.93255 0.5
v -1.7026 9.52026 0.5
v -0.87214 9.90052 0.5
v -0.87214 9.90052 0.5
v -2.0537 9.3 0.5
v -0.5847 9.99029 0.5
v -0.5847 9.99029 0.5
v 3.07414 4.00354 0.5
v -2.13952 9.2402 0.5
v -0.15854 3.10596 0.5
v -1.96708 9.35793 0.5
v -0.68103 9.96248 0.5
v -0.68103 9.96248 0.5
v 1.68291 8.83062 0.5
v -1.87967 9.41396 0.5
v 1.68291 8.83062 0.5
v -1.79151 9.46807 0.5
v -0.39056 10.03949 0.5
v -0.39056 10.03949 0.5
v 1.75563 8.79758 0.5
v 0.13612 9.10957 0.5
v 1.53439 8.89155 0.5
v 1.75563 8.79758 0.5
v -0.48787 10.01596 0.5
v 1.75563 8.79758 0.5
v -0.48787 10.01596 0.5
v 1.53439 8.89155 0.5
v 1.68291 8.83062 0.5
v 1.53439 8.89155 0.5
v 0.13612 9.10957 0.5
v 0.13612 9.10957 0.5
v 1.60916 8.86196 0.5
v -0.19459 10.08002 0.5
v -0.19459 10.08002 0.5
v 1.60916 8.86196 0.5
v 0.13612 9.10957 0.5
v 1.75563 8.79758 0.5
v 1.60916 8.86196 0.5
v -0.2928 10.06084 0.5
v -1.61297 9.5705 0.5
v -0.2928 10.06084 0.5
v 3.42717 6.88722 0.5
v 3.40116 6.96473 0.5
v -4.14055 6.86565 0.5
v 3.40116 6.96473 0.5
v 3.42717 6.88722 0.5
v -4.14055 6.86565 0.5
v -4.08485 6.97175 0.5
v 0.34926 2.94844 0.5
v 3.40116 6.96473 0.5
v -4.08485 6.97175 0.5
v 1.0068 2.87651 0.5
v 0.24386 2.97342 0.5
v 3.40116 6.96473 0.5
v 1.0068 2.87651 0.5
v -0.43467 3.23623 0.5
v -0.43467 3.23623 0.5
v 0.45618 2.92697 0.5
v -0.43467 3.23623 0.5
v -2.46331 8.18156 0.5
v -3.96948 7.17959 0.5
v 3.52996 6.48539 0.5
v 0.34926 2.94844 0.5
v 0.47964 9.10889 0.5
v -3.96948 7.17959 0.5
v 0.34926 2.94844 0.5
v -2.00414 8.47291 0.5
v -2.00414 8.47291 0.5
v 0.24386 2.97342 0.5
v 3.42717 6.88722 0.5
v -2.15928 8.38141 0.5
v -2.15928 8.38141 0.5
v 0.45618 2.92697 0.5
v 3.47381 6.72929 0.5
v 0.45618 2.92697 0.5
v 0.45618 2.92697 0.5
v 0.39291 9.11198 0.5
v 1.0068 2.87651 0.5
v 3.49439 6.6489 0.5
v -2.75812 7.95982 0.5
v -2.75812 7.95982 0.5
v -2.31238 8.28427 0.5
v 0.3055 9.11302 0.5
v -2.31238 8.28427 0.5
v -3.90984 7.28132 0.5
v -3.90984 7.28132 0.5
v 3.54491 6.40231 0.5
v 0.56443 2.90913 0.5
v 0.56443 2.90913 0.5
v 3.54491 6.40231 0.5
v 3.49439 6.6489 0.5
v 3.54491 6.40231 0.5
v -3.84892 7.38155 0.5
v -3.84892 7.38155 0.5
v -4.44568 6.19974 0.5
v -4.44568 6.19974 0.5
v 3.52996 6.48539 0.5
v 3.52996 6.48539 0.5
v 3.49439 6.6489 0.5
v -3.04261 7.71686 0.5
v -3.04261 7.71686 0.5
v 3.49439 6.6489 0.5
v 3.57814 6.14802 0.5
v -0.03313 9.09927 0.5
v -2.61194 8.07338 0.5
v -2.61194 8.07338 0.5
v 3.51312 6.56759 0.5
v 3.51312 6.56759 0.5
v -0.20211 9.08221 0.5
v 3.56902 6.2336 0.5
v 3.55794 6.31837 0.5
v -4.49151 6.08401 0.5
v 3.55794 6.31837 0.5
v 3.55794 6.31837 0.5
v 3.51312 6.56759 0.5
v 3.58527 6.06165 0.5
v 3.00319 7.74626 0.5
v 3.58527 6.06165 0.5
v 2.81118 7.99475 0.5
v 0.56443 2.90913 0.5
v 3.59451 5.79801 0.5
v -4.39838 6.31415 0.5
v -4.39838 6.31415 0.5
v 3.56902 6.2336 0.5
v -1.28961 4.56326 0.5
v 3.59159 5.65274 0.5
v -1.30611 4.50375 0.5
v 3.59159 5.65274 0.5
v -1.16202 4.77915 0.5
v -4.29945 6.5389 0.5
v 3.04744 7.68098 0.5
v 3.59038 5.97451 0.5
v 3.59159 5.65274 0.5
v 3.59038 5.97451 0.5
v 3.56902 6.2336 0.5
v 3.59451 5.79801 0.5
v -4.29945 6.5389 0.5
v 2.75953 8.05361 0.5
v 3.59451 5.79801 0.5
v 2.8614 7.93456 0.5
v -1.3195 4.38101 0.5
v 3.58527 6.06165 0.5
v -4.24787 6.64921 0.5
v -4.24787 6.64921 0.5
v 3.57814 6.14802 0.5
v 2.95742 7.8103 0.5
v 3.59347 5.88662 0.5
v 3.59347 5.88662 0.5
v -4.1949 6.75814 0.5
v 2.91015 7.87307 0.5
v -4.34963 6.4272 0.5
v -4.34963 6.4272 0.5
v 3.59038 5.97451 0.5
v -4.1949 6.75814 0.5
v 3.09014 7.61449 0.5
v -1.28961 4.56326 0.5
v 3.59347 5.88662 0.5
v -1.20284 4.72934 0.5
v 3.20873 7.40791 0.5
v -1.30611 4.50375 0.5
v -1.30611 4.50375 0.5
v -1.28961 4.56326 0.5
v -1.31613 4.44286 0.5
v -1.31613 4.44286 0.5
v -1.2668 4.62098 0.5
v -4.49151 6.08401 0.5
v -1.31613 4.44286 0.5
v 3.59159 5.65274 0.5
v -1.3195 4.38101 0.5
v 3.13127 7.5468 0.5
v 2.48493 3.37077 0.5
v -4.16613 6.37939 0.5
v 3.24502 7.33675 0.5
v -4.16613 6.37939 0.5
v -4.27242 6.20784 0.5
v -4.27242 6.20784 0.5
v -1.3195 4.38101 0.5
v 2.48493 3.37077 0.5
v 2.48493 3.37077 0.5
v 2.76002 3.61514 0.5
v 1.61196 2.94774 0.5
v -4.37451 6.03201 0.5
v -4.37451 6.03201 0.5
v 2.07156 3.11498 0.5
v 2.76002 3.61514 0.5
v 2.07156 3.11498 0.5
v 2.07156 3.11498 0.5
v -1.20284 4.72934 0.5
v 2.58015 3.44747 0.5
v 2.58015 3.44747 0.5
v -1.16202 4.77915 0.5
v 2.58015 3.44747 0.5
v -1.16202 4.77915 0.5
v -3.59288 7.76731 0.5
v -3.59288 7.76731 0.5
v -1.20284 4.72934 0.5
v 2.67189 3.52897 0.5
v 3.1708 7.47793 0.5
v 2.67189 3.52897 0.5
v -1.23782 4.67647 0.5
v -1.2668 4.62098 0.5
v -1.23782 4.67647 0.5
v 1.61196 2.94774 0.5
v -1.23782 4.67647 0.5
v 2.67189 3.52897 0.5
v 1.61196 2.94774 0.5
v -1.11553 4.82549 0.5
v -1.11553 4.82549 0.5
v 1.61196 2.94774 0.5
v 2.76002 3.61514 0.5
v 2.17954 3.17099 0.5
v 2.17954 3.17099 0.5
v -1.2668 4.62098 0.5
v 3.20873 7.40791 0.5
v -4.24787 6.64921 0.5
v 3.00319 7.74626 0.5
v -3.72334 7.5775 0.5
v -3.72334 7.5775 0.5
v 3.34385 7.1167 0.5
v -4.1949 6.75814 0.5
v 3.09014 7.61449 0.5
v 2.95742 7.8103 0.5
v -3.65871 7.67318 0.5
v -3.65871 7.67318 0.5
v -3.52587 7.85988 0.5
v 3.24502 7.33675 0.5
v 3.24502 7.33675 0.5
v -3.52587 7.85988 0.5
v 3.37338 7.04123 0.5
v 3.24502 7.33675 0.5
v 3.20873 7.40791 0.5
v 3.00319 7.74626 0.5
v 3.20873 7.40791 0.5
v 3.34385 7.1167 0.5
v 3.37338 7.04123 0.5
v 3.1708 7.47793 0.5
v -4.08485 6.97175 0.5
v 3.34385 7.1167 0.5
v 3.1708 7.47793 0.5
v 2.03563 8.64872 0.5
v 3.3126 7.19113 0.5
v -3.38839 8.04024 0.5
v -3.4577 7.95086 0.5
v 3.13127 7.5468 0.5
v -3.38839 8.04024 0.5
v 3.13127 7.5468 0.5
v -4.37451 6.03201 0.5
v 1.9673 8.6884 0.5
v -1.79151 9.46807 0.5
v -1.79151 9.46807 0.5
v 1.9673 8.6884 0.5
v 3.13127 7.5468 0.5
v 3.1708 7.47793 0.5
v 3.37338 7.04123 0.5
v 3.1708 7.47793 0.5
v 1.89784 8.72645 0.5
v -3.31795 8.12801 0.5
v -3.31795 8.12801 0.5
v -3.24641 8.21415 0.5
v 1.89784 8.72645 0.5
v 3.00319 7.74626 0.5
v -3.96948 7.17959 0.5
v -3.24641 8.21415 0.5
v -4.14055 6.86565 0.5
v 1.82728 8.76285 0.5
v 2.03563 8.64872 0.5
v 3.3126 7.19113 0.5
v -3.4577 7.95086 0.5
v 1.82728 8.76285 0.5
v -1.07438 3.75056 0.5
v -0.6446 5.01765 0.5
v 2.16882 8.56458 0.5
v -0.6446 5.01765 0.5
v 2.48049 8.32727 0.5
v -1.07438 3.75056 0.5
v -1.24057 4.02171 0.5
v -1.00615 4.9061 0.5
v -0.60358 3.33593 0.5
v -0.60358 3.33593 0.5
v 2.539 8.27536 0.5
v -0.68289 3.38928 0.5
v -0.68289 3.38928 0.5
v 1.60916 8.86196 0.5
v 1.60916 8.86196 0.5
v -0.68289 3.38928 0.5
v -0.60358 3.33593 0.5
v -0.75852 3.44479 0.5
v -0.75852 3.44479 0.5
v -1.6883 8.63862 0.5
v -1.6883 8.63862 0.5
v -0.75852 3.44479 0.5
v -0.94359 4.93953 0.5
v -0.87599 4.96781 0.5
v 2.10281 8.60744 0.5
v -0.83025 3.50234 0.5
v -0.83025 3.50234 0.5
v -1.07438 3.75056 0.5
v -0.94359 4.93953 0.5
v 1.75563 8.79758 0.5
v 1.75563 8.79758 0.5
v -1.31621 4.30799 0.5
v -0.8979 3.56182 0.5
v 2.70646 8.11112 0.5
v 1.53439 8.89155 0.5
v -0.96127 3.62309 0.5
v -0.87599 4.96781 0.5
v -0.87599 4.96781 0.5
v 1.53439 8.89155 0.5
v -1.16801 3.88375 0.5
v -0.96127 3.62309 0.5
v -0.87599 4.96781 0.5
v -0.8979 3.56182 0.5
v -0.6446 5.01765 0.5
v -0.80352 4.99054 0.5
v -0.72634 5.00729 0.5
v -0.80352 4.99054 0.5
v -1.02017 3.68605 0.5
v -0.80352 4.99054 0.5
v -0.6446 5.01765 0.5
v -0.72634 5.00729 0.5
v -0.96127 3.62309 0.5
v -1.02017 3.68605 0.5
v 1.68291 8.83062 0.5
v -0.6446 5.01765 0.5
v 1.68291 8.83062 0.5
v -1.02017 3.68605 0.5
v -0.6446 5.01765 0.5
v 2.42068 8.37773 0.5
v -1.20702 3.9522 0.5
v -0.8979 3.56182 0.5
v -0.72634 5.00729 0.5
v -0.72634 5.00729 0.5
v -0.70605 8.99133 0.5
v -0.70605 8.99133 0.5
v -1.12373 3.8165 0.5
v -1.12373 3.8165 0.5
v -1.12373 3.8165 0.5
v -0.6446 5.01765 0.5
v -1.16801 3.88375 0.5
v -1.20267 8.8427 0.5
v -1.20267 8.8427 0.5
v -1.8471 8.55867 0.5
v -1.16801 3.88375 0.5
v -1.8471 8.55867 0.5
v -1.20702 3.9522 0.5
v -1.2905 4.16345 0.5
v 2.59617 8.22202 0.5
v -1.20702 3.9522 0.5
v -1.30648 4.23543 0.5
v -1.24057 4.02171 0.5
v -1.24057 4.02171 0.5
v -1.31621 4.30799 0.5
v 2.652 8.16727 0.5
v -0.87259 8.94809 0.5
v -0.87259 8.94809 0.5
v -1.26846 4.09217 0.5
v -1.26846 4.09217 0.5
v -1.36595 8.78072 0.5
v -1.36595 8.78072 0.5
v -1.2905 4.16345 0.5
v 3.58293 5.50951 0.5
v 3.56865 5.36848 0.5
v 3.45761 4.82922 0.5
v 3.54885 5.22979 0.5
v -1.30648 4.23543 0.5
v -1.03817 8.89852 0.5
v -1.03817 8.89852 0.5
v -1.30648 4.23543 0.5
v 3.52367 5.09359 0.5
v -1.31621 4.30799 0.5
v -1.52787 8.71266 0.5
v -1.52787 8.71266 0.5
v 2.8614 7.93456 0.5
v 2.8614 7.93456 0.5
v 3.37143 4.57653 0.5
v 0.13612 9.10957 0.5
v 3.49322 4.96001 0.5
v 0.13612 9.10957 0.5
v -1.2905 4.16345 0.5
v 0.3055 9.11302 0.5
v 0.3055 9.11302 0.5
v 3.26606 4.33668 0.5
v 2.92501 3.80088 0.5
v -0.37068 9.05848 0.5
v -0.37068 9.05848 0.5
v 2.75953 8.05361 0.5
v 0.39291 9.11198 0.5
v 0.39291 9.11198 0.5
v 3.41698 4.70134 0.5
v 2.91015 7.87307 0.5
v 2.91015 7.87307 0.5
v 0.47964 9.10889 0.5
v 0.47964 9.10889 0.5
v 3.14247 4.11084 0.5
v -0.03313 9.09927 0.5
v -0.03313 9.09927 0.5
v -0.53871 9.02816 0.5
v 3.32108 4.45492 0.5
v -0.53871 9.02816 0.5
v -1.20267 8.8427 0.5
v 3.20649 4.22194 0.5
v -0.20211 9.08221 0.5
v -0.20211 9.08221 0.5
v -0.52077 3.28487 0.5
v -0.37068 9.05848 0.5
v -3.31571 7.45337 0.5
v -3.31571 7.45337 0.5
v -0.15854 3.10596 0.5
v -2.90172 7.84095 0.5
v -2.90172 7.84095 0.5
v -0.53871 9.02816 0.5
v -3.70161 7.02114 0.5
v -3.70161 7.02114 0.5
v -1.8471 8.55867 0.5
v -0.06121 3.06818 0.5
v -0.70605 8.99133 0.5
v -0.52077 3.28487 0.5
v -3.57633 7.17004 0.5
v -3.57633 7.17004 0.5
v -0.34546 3.19011 0.5
v 0.03843 3.03341 0.5
v -3.18066 7.58764 0.5
v -0.87259 8.94809 0.5
v -3.18066 7.58764 0.5
v 0.03843 3.03341 0.5
v -0.52077 3.28487 0.5
v -0.25335 3.14665 0.5
v 0.14018 3.00178 0.5
v -0.25335 3.14665 0.5
v 0.78414 2.88483 0.5
v -1.52787 8.71266 0.5
v 0.67382 2.89504 0.5
v 0.67382 2.89504 0.5
v -0.52077 3.28487 0.5
v -3.82337 6.86755 0.5
v -3.82337 6.86755 0.5
v 0.67382 2.89504 0.5
v -1.03817 8.89852 0.5
v -3.44765 7.31414 0.5
v 0.13612 9.10957 0.5
v -3.44765 7.31414 0.5
v -4.02782 7.0764 0.5
v -4.02782 7.0764 0.5
v -2.46331 8.18156 0.5
v -0.06121 3.06818 0.5
v 0.14018 3.00178 0.5
v 0.14018 3.00178 0.5
v 1.68291 8.83062 0.5
v 0.8952 2.87861 0.5
v 0.8952 2.87861 0.5
v -0.25335 3.14665 0.5
v 0.8952 2.87861 0.5
v -1.36595 8.78072 0.5
v 3.47381 6.72929 0.5
v -0.43467 3.23623 0.5
v 3.4514 6.80874 0.5
v 3.47381 6.72929 0.5
v -0.34546 3.19011 0.5
v 3.4514 6.80874 0.5
v -0.34546 3.19011 0.5
v 0.78414 2.88483 0.5
v 0.78414 2.88483 0.5
v 3.4514 6.80874 0.5
v -0.25335 3.14665 0.5
v -0.19779 4.9781 0.5
v -0.19779 4.9781 0.5
v 3.34385 7.1167 0.5
v 3.54491 6.40231 0.5
v 3.1708 7.47793 0.5
v 3.1708 7.47793 0.5
v 1.18275 4.38045 0.5
v 1.18275 4.38045 0.5
v 3.52996 6.48539 0.5
v 1.18275 4.38045 0.5
v 3.37338 7.04123 0.5
v 3.37338 7.04123 0.5
v 1.1106 4.41934 0.5
v 3.34385 7.1167 0.5
v 1.1106 4.41934 0.5
v 1.82728 8.76285 0.5
v 3.56902 6.2336 0.5
v 1.82728 8.76285 0.5
v -0.10771 4.95753 0.5
v -0.10771 4.95753 0.5
v 1.1106 4.41934 0.5
v 1.25373 4.34272 0.5
v 3.13127 7.5468 0.5
v -0.01871 4.93378 0.5
v -0.01871 4.93378 0.5
v 3.13127 7.5468 0.5
v 0.0692 4.90712 0.5
v 0.81051 4.58108 0.5
v 1.32355 4.30643 0.5
v -0.55847 5.0212 0.5
v -0.55847 5.0212 0.5
v 1.9673 8.6884 0.5
v 1.9673 8.6884 0.5
v 3.58527 6.06165 0.5
v 0.81051 4.58108 0.5
v 1.18275 4.38045 0.5
v 3.55794 6.31837 0.5
v 2.03563 8.64872 0.5
v 2.03563 8.64872 0.5
v 0.81051 4.58108 0.5
v 1.32355 4.30643 0.5
v 1.32355 4.30643 0.5
v 0.81051 4.58108 0.5
v -0.4745 5.01801 0.5
v 3.57814 6.14802 0.5
v 0.96285 4.49951 0.5
v 0.88725 4.54026 0.5
v 0.96285 4.49951 0.5
v 0.88725 4.54026 0.5
v 0.88725 4.54026 0.5
v -0.4745 5.01801 0.5
v -0.38119 5.00861 0.5
v -0.38119 5.00861 0.5
v 3.3126 7.19113 0.5
v 3.3126 7.19113 0.5
v 3.27965 7.26448 0.5
v 0.96285 4.49951 0.5
v 1.25373 4.34272 0.5
v 1.0373 4.45912 0.5
v 3.51312 6.56759 0.5
v 0.96285 4.49951 0.5
v 1.25373 4.34272 0.5
v 1.0373 4.45912 0.5
v 1.0373 4.45912 0.5
v 3.27965 7.26448 0.5
v 2.23363 8.52016 0.5
v 2.23363 8.52016 0.5
v 3.59038 5.97451 0.5
v -0.28895 4.99522 0.5
v -0.28895 4.99522 0.5
v -0.28895 4.99522 0.5
v 0.88725 4.54026 0.5
v 1.0373 4.45912 0.5
v 3.59347 5.88662 0.5
v 2.29723 8.47419 0.5
v 2.29723 8.47419 0.5
v 1.65496 4.15595 0.5
v 1.71768 4.13396 0.5
v 1.71768 4.13396 0.5
v 1.65496 4.15595 0.5
v 2.35958 8.42671 0.5
v 2.35958 8.42671 0.5
v 1.65496 4.15595 0.5
v -0.55847 5.0212 0.5
v 3.59159 5.65274 0.5
v 1.7792 4.11529 0.5
v 1.7792 4.11529 0.5
v 3.59451 5.79801 0.5
v -0.55847 5.0212 0.5
v -0.55847 5.0212 0.5
v 1.89784 8.72645 0.5
v 1.89784 8.72645 0.5
v 1.83951 4.10023 0.5
v -0.55847 5.0212 0.5
v -0.55847 5.0212 0.5
v -0.55847 5.0212 0.5
v 0.78414 2.88483 0.5
v 2.48049 8.32727 0.5
v -0.55847 5.0212 0.5
v 2.48049 8.32727 0.5
v -0.55847 5.0212 0.5
v -0.4745 5.01801 0.5
v -0.4745 5.01801 0.5
v -0.4745 5.01801 0.5
v 1.83951 4.10023 0.5
v 0.8952 2.87861 0.5
v 2.539 8.27536 0.5
v 2.539 8.27536 0.5
v -0.55847 5.0212 0.5
v -0.55847 5.0212 0.5
v 2.10281 8.60744 0.5
v 1.45966 4.23923 0.5
v -0.38119 5.00861 0.5
v 1.39219 4.27184 0.5
v 0.34926 2.94844 0.5
v 2.16882 8.56458 0.5
v 2.16882 8.56458 0.5
v -0.55847 5.0212 0.5
v 0.67382 2.89504 0.5
v 1.7792 4.11529 0.5
v 2.10281 8.60744 0.5
v 1.52595 4.20886 0.5
v 1.45966 4.23923 0.5
v -0.38119 5.00861 0.5
v 1.59105 4.18101 0.5
v 1.52595 4.20886 0.5
v -0.38119 5.00861 0.5
v 1.59105 4.18101 0.5
v 1.7792 4.11529 0.5
v 1.83951 4.10023 0.5
v 2.70646 8.11112 0.5
v 1.0068 2.87651 0.5
v 0.45618 2.92697 0.5
v 2.70646 8.11112 0.5
v 0.24386 2.97342 0.5
v -0.4745 5.01801 0.5
v 1.83951 4.10023 0.5
v 1.39219 4.27184 0.5
v -0.4745 5.01801 0.5
v 1.39219 4.27184 0.5
v 1.52595 4.20886 0.5
v 2.42068 8.37773 0.5
v 2.42068 8.37773 0.5
v -0.06121 3.06818 0.5
v -0.28895 4.99522 0.5
v 2.652 8.16727 0.5
v 2.652 8.16727 0.5
v 0.56443 2.90913 0.5
v -0.15854 3.10596 0.5
v 0.0692 4.90712 0.5
v 2.03563 8.64872 0.5
v 3.3126 7.19113 0.5
v 0.98429 9.04842 0.5
v 0.98429 9.04842 0.5
v 2.59617 8.22202 0.5
v 2.59617 8.22202 0.5
v 0.49221 4.7397 0.5
v -1.06352 4.86795 0.5
v -1.11553 4.82549 0.5
v 1.84707 3.01971 0.5
v 3.37338 7.04123 0.5
v -1.06352 4.86795 0.5
v 1.2415 2.88601 0.5
v 3.27965 7.26448 0.5
v 1.12407 2.87886 0.5
v 1.12407 2.87886 0.5
v 1.12407 2.87886 0.5
v 1.22554 8.99219 0.5
v 1.22554 8.99219 0.5
v 1.84707 3.01971 0.5
v 2.38634 3.29903 0.5
v 1.9673 8.6884 0.5
v -1.00615 4.9061 0.5
v 2.38634 3.29903 0.5
v 2.38634 3.29903 0.5
v 2.38634 3.29903 0.5
v 1.73078 2.98074 0.5
v 0.90216 9.06339 0.5
v -1.06352 4.86795 0.5
v 0.90216 9.06339 0.5
v 1.12407 2.87886 0.5
v 1.30417 8.96974 0.5
v 1.30417 8.96974 0.5
v -1.00615 4.9061 0.5
v 1.84707 3.01971 0.5
v 2.2845 3.23239 0.5
v 2.2845 3.23239 0.5
v 3.34385 7.1167 0.5
v 1.38187 8.94547 0.5
v 1.38187 8.94547 0.5
v -0.94359 4.93953 0.5
v -0.94359 4.93953 0.5
v 2.76002 3.61514 0.5
v 1.06558 9.03156 0.5
v 1.06558 9.03156 0.5
v 2.17954 3.17099 0.5
v 1.73078 2.98074 0.5
v 1.73078 2.98074 0.5
v 1.2415 2.88601 0.5
v 1.2415 2.88601 0.5
v 1.45862 8.9194 0.5
v 1.45862 8.9194 0.5
v 2.2845 3.23239 0.5
v 1.89784 8.72645 0.5
v -0.83025 3.50234 0.5
v 2.23363 8.52016 0.5
v 0.73546 9.08752 0.5
v -0.87599 4.96781 0.5
v 0.73546 9.08752 0.5
v 1.49073 2.92085 0.5
v 0.56565 9.10378 0.5
v -0.80352 4.99054 0.5
v 0.56565 9.10378 0.5
v -0.83025 3.50234 0.5
v -0.80352 4.99054 0.5
v 2.29723 8.47419 0.5
v 1.49073 2.92085 0.5
v 1.9607 3.06451 0.5
v 1.49073 2.92085 0.5
v 0.81921 9.07643 0.5
v 0.81921 9.07643 0.5
v -0.72634 5.00729 0.5
v -0.72634 5.00729 0.5
v 0.65093 9.09664 0.5
v 0.65093 9.09664 0.5
v 1.3672 2.90023 0.5
v -0.6446 5.01765 0.5
v 2.35958 8.42671 0.5
v 1.9607 3.06451 0.5
v -0.6446 5.01765 0.5
v 1.9607 3.06451 0.5
v 1.9607 3.06451 0.5
v -1.11553 4.82549 0.5
v 1.82728 8.76285 0.5
v 1.3672 2.90023 0.5
v -1.00615 4.9061 0.5
v 1.14601 9.0128 0.5
v 1.14601 9.0128 0.5
v 1.3672 2.90023 0.5
v 3.49322 4.96001 0.5
v 3.49322 4.96001 0.5
v 2.07156 3.11498 0.5
v 2.38634 3.29903 0.5
v 3.37143 4.57653 0.5
v 2.17954 3.17099 0.5
v 3.37143 4.57653 0.5
v 3.41698 4.70134 0.5
v 3.41698 4.70134 0.5
v 0.24172 4.84617 0.5
v 2.54496 4.69492 0.5
v 2.2845 3.23239 0.5
v 2.44649 4.48089 0.5
v 0.15601 4.87783 0.5
v 3.32108 4.45492 0.5
v 3.32108 4.45492 0.5
v 0.24172 4.84617 0.5
v 3.4514 6.80874 0.5
v 3.26606 4.33668 0.5
v 3.26606 4.33668 0.5
v 1.61196 2.94774 0.5
v 1.73078 2.98074 0.5
v 2.6056 4.86845 0.5
v 0.15601 4.87783 0.5
v 2.58674 4.80981 0.5
v 3.20649 4.22194 0.5
v 0.32633 4.81241 0.5
v 0.40982 4.77683 0.5
v 3.14247 4.11084 0.5
v 3.14247 4.11084 0.5
v 2.56651 4.75189 0.5
v 0.32633 4.81241 0.5
v 0.15601 4.87783 0.5
v 3.4514 6.80874 0.5
v 1.12407 2.87886 0.5
v 3.00161 3.90017 0.5
v 3.20649 4.22194 0.5
v 3.00161 3.90017 0.5
v 2.54496 4.69492 0.5
v 2.54496 4.69492 0.5
v 3.07414 4.00354 0.5
v 3.07414 4.00354 0.5
v 2.58674 4.80981 0.5
v 2.58674 4.80981 0.5
v 2.44649 4.48089 0.5
v 1.2415 2.88601 0.5
v 2.49809 4.5847 0.5
v 2.56651 4.75189 0.5
v 2.84444 3.70582 0.5
v 1.84707 3.01971 0.5
v 2.84444 3.70582 0.5
v 2.49809 4.5847 0.5
v 2.92501 3.80088 0.5
v 3.42717 6.88722 0.5
v 3.42717 6.88722 0.5
v 3.52996 6.48539 0.5
v 2.6056 4.86845 0.5
v 2.47286 4.53188 0.5
v 3.52996 6.48539 0.5
v 2.6056 4.86845 0.5
v 2.44649 4.48089 0.5
v 2.47286 4.53188 0.5
v 3.40116 6.96473 0.5
v 1.9607 3.06451 0.5
v 2.92501 3.80088 0.5
v 3.40116 6.96473 0.5
v 2.52214 4.63912 0.5
v 2.49809 4.5847 0.5
v 1.3672 2.90023 0.5
v 1.49073 2.92085 0.5
v 2.67796 5.16494 0.5
v 3.47381 6.72929 0.5
v 3.47381 6.72929 0.5
v -1.30611 4.50375 0.5
v 3.57814 6.14802 0.5
v 3.57814 6.14802 0.5
v 2.52214 4.63912 0.5
v 3.51312 6.56759 0.5
v 2.67796 5.16494 0.5
v -1.31613 4.44286 0.5
v -1.3195 4.38101 0.5
v 2.67796 5.16494 0.5
v 3.49439 6.6489 0.5
v 3.51312 6.56759 0.5
v 3.54491 6.40231 0.5
v 3.54491 6.40231 0.5
v -1.28961 4.56326 0.5
v 2.6958 5.28097 0.5
v 2.62307 4.92761 0.5
v 2.62307 4.92761 0.5
v 3.49439 6.6489 0.5
v 2.0575 4.09069 0.5
v -1.20284 4.72934 0.5
v 2.68772 5.22336 0.5
v -1.2668 4.62098 0.5
v -1.23782 4.67647 0.5
v 3.56902 6.2336 0.5
v 3.56902 6.2336 0.5
v 2.65359 5.04657 0.5
v 2.1653 4.14002 0.5
v 2.65359 5.04657 0.5
v 2.0575 4.09069 0.5
v 3.55794 6.31837 0.5
v 2.63908 4.98705 0.5
v 2.63908 4.98705 0.5
v 3.55794 6.31837 0.5
v 2.63908 4.98705 0.5
v 3.58527 6.06165 0.5
v 3.58527 6.06165 0.5
v 2.95742 7.8103 0.5
v 2.13 4.11927 0.5
v 1.9565 4.08201 0.5
v 2.95742 7.8103 0.5
v -1.16202 4.77915 0.5
v 2.13 4.11927 0.5
v 1.89861 4.08905 0.5
v 1.89861 4.08905 0.5
v 2.09405 4.10276 0.5
v 2.66657 5.10594 0.5
v 2.66657 5.10594 0.5
v 2.09405 4.10276 0.5
v 3.04744 7.68098 0.5
v 3.04744 7.68098 0.5
v 3.07414 4.00354 0.5
v 3.09014 7.61449 0.5
v 3.09014 7.61449 0.5
v 3.00161 3.90017 0.5
v 2.84444 3.70582 0.5
v 2.75953 8.05361 0.5
v 3.24502 7.33675 0.5
v 3.24502 7.33675 0.5
v 3.40116 6.96473 0.5
v 3.42717 6.88722 0.5
v 2.81118 7.99475 0.5
v 2.81118 7.99475 0.5
v 3.20873 7.40791 0.5
v 3.20873 7.40791 0.5
v 3.4514 6.80874 0.5
v 3.49439 6.6489 0.5
v 3.47381 6.72929 0.5
v 3.00319 7.74626 0.5
v 3.00319 7.74626 0.5
v 2.41903 4.43193 0.5
v 2.19991 4.16477 0.5
v -1.02017 3.68605 0.5
v 0.03843 3.03341 0.5
v 0.03843 3.03341 0.5
v 2.39051 4.38524 0.5
v 2.29913 4.2609 0.5
v -0.68289 3.38928 0.5
v 2.41903 4.43193 0.5
v 2.23378 4.19331 0.5
v -0.60358 3.33593 0.5
v -0.15854 3.10596 0.5
v 2.23378 4.19331 0.5
v -0.15854 3.10596 0.5
v 2.19991 4.16477 0.5
v -1.07438 3.75056 0.5
v -0.43467 3.23623 0.5
v 2.29913 4.2609 0.5
v 2.29913 4.2609 0.5
v -1.20702 3.9522 0.5
v -0.43467 3.23623 0.5
v -0.34546 3.19011 0.5
v 2.26687 4.22543 0.5
v -0.34546 3.19011 0.5
v 2.26687 4.22543 0.5
v -1.16801 3.88375 0.5
v -0.96127 3.62309 0.5
v 0.14018 3.00178 0.5
v 0.14018 3.00178 0.5
v -0.8979 3.56182 0.5
v -1.24057 4.02171 0.5
v -0.52077 3.28487 0.5
v -0.52077 3.28487 0.5
v -1.31621 4.30799 0.5
v -1.30648 4.23543 0.5
v -1.12373 3.8165 0.5
v -0.25335 3.14665 0.5
v -0.25335 3.14665 0.5
v 1.73232 7.53772 0.5
v 2.76002 3.61514 0.5
v 2.76002 3.61514 0.5
v 1.54004 7.64981 0.5
v 2.67189 3.52897 0.5
v 2.67189 3.52897 0.5
v 1.1106 4.41934 0.5
v -1.2905 4.16345 0.5
v 1.82358 7.4745 0.5
v 1.82358 7.4745 0.5
v 2.48493 3.37077 0.5
v 2.48493 3.37077 0.5
v 1.82358 7.4745 0.5
v 2.07584 7.25596 0.5
v 1.73232 7.53772 0.5
v -1.26846 4.09217 0.5
v 1.63775 7.59615 0.5
v 1.73232 7.53772 0.5
v 1.54004 7.64981 0.5
v 1.54004 7.64981 0.5
v 2.58015 3.44747 0.5
v 2.07584 7.25596 0.5
v 1.25373 4.34272 0.5
v 2.58015 3.44747 0.5
v 1.63775 7.59615 0.5
v 1.91136 7.40648 0.5
v 2.2845 3.23239 0.5
v 2.2845 3.23239 0.5
v 1.63775 7.59615 0.5
v 1.91136 7.40648 0.5
v 2.38634 3.29903 0.5
v 2.38634 3.29903 0.5
v 1.9955 7.33364 0.5
v 1.9955 7.33364 0.5
v 2.1522 7.17343 0.5
v 1.9955 7.33364 0.5
v 1.18275 4.38045 0.5
v 1.32355 4.30643 0.5
v 2.1522 7.17343 0.5
v 2.07156 3.11498 0.5
v 2.07156 3.11498 0.5
v 1.91136 7.40648 0.5
v 0.89712 7.87254 0.5
v 2.17954 3.17099 0.5
v 2.17954 3.17099 0.5
v 0.96285 4.49951 0.5
v 1.01019 7.84715 0.5
v 1.2415 2.88601 0.5
v 1.2415 2.88601 0.5
v 0.89712 7.87254 0.5
v 0.88725 4.54026 0.5
v 0.89712 7.87254 0.5
v 0.66523 7.90937 0.5
v 1.84707 3.01971 0.5
v 1.84707 3.01971 0.5
v 0.78208 7.89328 0.5
v 0.81051 4.58108 0.5
v 1.3672 2.90023 0.5
v 1.3672 2.90023 0.5
v 2.1522 7.17343 0.5
v 1.01019 7.84715 0.5
v 1.01019 7.84715 0.5
v 1.61196 2.94774 0.5
v 1.61196 2.94774 0.5
v 1.9607 3.06451 0.5
v 1.9607 3.06451 0.5
v 0.78208 7.89328 0.5
v 0.66523 7.90937 0.5
v 1.73078 2.98074 0.5
v 0.66523 7.90937 0.5
v 1.0373 4.45912 0.5
v 1.73078 2.98074 0.5
v 1.12407 2.87886 0.5
v 1.12407 2.87886 0.5
v 1.33586 7.74289 0.5
v 3.54885 5.22979 0.5
v 0.78208 7.89328 0.5
v -0.43467 3.23623 0.5
v 0.57347 4.70129 0.5
v -0.34546 3.19011 0.5
v -0.19779 4.9781 0.5
v 0.57347 4.70129 0.5
v 0.57347 4.70129 0.5
v 0.49221 4.7397 0.5
v 0.49221 4.7397 0.5
v 0.49221 4.7397 0.5
v 0.49221 4.7397 0.5
v 0.03843 3.03341 0.5
v 0.73263 4.62171 0.5
v -0.19779 4.9781 0.5
v 2.48493 3.37077 0.5
v -0.19779 4.9781 0.5
v -0.01871 4.93378 0.5
v 0.65362 4.66187 0.5
v 0.73263 4.62171 0.5
v 0.0692 4.90712 0.5
v -0.52077 3.28487 0.5
v 0.57347 4.70129 0.5
v -0.10771 4.95753 0.5
v -0.10771 4.95753 0.5
v 0.65362 4.66187 0.5
v -0.10771 4.95753 0.5
v -0.01871 4.93378 0.5
v 0.14018 3.00178 0.5
v 3.56865 5.36848 0.5
v 3.56865 5.36848 0.5
v 0.65362 4.66187 0.5
v 0.73263 4.62171 0.5
v 0.65362 4.66187 0.5
v 3.58293 5.50951 0.5
v 3.58293 5.50951 0.5
v 0.24172 4.84617 0.5
v 0.15601 4.87783 0.5
v 0.73263 4.62171 0.5
v 0.0692 4.90712 0.5
v -0.25335 3.14665 0.5
v 0.24172 4.84617 0.5
v 3.52367 5.09359 0.5
v 2.76002 3.61514 0.5
v 3.52367 5.09359 0.5
v 0.40982 4.77683 0.5
v 2.58015 3.44747 0.5
v -0.28895 4.99522 0.5
v 0.40982 4.77683 0.5
v 0.32633 4.81241 0.5
v 3.45761 4.82922 0.5
v 3.45761 4.82922 0.5
v 0.32633 4.81241 0.5
v 0.15601 4.87783 0.5
v 3.54885 5.22979 0.5
v 2.67189 3.52897 0.5
v 0.40982 4.77683 0.5
v -1.98497 7.19706 0.5
v -3.00508 6.24486 0.5
v 2.69778 5.79839 0.5
v -3.18212 5.9949 0.5
v -1.21484 7.6109 0.5
v -2.22579 7.02375 0.5
v -3.00508 6.24486 0.5
v -3.58118 2.35775 0.5
v -3.61219 2.45071 0.5
v -3.58118 2.35775 0.5
v -1.98497 7.19706 0.5
v -2.22579 7.02375 0.5
v -3.06603 6.16327 0.5
v -2.95301 1.24382 0.5
v -3.00508 6.24486 0.5
v -3.06603 6.16327 0.5
v -2.95301 1.24382 0.5
v 2.69778 5.79839 0.5
v -1.12617 7.64677 0.5
v -1.12617 7.64677 0.5
v -0.10771 4.95753 0.5
v 2.68212 5.94046 0.5
v -1.31613 4.44286 0.5
v 1.83951 4.10023 0.5
v -2.22579 7.02375 0.5
v -3.58118 2.35775 0.5
v 1.52595 4.20886 0.5
v -2.14662 7.08343 0.5
v -1.31613 4.44286 0.5
v -3.00508 6.24486 0.5
v -2.06632 7.14121 0.5
v -3.06603 6.16327 0.5
v 2.68212 5.94046 0.5
v -0.9477 7.71229 0.5
v -1.03711 7.68057 0.5
v -1.03711 7.68057 0.5
v -3.00883 1.31175 0.5
v -1.21484 7.6109 0.5
v -2.87769 6.40276 0.5
v -3.11579 1.45298 0.5
v 1.59105 4.18101 0.5
v -3.11579 1.45298 0.5
v -2.06632 7.14121 0.5
v 2.66049 6.07749 0.5
v -3.0631 1.38147 0.5
v 2.70677 5.39291 0.5
v -1.03711 7.68057 0.5
v -2.87769 6.40276 0.5
v -1.47786 7.49099 0.5
v -1.30611 4.50375 0.5
v -2.94228 6.32469 0.5
v -3.11579 1.45298 0.5
v -1.98497 7.19706 0.5
v -2.94228 6.32469 0.5
v 1.39219 4.27184 0.5
v -3.0631 1.38147 0.5
v -2.94228 6.32469 0.5
v -2.87769 6.40276 0.5
v -1.47786 7.49099 0.5
v 1.71768 4.13396 0.5
v 1.22972 7.78234 0.5
v 2.69778 5.79839 0.5
v -1.56433 7.44697 0.5
v -1.16202 4.77915 0.5
v -1.47786 7.49099 0.5
v -3.2163 1.60139 0.5
v -3.2163 1.60139 0.5
v -1.3195 4.38101 0.5
v -2.06632 7.14121 0.5
v -2.06632 7.14121 0.5
v -1.3195 4.38101 0.5
v 1.45966 4.23923 0.5
v -1.30306 7.57297 0.5
v -1.47786 7.49099 0.5
v -1.30306 7.57297 0.5
v 1.12111 7.81709 0.5
v 1.7792 4.11529 0.5
v -3.0631 1.38147 0.5
v 1.22972 7.78234 0.5
v -3.16687 1.52629 0.5
v -3.16687 1.52629 0.5
v 2.63304 6.20947 0.5
v 1.22972 7.78234 0.5
v 1.43935 7.69872 0.5
v -3.2163 1.60139 0.5
v -1.56433 7.44697 0.5
v -1.39075 7.53299 0.5
v 1.43935 7.69872 0.5
v -1.56433 7.44697 0.5
v 2.68212 5.94046 0.5
v 1.12111 7.81709 0.5
v -3.31008 1.75696 0.5
v -3.26405 1.67828 0.5
v -1.39075 7.53299 0.5
v -3.26405 1.67828 0.5
v 1.65496 4.15595 0.5
v 1.33586 7.74289 0.5
v 1.49073 2.92085 0.5
v 1.49073 2.92085 0.5
v -3.31008 1.75696 0.5
v -1.30306 7.57297 0.5
v -1.39075 7.53299 0.5
v 1.12111 7.81709 0.5
v -1.30611 4.50375 0.5
v 1.33586 7.74289 0.5
v 1.43935 7.69872 0.5
v -1.28961 4.56326 0.5
v -1.28961 4.56326 0.5
v -0.38119 5.00861 0.5
v -0.38119 5.00861 0.5
v -0.28895 4.99522 0.5
v 0.49221 4.7397 0.5
v 0.49221 4.7397 0.5
v 1.54004 7.64981 0.5
v -0.28895 4.99522 0.5
v -0.4745 5.01801 0.5
v -0.4745 5.01801 0.5
v 1.73232 7.53772 0.5
v 1.82358 7.4745 0.5
v -0.55847 5.0212 0.5
v -0.55847 5.0212 0.5
v 0.0692 4.90712 0.5
v -0.01871 4.93378 0.5
v -0.01871 4.93378 0.5
v 0.0692 4.90712 0.5
v 2.26687 4.22543 0.5
v 1.59105 4.18101 0.5
v 1.59105 4.18101 0.5
v -0.19779 4.9781 0.5
v -0.19779 4.9781 0.5
v -0.10771 4.95753 0.5
v -0.10771 4.95753 0.5
v 2.29913 4.2609 0.5
v 2.19991 4.16477 0.5
v 1.52595 4.20886 0.5
v 1.52595 4.20886 0.5
v 2.23378 4.19331 0.5
v 1.45966 4.23923 0.5
v 1.45966 4.23923 0.5
v 1.83951 4.10023 0.5
v 2.39051 4.38524 0.5
v 1.83951 4.10023 0.5
v 1.39219 4.27184 0.5
v 1.39219 4.27184 0.5
v 2.41903 4.43193 0.5
v 1.71768 4.13396 0.5
v 1.71768 4.13396 0.5
v 2.33052 4.2995 0.5
v 1.7792 4.11529 0.5
v 1.7792 4.11529 0.5
v 2.361 4.34102 0.5
v 2.0204 4.08329 0.5
v 0.8952 2.87861 0.5
v 0.8952 2.87861 0.5
v 3.59347 5.88662 0.5
v 3.59347 5.88662 0.5
v 1.9565 4.08201 0.5
v -1.00615 4.9061 0.5
v 2.33052 4.2995 0.5
v 0.78414 2.88483 0.5
v 2.66657 5.10594 0.5
v 1.65496 4.15595 0.5
v 1.65496 4.15595 0.5
v -1.06352 4.86795 0.5
v 3.59159 5.65274 0.5
v 3.59159 5.65274 0.5
v 0.96285 4.49951 0.5
v 0.96285 4.49951 0.5
v 2.1653 4.14002 0.5
v 2.1653 4.14002 0.5
v 3.59038 5.97451 0.5
v 3.59038 5.97451 0.5
v 1.98278 4.08078 0.5
v 1.9565 4.08201 0.5
v 1.9565 4.08201 0.5
v 0.78414 2.88483 0.5
v 0.88725 4.54026 0.5
v 0.88725 4.54026 0.5
v 1.0373 4.45912 0.5
v 2.70217 5.33756 0.5
v 1.0373 4.45912 0.5
v 3.59451 5.79801 0.5
v 3.59451 5.79801 0.5
v 2.361 4.34102 0.5
v 1.89861 4.08905 0.5
v -0.94359 4.93953 0.5
v 1.9565 4.08201 0.5
v 0.67382 2.89504 0.5
v 0.67382 2.89504 0.5
v 1.89861 4.08905 0.5
v 2.70217 5.33756 0.5
v 1.32355 4.30643 0.5
v 0.45618 2.92697 0.5
v 2.6958 5.28097 0.5
v 1.9565 4.08201 0.5
v 0.45618 2.92697 0.5
v 1.9565 4.08201 0.5
v 2.13 4.11927 0.5
v 1.89861 4.08905 0.5
v -0.83025 3.50234 0.5
v -0.80352 4.99054 0.5
v -0.87599 4.96781 0.5
v 2.0204 4.08329 0.5
v 0.56443 2.90913 0.5
v 0.56443 2.90913 0.5
v -0.75852 3.44479 0.5
v 1.98278 4.08078 0.5
v 0.81051 4.58108 0.5
v 0.81051 4.58108 0.5
v 2.0204 4.08329 0.5
v 0.21773 7.92888 0.5
v 0.3055 7.93002 0.5
v 0.24386 2.97342 0.5
v 0.24386 2.97342 0.5
v -0.6446 5.01765 0.5
v 2.0575 4.09069 0.5
v -1.11553 4.82549 0.5
v 1.18275 4.38045 0.5
v 0.3055 7.93002 0.5
v 2.68772 5.22336 0.5
v 2.1653 4.14002 0.5
v 1.18275 4.38045 0.5
v 2.23378 4.19331 0.5
v 2.361 4.34102 0.5
v 0.34926 2.94844 0.5
v 0.54674 7.92085 0.5
v 2.361 4.34102 0.5
v 1.1106 4.41934 0.5
v 2.09405 4.10276 0.5
v 0.34926 2.94844 0.5
v 1.1106 4.41934 0.5
v 0.54674 7.92085 0.5
v 2.39051 4.38524 0.5
v 1.0068 2.87651 0.5
v 1.0068 2.87651 0.5
v -0.72634 5.00729 0.5
v 2.33052 4.2995 0.5
v 2.33052 4.2995 0.5
v 2.6958 5.28097 0.5
v -0.06121 3.06818 0.5
v 2.65359 5.04657 0.5
v -0.06121 3.06818 0.5
v 1.32355 4.30643 0.5
v -3.63091 5.05247 0.5
v -3.63091 5.05247 0.5
v -3.63091 5.05247 0.5
v -1.12373 3.8165 0.5
v -1.12373 3.8165 0.5
v -3.34086 5.72954 0.5
v -3.66227 4.94932 0.5
v -3.66227 4.94932 0.5
v -3.34086 5.72954 0.5
v -3.66227 4.94932 0.5
v 2.44649 4.48089 0.5
v -1.16801 3.88375 0.5
v -1.16801 3.88375 0.5
v -0.76812 7.76941 0.5
v -0.76812 7.76941 0.5
v -0.76812 7.76941 0.5
v -0.76812 7.76941 0.5
v 2.47286 4.53188 0.5
v -0.67806 7.7948 0.5
v -1.20702 3.9522 0.5
v -3.34086 5.72954 0.5
v 2.58674 4.80981 0.5
v -0.58791 7.81804 0.5
v -0.85802 7.74191 0.5
v -3.52123 5.35238 0.5
v -0.85802 7.74191 0.5
v -1.31621 4.30799 0.5
v -1.31621 4.30799 0.5
v -0.58791 7.81804 0.5
v 2.6056 4.86845 0.5
v -0.85802 7.74191 0.5
v -3.47967 5.44913 0.5
v -3.47967 5.44913 0.5
v -0.58791 7.81804 0.5
v -0.8979 3.56182 0.5
v -0.8979 3.56182 0.5
v -0.67806 7.7948 0.5
v -0.67806 7.7948 0.5
v -0.96127 3.62309 0.5
v -0.96127 3.62309 0.5
v 2.56651 4.75189 0.5
v -1.02017 3.68605 0.5
v -1.20702 3.9522 0.5
v -1.24057 4.02171 0.5
v -1.24057 4.02171 0.5
v -0.04841 7.91189 0.5
v -0.04841 7.91189 0.5
v 2.54496 4.69492 0.5
v -0.04841 7.91189 0.5
v -0.80352 4.99054 0.5
v -0.13786 7.90174 0.5
v 0.40982 4.77683 0.5
v -0.13786 7.90174 0.5
v -3.52123 5.35238 0.5
v -0.13786 7.90174 0.5
v -3.52123 5.35238 0.5
v -0.80352 4.99054 0.5
v -3.52123 5.35238 0.5
v 2.51754 6.57537 0.5
v -0.60358 3.33593 0.5
v -0.60358 3.33593 0.5
v 0.12945 7.92547 0.5
v 0.12945 7.92547 0.5
v 2.46853 6.68738 0.5
v 2.46853 6.68738 0.5
v -3.47967 5.44913 0.5
v 2.51754 6.57537 0.5
v -0.68289 3.38928 0.5
v -0.68289 3.38928 0.5
v -0.72634 5.00729 0.5
v -0.72634 5.00729 0.5
v -1.02017 3.68605 0.5
v 0.04071 7.9198 0.5
v 0.15601 4.87783 0.5
v 2.59996 6.33644 0.5
v 0.24172 4.84617 0.5
v 0.04071 7.9198 0.5
v -0.87599 4.96781 0.5
v -1.07438 3.75056 0.5
v -1.07438 3.75056 0.5
v 0.04071 7.9198 0.5
v -2.74338 6.55354 0.5
v -0.87599 4.96781 0.5
v 2.59996 6.33644 0.5
v 2.5614 6.4584 0.5
v -1.8193 7.30293 0.5
v -3.59691 5.15403 0.5
v -3.59691 5.15403 0.5
v -3.56033 5.25401 0.5
v 0.32633 4.81241 0.5
v -2.74338 6.55354 0.5
v -2.81137 6.47905 0.5
v -1.06352 4.86795 0.5
v -1.06352 4.86795 0.5
v -3.59691 5.15403 0.5
v -2.81137 6.47905 0.5
v 0.65362 4.66187 0.5
v -2.74338 6.55354 0.5
v -3.56033 5.25401 0.5
v -3.56033 5.25401 0.5
v 2.5614 6.4584 0.5
v -2.81137 6.47905 0.5
v -2.60264 6.69711 0.5
v 2.29232 6.99373 0.5
v 0.73263 4.62171 0.5
v -1.00615 4.9061 0.5
v -1.00615 4.9061 0.5
v 2.29232 6.99373 0.5
v -2.67379 6.62624 0.5
v -2.60264 6.69711 0.5
v 2.51754 6.57537 0.5
v -0.6446 5.01765 0.5
v 0.49221 4.7397 0.5
v -2.67379 6.62624 0.5
v -2.60264 6.69711 0.5
v -0.75852 3.44479 0.5
v -0.83025 3.50234 0.5
v -0.83025 3.50234 0.5
v -2.67379 6.62624 0.5
v 2.22441 7.08602 0.5
v -0.75852 3.44479 0.5
v -0.6446 5.01765 0.5
v -3.39683 1.91968 0.5
v 2.41455 6.79443 0.5
v -2.67379 6.62624 0.5
v 2.22441 7.08602 0.5
v -1.11553 4.82549 0.5
v -1.11553 4.82549 0.5
v 0.57347 4.70129 0.5
v -3.35435 1.83742 0.5
v 2.41455 6.79443 0.5
v -3.39683 1.91968 0.5
v -2.45594 6.83335 0.5
v -3.35435 1.83742 0.5
v -2.30377 6.96216 0.5
v 2.71051 5.49901 0.5
v -2.45594 6.83335 0.5
v 2.35575 6.89654 0.5
v 2.35575 6.89654 0.5
v 2.5614 6.4584 0.5
v -2.53 6.76616 0.5
v 2.59996 6.33644 0.5
v 2.71051 5.49901 0.5
v -3.39683 1.91968 0.5
v 2.29232 6.99373 0.5
v -2.45594 6.83335 0.5
v -0.38119 5.00861 0.5
v -1.8193 7.30293 0.5
v -1.8193 7.30293 0.5
v -3.47629 2.08955 0.5
v -2.53 6.76616 0.5
v -3.23715 5.90814 0.5
v -1.6501 7.40094 0.5
v -3.35435 1.83742 0.5
v 2.7073 5.65124 0.5
v -1.6501 7.40094 0.5
v -0.28895 4.99522 0.5
v -2.53 6.76616 0.5
v -3.47629 2.08955 0.5
v 2.7073 5.65124 0.5
v -0.94359 4.93953 0.5
v -0.94359 4.93953 0.5
v 2.22441 7.08602 0.5
v -3.29008 5.81968 0.5
v -2.38051 6.89869 0.5
v -1.9026 7.25097 0.5
v -1.9026 7.25097 0.5
v -2.30377 6.96216 0.5
v -3.23715 5.90814 0.5
v -2.30377 6.96216 0.5
v -1.73511 7.35292 0.5
v -3.43749 2.00372 0.5
v -2.38051 6.89869 0.5
v 2.70956 5.4468 0.5
v -2.38051 6.89869 0.5
v -3.43749 2.00372 0.5
v -1.73511 7.35292 0.5
v -3.29008 5.81968 0.5
v -3.23715 5.90814 0.5
v 2.70956 5.4468 0.5
v 2.70677 5.39291 0.5
v 2.70677 5.39291 0.5
v -0.4745 5.01801 0.5
v -1.6501 7.40094 0.5
v 2.41455 6.79443 0.5
v -3.54817 2.26656 0.5
v -3.51319 2.17717 0.5
v -3.54817 2.26656 0.5
v 2.71051 5.49901 0.5
v -1.73511 7.35292 0.5
v -1.2668 4.62098 0.5
v -1.73511 7.35292 0.5
v -3.12506 6.07995 0.5
v -1.23782 4.67647 0.5
v -3.29008 5.81968 0.5
v -3.43749 2.00372 0.5
v -0.01871 4.93378 0.5
v -1.2668 4.62098 0.5
v -3.12506 6.07995 0.5
v -1.23782 4.67647 0.5
v -3.51319 2.17717 0.5
v -3.29008 5.81968 0.5
v 0.0692 4.90712 0.5
v -1.9026 7.25097 0.5
v -3.54817 2.26656 0.5
v 2.35575 6.89654 0.5
v -3.18212 5.9949 0.5
v -3.61219 2.45071 0.5
v -3.12506 6.07995 0.5
v -1.20284 4.72934 0.5
v -1.12617 7.64677 0.5
v -0.55847 5.0212 0.5
v 2.66049 6.07749 0.5
v -1.20284 4.72934 0.5
v -3.18212 5.9949 0.5
v 2.66049 6.07749 0.5
v -2.38051 6.89869 0.5
v 2.63304 6.20947 0.5
v -3.51319 2.17717 0.5
v -1.12617 7.64677 0.5
v -1.16202 4.77915 0.5
v -3.00883 1.31175 0.5
v -2.14662 7.08343 0.5
v -3.61219 2.45071 0.5
v -2.14662 7.08343 0.5
v -3.00883 1.31175 0.5
v -0.9477 7.71229 0.5
v -0.9477 7.71229 0.5
v -0.19779 4.9781 0.5
v 2.7073 5.65124 0.5
v 2.63304 6.20947 0.5
v -1.21484 7.6109 0.5
v 0.32633 4.81241 0.5
v 0.32633 4.81241 0.5
v 2.56651 4.75189 0.5
v 0.40982 4.77683 0.5
v 2.54496 4.69492 0.5
v 2.54496 4.69492 0.5
v 0.78208 7.89328 0.5
v 2.6056 4.86845 0.5
v 2.44649 4.48089 0.5
v 2.44649 4.48089 0.5
v 2.6056 4.86845 0.5
v 1.01019 7.84715 0.5
v 2.56651 4.75189 0.5
v 0.66523 7.90937 0.5
v 0.40982 4.77683 0.5
v 0.24172 4.84617 0.5
v 0.24172 4.84617 0.5
v 0.89712 7.87254 0.5
v 2.1522 7.17343 0.5
v 1.91136 7.40648 0.5
v 0.73263 4.62171 0.5
v 0.73263 4.62171 0.5
v 0.65362 4.66187 0.5
v 1.9955 7.33364 0.5
v 0.65362 4.66187 0.5
v 0.15601 4.87783 0.5
v 0.15601 4.87783 0.5
v 2.07584 7.25596 0.5
v 0.57347 4.70129 0.5
v 0.57347 4.70129 0.5
v 1.63775 7.59615 0.5
v -3.80455 3.47821 0.5
v 2.7073 5.65124 0.5
v -3.81551 3.70501 0.5
v -3.56033 5.25401 0.5
v -3.80455 3.47821 0.5
v -3.59691 5.15403 0.5
v -3.80455 3.47821 0.5
v 2.71051 5.49901 0.5
v 2.71051 5.49901 0.5
v -3.26405 1.67828 0.5
v -3.8158 3.95215 0.5
v -3.79547 3.36746 0.5
v -3.8158 3.95215 0.5
v 1.22972 7.78234 0.5
v 1.22972 7.78234 0.5
v -3.81124 3.59072 0.5
v -3.81551 3.70501 0.5
v 2.7073 5.65124 0.5
v -3.79547 3.36746 0.5
v -3.79547 3.36746 0.5
v -3.8158 3.95215 0.5
v 1.43935 7.69872 0.5
v 1.43935 7.69872 0.5
v -3.80284 4.18421 0.5
v -3.66806 2.64198 0.5
v -3.66806 2.64198 0.5
v 2.70956 5.4468 0.5
v 2.70956 5.4468 0.5
v 2.70677 5.39291 0.5
v -0.49773 7.83914 0.5
v 2.66049 6.07749 0.5
v 2.70677 5.39291 0.5
v 2.66049 6.07749 0.5
v -3.81124 3.59072 0.5
v -3.81744 3.83395 0.5
v -3.81744 3.83395 0.5
v -3.81124 3.59072 0.5
v 1.12111 7.81709 0.5
v 1.12111 7.81709 0.5
v -3.81551 3.70501 0.5
v -0.40757 7.85807 0.5
v -3.80284 4.18421 0.5
v 2.69778 5.79839 0.5
v -3.81744 3.83395 0.5
v -0.3175 7.87482 0.5
v 1.33586 7.74289 0.5
v 1.33586 7.74289 0.5
v -0.22757 7.88939 0.5
v -3.64116 2.54546 0.5
v -3.81091 4.06891 0.5
v 2.69778 5.79839 0.5
v -3.81091 4.06891 0.5
v 2.63304 6.20947 0.5
v 2.63304 6.20947 0.5
v -3.71552 2.84038 0.5
v -3.71552 2.84038 0.5
v 1.01019 7.84715 0.5
v -3.71552 2.84038 0.5
v 1.01019 7.84715 0.5
v -0.85802 7.74191 0.5
v -3.69286 2.74029 0.5
v -3.81091 4.06891 0.5
v 0.66523 7.90937 0.5
v 0.66523 7.90937 0.5
v 2.68212 5.94046 0.5
v 2.68212 5.94046 0.5
v 0.78208 7.89328 0.5
v 0.78208 7.89328 0.5
v -0.76812 7.76941 0.5
v -3.64116 2.54546 0.5
v -3.66806 2.64198 0.5
v 0.3055 7.93002 0.5
v -3.69286 2.74029 0.5
v 0.89712 7.87254 0.5
v -3.75427 3.04588 0.5
v -3.75427 3.04588 0.5
v -0.67806 7.7948 0.5
v -3.69286 2.74029 0.5
v 0.89712 7.87254 0.5
v -0.58791 7.81804 0.5
v 0.54674 7.92085 0.5
v -3.75427 3.04588 0.5
v 2.1522 7.17343 0.5
v 2.1522 7.17343 0.5
v 1.9955 7.33364 0.5
v 1.9955 7.33364 0.5
v -3.736 2.94224 0.5
v 0.21773 7.92888 0.5
v -3.736 2.94224 0.5
v 1.54004 7.64981 0.5
v -3.78404 3.2585 0.5
v -3.736 2.94224 0.5
v -3.78404 3.2585 0.5
v 1.54004 7.64981 0.5
v 0.42678 7.92773 0.5
v -3.7703 3.1513 0.5
v 1.91136 7.40648 0.5
v 1.91136 7.40648 0.5
v -0.13786 7.90174 0.5
v 1.82358 7.4745 0.5
v 1.82358 7.4745 0.5
v 1.63775 7.59615 0.5
v 1.63775 7.59615 0.5
v -0.04841 7.91189 0.5
v -3.7703 3.1513 0.5
v -1.8193 7.30293 0.5
v 2.07584 7.25596 0.5
v 2.07584 7.25596 0.5
v -3.78404 3.2585 0.5
v -1.73511 7.35292 0.5
v -1.32395 0.17875 0.5
v 0.04071 7.9198 0.5
v -1.24162 0.15415 0.5
v -1.24162 0.15415 0.5
v -1.24162 0.15415 0.5
v -1.6501 7.40094 0.5
v -1.9026 7.25097 0.5
v 0.12945 7.92547 0.5
v -1.48647 0.23339 0.5
v -1.40558 0.20516 0.5
v -1.40558 0.20516 0.5
v -1.80198 0.36444 0.5
v -1.32395 0.17875 0.5
v 1.73232 7.53772 0.5
v 1.73232 7.53772 0.5
v -1.32395 0.17875 0.5
v 2.66657 5.10594 0.5
v 0.54674 7.92085 0.5
v 0.42678 7.92773 0.5
v 0.3055 7.93002 0.5
v 1.25373 4.34272 0.5
v 1.25373 4.34272 0.5
v 0.21773 7.92888 0.5
v 0.42678 7.92773 0.5
v 0.42678 7.92773 0.5
v -3.43572 5.54425 0.5
v -3.77739 4.41037 0.5
v 2.63908 4.98705 0.5
v -3.77739 4.41037 0.5
v -3.77739 4.41037 0.5
v 2.62307 4.92761 0.5
v 0.42678 7.92773 0.5
v -3.79164 4.29803 0.5
v -3.79164 4.29803 0.5
v -3.79164 4.29803 0.5
v 0.12945 7.92547 0.5
v -3.73992 4.63054 0.5
v -3.73992 4.63054 0.5
v 2.70217 5.33756 0.5
v -3.76013 4.52121 0.5
v -1.2905 4.16345 0.5
v -0.40757 7.85807 0.5
v -1.2905 4.16345 0.5
v -0.40757 7.85807 0.5
v -3.76013 4.52121 0.5
v -3.73992 4.63054 0.5
v -0.40757 7.85807 0.5
v -1.26846 4.09217 0.5
v 2.68772 5.22336 0.5
v -1.26846 4.09217 0.5
v -3.69094 4.84461 0.5
v -0.22757 7.88939 0.5
v -0.49773 7.83914 0.5
v -1.30648 4.23543 0.5
v -3.38943 5.63773 0.5
v -1.30648 4.23543 0.5
v -3.69094 4.84461 0.5
v -0.49773 7.83914 0.5
v -0.49773 7.83914 0.5
v -3.76013 4.52121 0.5
v -3.71684 4.73834 0.5
v 2.49809 4.5847 0.5
v -3.71684 4.73834 0.5
v -0.3175 7.87482 0.5
v -3.43572 5.54425 0.5
v -3.38943 5.63773 0.5
v 2.6958 5.28097 0.5
v -3.69094 4.84461 0.5
v -3.38943 5.63773 0.5
v -0.22757 7.88939 0.5
v -0.22757 7.88939 0.5
v 2.52214 4.63912 0.5
v -0.99077 0.09126 0.5
v -0.99077 0.09126 0.5
v -2.45513 0.7651 0.5
v -0.3175 7.87482 0.5
v 2.67796 5.16494 0.5
v -0.64862 0.03287 0.5
v -1.30306 7.57297 0.5
v -0.3175 7.87482 0.5
v -3.71684 4.73834 0.5
v -3.43572 5.54425 0.5
v -0.3175 7.87482 0.5
v -2.58767 0.87398 0.5
v -2.52203 0.81864 0.5
v -0.73488 0.04474 0.5
v -0.82068 0.05842 0.5
v -2.65201 0.93113 0.5
v 2.361 4.34102 0.5
v -1.15862 0.13137 0.5
v -0.99077 0.09126 0.5
v 2.361 4.34102 0.5
v -2.58767 0.87398 0.5
v -1.15862 0.13137 0.5
v -1.15862 0.13137 0.5
v 2.0204 4.08329 0.5
v -2.58767 0.87398 0.5
v -2.65201 0.93113 0.5
v 2.0204 4.08329 0.5
v -2.45513 0.7651 0.5
v -0.82068 0.05842 0.5
v -0.90599 0.07393 0.5
v -0.73488 0.04474 0.5
v -0.90599 0.07393 0.5
v -1.39075 7.53299 0.5
v -2.71501 0.99007 0.5
v -2.71501 0.99007 0.5
v -2.89569 1.17769 0.5
v 2.46853 6.68738 0.5
v -2.77665 1.05081 0.5
v -2.77665 1.05081 0.5
v -2.65201 0.93113 0.5
v -1.07499 0.1104 0.5
v -0.90599 0.07393 0.5
v -2.52203 0.81864 0.5
v -1.07499 0.1104 0.5
v 2.51754 6.57537 0.5
v 1.89861 4.08905 0.5
v 1.89861 4.08905 0.5
v -2.45513 0.7651 0.5
v 1.9565 4.08201 0.5
v 1.9565 4.08201 0.5
v 2.33052 4.2995 0.5
v 2.33052 4.2995 0.5
v 2.59996 6.33644 0.5
v -2.89569 1.17769 0.5
v 2.5614 6.4584 0.5
v 2.1653 4.14002 0.5
v -2.89569 1.17769 0.5
v 2.1653 4.14002 0.5
v -2.71501 0.99007 0.5
v 1.98278 4.08078 0.5
v 1.98278 4.08078 0.5
v 2.29232 6.99373 0.5
v -1.87867 0.40172 0.5
v -2.83689 1.11335 0.5
v 2.22441 7.08602 0.5
v -1.87867 0.40172 0.5
v -2.83689 1.11335 0.5
v -2.83689 1.11335 0.5
v -1.95441 0.44082 0.5
v -1.95441 0.44082 0.5
v 2.13 4.11927 0.5
v 2.13 4.11927 0.5
v 2.65359 5.04657 0.5
v 2.65359 5.04657 0.5
v -2.10291 0.52444 0.5
v -2.02917 0.48173 0.5
v 2.09405 4.10276 0.5
v 2.09405 4.10276 0.5
v 2.41455 6.79443 0.5
v -2.10291 0.52444 0.5
v -1.87867 0.40172 0.5
v -2.1756 0.56897 0.5
v 2.62307 4.92761 0.5
v 2.62307 4.92761 0.5
v -2.1756 0.56897 0.5
v 2.35575 6.89654 0.5
v 2.0575 4.09069 0.5
v 2.66657 5.10594 0.5
v 2.66657 5.10594 0.5
v 2.0575 4.09069 0.5
v -2.02917 0.48173 0.5
v -2.2472 0.61529 0.5
v -2.2472 0.61529 0.5
v 2.71051 5.49901 0.5
v 2.6958 5.28097 0.5
v 2.6958 5.28097 0.5
v -2.31768 0.66342 0.5
v -1.95441 0.44082 0.5
v -2.31768 0.66342 0.5
v 2.63908 4.98705 0.5
v 2.63908 4.98705 0.5
v -2.387 0.71336 0.5
v -2.387 0.71336 0.5
v 2.67796 5.16494 0.5
v 2.67796 5.16494 0.5
v 2.66049 6.07749 0.5
v 2.70217 5.33756 0.5
v 2.63304 6.20947 0.5
v 2.7073 5.65124 0.5
v 2.70217 5.33756 0.5
v -2.1756 0.56897 0.5
v 2.49809 4.5847 0.5
v 2.49809 4.5847 0.5
v -2.2472 0.61529 0.5
v 2.68772 5.22336 0.5
v 2.68772 5.22336 0.5
v 2.70956 5.4468 0.5
v -2.10291 0.52444 0.5
v 2.69778 5.79839 0.5
v -2.387 0.71336 0.5
v 1.12111 7.81709 0.5
v 1.22972 7.78234 0.5
v 2.70677 5.39291 0.5
v 2.52214 4.63912 0.5
v 2.52214 4.63912 0.5
v 1.33586 7.74289 0.5
v 2.47286 4.53188 0.5
v 2.58674 4.80981 0.5
v 2.58674 4.80981 0.5
v 1.43935 7.69872 0.5
v 2.68212 5.94046 0.5
v 2.47286 4.53188 0.5
v -1.20989 1.49506 0.5
v -3.71684 4.73834 0.5
v -3.71684 4.73834 0.5
v -1.2756 1.53664 0.5
v 2.66767 1.61739 0.5
v 2.66767 1.61739 0.5
v 2.22441 7.08602 0.5
v 2.22441 7.08602 0.5
v 2.51754 6.57537 0.5
v 2.51754 6.57537 0.5
v 2.22736 1.38047 0.5
v 2.22736 1.38047 0.5
v -3.63091 5.05247 0.5
v -1.14311 1.45517 0.5
v -3.66806 2.64198 0.5
v 2.55863 1.55329 0.5
v -3.63091 5.05247 0.5
v 2.41455 6.79443 0.5
v 2.55863 1.55329 0.5
v 2.46853 6.68738 0.5
v -1.34023 1.57992 0.5
v 2.46853 6.68738 0.5
v -1.0753 1.41698 0.5
v -1.20989 1.49506 0.5
v -0.86595 1.3125 0.5
v 2.98992 1.8284 0.5
v 2.98992 1.8284 0.5
v -3.81744 3.83395 0.5
v -3.76013 4.52121 0.5
v -3.76013 4.52121 0.5
v -3.80284 4.18421 0.5
v 2.33842 1.43477 0.5
v -1.14311 1.45517 0.5
v -3.69094 4.84461 0.5
v 2.33842 1.43477 0.5
v 2.33842 1.43477 0.5
v -1.20989 1.49506 0.5
v -3.69094 4.84461 0.5
v 2.29232 6.99373 0.5
v -3.81091 4.06891 0.5
v 2.29232 6.99373 0.5
v -1.14311 1.45517 0.5
v 2.5614 6.4584 0.5
v 2.5614 6.4584 0.5
v 3.60769 2.32965 0.5
v -3.69286 2.74029 0.5
v 3.70657 2.42283 0.5
v -2.60264 6.69711 0.5
v -3.75427 3.04588 0.5
v -0.34632 1.12742 0.5
v -0.34632 1.12742 0.5
v -0.34632 1.12742 0.5
v -1.34023 1.57992 0.5
v -1.34023 1.57992 0.5
v -2.60264 6.69711 0.5
v -3.736 2.94224 0.5
v -1.2756 1.53664 0.5
v -1.0753 1.41698 0.5
v 2.44886 1.4924 0.5
v -3.64116 2.54546 0.5
v 2.55863 1.55329 0.5
v -1.14311 1.45517 0.5
v 2.44886 1.4924 0.5
v 2.66767 1.61739 0.5
v 2.44886 1.4924 0.5
v -3.66227 4.94932 0.5
v -3.66227 4.94932 0.5
v -2.74338 6.55354 0.5
v -2.74338 6.55354 0.5
v 2.59996 6.33644 0.5
v -3.71552 2.84038 0.5
v 2.35575 6.89654 0.5
v 2.35575 6.89654 0.5
v 3.80415 2.5186 0.5
v 3.70657 2.42283 0.5
v -2.81137 6.47905 0.5
v -2.81137 6.47905 0.5
v -0.26893 1.10766 0.5
v 2.59996 6.33644 0.5
v -0.26893 1.10766 0.5
v -0.26893 1.10766 0.5
v -3.38943 5.63773 0.5
v -2.30377 6.96216 0.5
v -2.30377 6.96216 0.5
v -2.67379 6.62624 0.5
v -2.67379 6.62624 0.5
v 3.80415 2.5186 0.5
v -2.45594 6.83335 0.5
v -2.45594 6.83335 0.5
v 3.80415 2.5186 0.5
v 2.41455 6.79443 0.5
v -3.52123 5.35238 0.5
v -3.78404 3.2585 0.5
v -3.47967 5.44913 0.5
v -3.34086 5.72954 0.5
v -3.43572 5.54425 0.5
v 0.1762 0.0121 0.5
v 0.02639 0.00304 0.5
v -3.69094 4.84461 0.5
v -0.21175 0.00091 0.5
v -0.21175 0.00091 0.5
v -0.38748 0.00822 0.5
v -3.77739 4.41037 0.5
v 0.02639 0.00304 0.5
v 0.02639 0.00304 0.5
v -0.1235 0 0.5
v -0.1235 0 0.5
v -0.29975 0.00366 0.5
v -0.29975 0.00366 0.5
v -0.29975 0.00366 0.5
v 2.07556 0.64806 0.5
v -0.38748 0.00822 0.5
v -0.38748 0.00822 0.5
v 2.07556 0.64806 0.5
v -0.47489 0.01462 0.5
v -3.76013 4.52121 0.5
v -3.66227 4.94932 0.5
v 2.62404 1.02373 0.5
v 2.62404 1.02373 0.5
v 2.62404 1.02373 0.5
v 2.21488 0.7345 0.5
v 1.79303 0.49052 0.5
v 1.65001 0.41956 0.5
v 2.21488 0.7345 0.5
v -0.1235 0 0.5
v -3.71684 4.73834 0.5
v -0.21175 0.00091 0.5
v -3.79164 4.29803 0.5
v 1.93491 0.56671 0.5
v -3.63091 5.05247 0.5
v 2.48921 0.92241 0.5
v 1.93491 0.56671 0.5
v -0.47489 0.01462 0.5
v 1.79303 0.49052 0.5
v -3.73992 4.63054 0.5
v 1.79303 0.49052 0.5
v 2.48921 0.92241 0.5
v 2.48921 0.92241 0.5
v 1.93491 0.56671 0.5
v -0.47489 0.01462 0.5
v 2.48921 0.92241 0.5
v 2.07556 0.64806 0.5
v -3.52123 5.35238 0.5
v -3.52123 5.35238 0.5
v -2.60264 6.69711 0.5
v 2.21488 0.7345 0.5
v -2.74338 6.55354 0.5
v 2.35279 0.82597 0.5
v 1.65001 0.41956 0.5
v 2.35279 0.82597 0.5
v 1.65001 0.41956 0.5
v 1.79303 0.49052 0.5
v 2.35279 0.82597 0.5
v -2.81137 6.47905 0.5
v -3.56033 5.25401 0.5
v -3.56033 5.25401 0.5
v -0.49773 7.83914 0.5
v -0.49773 7.83914 0.5
v -2.53 6.76616 0.5
v -0.22757 7.88939 0.5
v -0.22757 7.88939 0.5
v 0.1762 0.0121 0.5
v 0.1762 0.0121 0.5
v 3.3948 1.73073 0.5
v 3.3948 1.73073 0.5
v -3.47967 5.44913 0.5
v -3.47967 5.44913 0.5
v -2.30377 6.96216 0.5
v -2.67379 6.62624 0.5
v 3.63505 2.00253 0.5
v -3.59691 5.15403 0.5
v -3.59691 5.15403 0.5
v -0.40757 7.85807 0.5
v -0.40757 7.85807 0.5
v -2.45594 6.83335 0.5
v 3.63505 2.00253 0.5
v -2.22579 7.02375 0.5
v -1.64591 0.29529 0.5
v -1.56659 0.26343 0.5
v -2.14662 7.08343 0.5
v -1.48647 0.23339 0.5
v -1.48647 0.23339 0.5
v -1.21484 7.6109 0.5
v -1.80198 0.36444 0.5
v -1.12617 7.64677 0.5
v -2.06632 7.14121 0.5
v -1.98497 7.19706 0.5
v -1.56659 0.26343 0.5
v -1.56659 0.26343 0.5
v 2.23378 4.19331 0.5
v -1.72438 0.32896 0.5
v 2.23378 4.19331 0.5
v -0.56195 0.02283 0.5
v -0.56195 0.02283 0.5
v -1.64591 0.29529 0.5
v -1.72438 0.32896 0.5
v -1.64591 0.29529 0.5
v 2.29913 4.2609 0.5
v 2.29913 4.2609 0.5
v -0.56195 0.02283 0.5
v -0.73488 0.04474 0.5
v -1.56433 7.44697 0.5
v -0.82068 0.05842 0.5
v 2.26687 4.22543 0.5
v 2.26687 4.22543 0.5
v -1.47786 7.49099 0.5
v -1.80198 0.36444 0.5
v -1.03711 7.68057 0.5
v 1.36089 0.29358 0.5
v 1.50593 0.35389 0.5
v -3.39683 1.91968 0.5
v 2.41903 4.43193 0.5
v 1.50593 0.35389 0.5
v 2.41903 4.43193 0.5
v 2.19991 4.16477 0.5
v 2.19991 4.16477 0.5
v -0.13786 7.90174 0.5
v -0.13786 7.90174 0.5
v -3.35435 1.83742 0.5
v -0.9477 7.71229 0.5
v 0.12945 7.92547 0.5
v 1.21496 0.2387 0.5
v -0.64862 0.03287 0.5
v 2.39051 4.38524 0.5
v 2.39051 4.38524 0.5
v 0.92081 0.14549 0.5
v 0.12945 7.92547 0.5
v 0.92081 0.14549 0.5
v 1.06824 0.18931 0.5
v 1.36089 0.29358 0.5
v -0.04841 7.91189 0.5
v -0.04841 7.91189 0.5
v 1.36089 0.29358 0.5
v 1.06824 0.18931 0.5
v -3.43749 2.00372 0.5
v 0.77277 0.10729 0.5
v 0.77277 0.10729 0.5
v 0.77277 0.10729 0.5
v -3.54817 2.26656 0.5
v 0.92081 0.14549 0.5
v 1.06824 0.18931 0.5
v 1.21496 0.2387 0.5
v -3.47629 2.08955 0.5
v 1.21496 0.2387 0.5
v 0.04071 7.9198 0.5
v 0.04071 7.9198 0.5
v 0.47519 0.04804 0.5
v 0.47519 0.04804 0.5
v 0.6242 0.07478 0.5
v 0.6242 0.07478 0.5
v 0.6242 0.07478 0.5
v 0.6242 0.07478 0.5
v 1.77797 1.19753 0.5
v 1.77797 1.19753 0.5
v -3.58118 2.35775 0.5
v 1.77797 1.19753 0.5
v -2.95301 1.24382 0.5
v -1.6501 7.40094 0.5
v -1.6501 7.40094 0.5
v -1.73511 7.35292 0.5
v -3.11579 1.45298 0.5
v -1.73511 7.35292 0.5
v -3.51319 2.17717 0.5
v -1.8193 7.30293 0.5
v -1.8193 7.30293 0.5
v 0.47519 0.04804 0.5
v -3.61219 2.45071 0.5
v -1.9026 7.25097 0.5
v -3.00883 1.31175 0.5
v -1.9026 7.25097 0.5
v 2.11573 1.32953 0.5
v -1.21484 7.6109 0.5
v 2.00359 1.28203 0.5
v -1.21484 7.6109 0.5
v -2.22579 7.02375 0.5
v -2.22579 7.02375 0.5
v 1.32288 1.0721 0.5
v 2.11573 1.32953 0.5
v -1.98497 7.19706 0.5
v 1.6646 1.16064 0.5
v -0.9477 7.71229 0.5
v -1.98497 7.19706 0.5
v -2.06632 7.14121 0.5
v -2.06632 7.14121 0.5
v 1.6646 1.16064 0.5
v -0.9477 7.71229 0.5
v 1.6646 1.16064 0.5
v 1.55092 1.12741 0.5
v 1.89098 1.23801 0.5
v -3.0631 1.38147 0.5
v -2.14662 7.08343 0.5
v -2.14662 7.08343 0.5
v 1.437 1.09787 0.5
v -1.12617 7.64677 0.5
v -1.12617 7.64677 0.5
v 1.89098 1.23801 0.5
v 2.00359 1.28203 0.5
v 0.1762 0.0121 0.5
v 2.00359 1.28203 0.5
v 1.32288 1.0721 0.5
v 1.32288 1.0721 0.5
v -3.2163 1.60139 0.5
v 2.11573 1.32953 0.5
v -1.47786 7.49099 0.5
v -1.47786 7.49099 0.5
v -3.26405 1.67828 0.5
v -1.30306 7.57297 0.5
v -3.80455 3.47821 0.5
v -3.34086 5.72954 0.5
v -3.34086 5.72954 0.5
v -1.39075 7.53299 0.5
v -1.03711 7.68057 0.5
v -1.03711 7.68057 0.5
v -3.16687 1.52629 0.5
v 1.89098 1.23801 0.5
v -3.38943 5.63773 0.5
v -3.38943 5.63773 0.5
v 1.55092 1.12741 0.5
v 1.437 1.09787 0.5
v 1.437 1.09787 0.5
v -3.31008 1.75696 0.5
v -3.43572 5.54425 0.5
v -3.43572 5.54425 0.5
v -1.34023 1.57992 0.5
v -1.0753 1.41698 0.5
v -1.2756 1.53664 0.5
v -1.56433 7.44697 0.5
v -1.56433 7.44697 0.5
v 2.77593 1.68465 0.5
v -3.79164 4.29803 0.5
v -3.79164 4.29803 0.5
v -3.8158 3.95215 0.5
v -1.00649 1.38047 0.5
v -3.73992 4.63054 0.5
v -3.73992 4.63054 0.5
v -0.86595 1.3125 0.5
v -0.86595 1.3125 0.5
v 2.98992 1.8284 0.5
v -3.79547 3.36746 0.5
v -1.39075 7.53299 0.5
v -1.30306 7.57297 0.5
v -3.81551 3.70501 0.5
v -0.9367 1.34564 0.5
v -1.00649 1.38047 0.5
v 2.88337 1.755 0.5
v -3.77739 4.41037 0.5
v -0.9367 1.34564 0.5
v 2.88337 1.755 0.5
v 2.77593 1.68465 0.5
v 2.88337 1.755 0.5
v -3.77739 4.41037 0.5
v -0.9367 1.34564 0.5
v -0.9367 1.34564 0.5
v -1.00649 1.38047 0.5
v -3.81124 3.59072 0.5
v -0.38748 0.00822 0.5
v 1.36089 0.29358 0.5
v -0.29975 0.00366 0.5
v -0.82068 0.05842 0.5
v -0.73488 0.04474 0.5
v -0.73488 0.04474 0.5
v -0.1235 0 0.5
v -0.56195 0.02283 0.5
v -0.56195 0.02283 0.5
v -0.82068 0.05842 0.5
v -0.64862 0.03287 0.5
v -0.64862 0.03287 0.5
v -0.21175 0.00091 0.5
v -2.44075 5.81308 0.5
v -2.44075 5.81308 0.5
v -2.37795 5.93477 0.5
v -1.15862 0.13137 0.5
v -1.15862 0.13137 0.5
v -2.34448 5.99447 0.5
v 1.21496 0.2387 0.5
v -2.34448 5.99447 0.5
v -2.6327 5.29985 0.5
v -2.37795 5.93477 0.5
v 1.50593 0.35389 0.5
v -0.90599 0.07393 0.5
v -0.90599 0.07393 0.5
v -2.37795 5.93477 0.5
v 1.06824 0.18931 0.5
v -0.47489 0.01462 0.5
v -0.99077 0.09126 0.5
v -0.99077 0.09126 0.5
v -2.27352 6.11146 0.5
v -1.07499 0.1104 0.5
v -1.07499 0.1104 0.5
v 3.50755 2.23914 0.5
v 3.50755 2.23914 0.5
v 3.60769 2.32965 0.5
v -2.38051 6.89869 0.5
v -0.7217 1.25125 0.5
v -0.57398 1.19671 0.5
v 3.20015 1.98412 0.5
v -0.42298 1.14885 0.5
v 3.60769 2.32965 0.5
v -0.7217 1.25125 0.5
v -0.57398 1.19671 0.5
v 3.20015 1.98412 0.5
v -2.38051 6.89869 0.5
v 3.20015 1.98412 0.5
v -0.7217 1.25125 0.5
v -3.7703 3.1513 0.5
v -0.49887 1.17195 0.5
v -2.53 6.76616 0.5
v -2.53 6.76616 0.5
v -2.44075 5.81308 0.5
v -0.64826 1.22314 0.5
v 3.30373 2.06632 0.5
v 3.30373 2.06632 0.5
v -0.49887 1.17195 0.5
v -2.41005 5.8743 0.5
v -2.34448 5.99447 0.5
v -2.41005 5.8743 0.5
v 0.92081 0.14549 0.5
v 3.86578 2.2915 0.5
v 3.86578 2.2915 0.5
v -0.64826 1.22314 0.5
v -1.40558 0.20516 0.5
v -3.12506 6.07995 0.5
v 3.86578 2.2915 0.5
v 3.75165 2.1449 0.5
v -0.79428 1.28104 0.5
v 3.86578 2.2915 0.5
v -0.79428 1.28104 0.5
v -1.32395 0.17875 0.5
v -3.29008 5.81968 0.5
v -3.29008 5.81968 0.5
v 3.97736 2.44227 0.5
v -3.12506 6.07995 0.5
v -3.23715 5.90814 0.5
v -3.23715 5.90814 0.5
v -0.57398 1.19671 0.5
v 3.50755 2.23914 0.5
v -0.42298 1.14885 0.5
v -0.49887 1.17195 0.5
v -0.42298 1.14885 0.5
v -1.24162 0.15415 0.5
v 3.40621 2.15135 0.5
v 3.40621 2.15135 0.5
v -0.42298 1.14885 0.5
v 3.40621 2.15135 0.5
v 3.97736 2.44227 0.5
v 3.97736 2.44227 0.5
v -2.87769 6.40276 0.5
v -2.87769 6.40276 0.5
v -0.03261 1.05832 0.5
v 4.08851 2.82101 0.5
v -0.03261 1.05832 0.5
v -1.72438 0.32896 0.5
v -0.03261 1.05832 0.5
v -3.06603 6.16327 0.5
v -3.06603 6.16327 0.5
v 0.04745 1.04519 0.5
v 4.19251 2.75601 0.5
v -1.56659 0.26343 0.5
v 4.19251 2.75601 0.5
v 0.04745 1.04519 0.5
v 0.04745 1.04519 0.5
v -3.18212 5.9949 0.5
v -3.18212 5.9949 0.5
v 3.75165 2.1449 0.5
v 3.09553 1.90479 0.5
v -1.48647 0.23339 0.5
v -0.7217 1.25125 0.5
v -1.64591 0.29529 0.5
v -0.79428 1.28104 0.5
v 3.75165 2.1449 0.5
v 3.09553 1.90479 0.5
v -0.64826 1.22314 0.5
v 3.09553 1.90479 0.5
v -3.00508 6.24486 0.5
v -3.00508 6.24486 0.5
v -0.73488 0.04474 0.5
v 3.99517 2.71775 0.5
v 3.90036 2.61693 0.5
v -0.11205 1.07311 0.5
v -0.11205 1.07311 0.5
v -0.11205 1.07311 0.5
v -0.82068 0.05842 0.5
v -0.56195 0.02283 0.5
v -1.80198 0.36444 0.5
v 0.12812 1.03371 0.5
v 4.0863 2.59712 0.5
v 0.12812 1.03371 0.5
v -0.64862 0.03287 0.5
v 4.0863 2.59712 0.5
v 4.0863 2.59712 0.5
v -2.94228 6.32469 0.5
v -2.94228 6.32469 0.5
v -2.54998 3.30777 0.5
v -1.07499 0.1104 0.5
v -3.39683 1.91968 0.5
v -3.39683 1.91968 0.5
v -3.35435 1.83742 0.5
v -3.35435 1.83742 0.5
v -2.52314 3.21959 0.5
v -1.15862 0.13137 0.5
v -2.52203 0.81864 0.5
v -2.575 3.3977 0.5
v -0.19083 1.08956 0.5
v -0.19083 1.08956 0.5
v 3.90036 2.61693 0.5
v 3.90036 2.61693 0.5
v -0.19083 1.08956 0.5
v -0.99077 0.09126 0.5
v -0.90599 0.07393 0.5
v 3.99517 2.71775 0.5
v 3.99517 2.71775 0.5
v -3.54817 2.26656 0.5
v -2.77665 1.05081 0.5
v -3.54817 2.26656 0.5
v -2.59817 3.4894 0.5
v -2.59817 3.4894 0.5
v -3.43749 2.00372 0.5
v -3.43749 2.00372 0.5
v -2.61947 3.58286 0.5
v -2.52314 3.21959 0.5
v -2.575 3.3977 0.5
v -2.575 3.3977 0.5
v 0.29114 1.01569 0.5
v -3.47629 2.08955 0.5
v -3.47629 2.08955 0.5
v 0.29114 1.01569 0.5
v -2.575 3.3977 0.5
v 0.29114 1.01569 0.5
v -2.63887 3.67809 0.5
v -2.58767 0.87398 0.5
v -2.52314 3.21959 0.5
v -2.45513 0.7651 0.5
v -2.71501 0.99007 0.5
v -2.65201 0.93113 0.5
v 3.3948 1.73073 0.5
v 3.14575 1.47664 0.5
v 3.01814 1.35641 0.5
v 3.14575 1.47664 0.5
v 3.27133 1.60144 0.5
v 3.27133 1.60144 0.5
v -0.85802 7.74191 0.5
v -3.18212 5.9949 0.5
v -0.58791 7.81804 0.5
v -0.67806 7.7948 0.5
v 2.7572 1.12989 0.5
v 2.7572 1.12989 0.5
v 2.88859 1.2408 0.5
v 2.7572 1.12989 0.5
v -0.58791 7.81804 0.5
v -3.12506 6.07995 0.5
v 3.63505 2.00253 0.5
v -0.3175 7.87482 0.5
v 0.32582 0.02712 0.5
v 0.32582 0.02712 0.5
v -0.3175 7.87482 0.5
v 0.32582 0.02712 0.5
v -3.23715 5.90814 0.5
v 3.51607 1.86445 0.5
v 3.51607 1.86445 0.5
v 3.51607 1.86445 0.5
v -2.38051 6.89869 0.5
v 3.51607 1.86445 0.5
v -0.85802 7.74191 0.5
v 3.27133 1.60144 0.5
v -3.29008 5.81968 0.5
v 3.01814 1.35641 0.5
v 3.01814 1.35641 0.5
v -0.76812 7.76941 0.5
v 3.14575 1.47664 0.5
v -0.76812 7.76941 0.5
v 0.21773 7.92888 0.5
v 0.21773 7.92888 0.5
v -2.94228 6.32469 0.5
v 1.50593 0.35389 0.5
v -2.87769 6.40276 0.5
v 2.88859 1.2408 0.5
v 2.88859 1.2408 0.5
v -0.67806 7.7948 0.5
v -3.00508 6.24486 0.5
v 3.01814 1.35641 0.5
v -3.06603 6.16327 0.5
v 0.3055 7.93002 0.5
v 0.3055 7.93002 0.5
v -1.86844 2.04606 0.5
v -3.80284 4.18421 0.5
v -3.80284 4.18421 0.5
v 1.20861 1.05014 0.5
v -2.2472 0.61529 0.5
v -3.79547 3.36746 0.5
v 0.97985 1.01788 0.5
v -3.79547 3.36746 0.5
v -1.9207 2.10641 0.5
v -3.81551 3.70501 0.5
v 1.20861 1.05014 0.5
v -3.81551 3.70501 0.5
v 1.20861 1.05014 0.5
v -1.9207 2.10641 0.5
v -3.26405 1.67828 0.5
v 0.63695 0.99948 0.5
v -2.31768 0.66342 0.5
v -3.31008 1.75696 0.5
v -3.31008 1.75696 0.5
v 0.63695 0.99948 0.5
v -1.86844 2.04606 0.5
v -3.80455 3.47821 0.5
v 0.63695 0.99948 0.5
v -3.80455 3.47821 0.5
v -1.86844 2.04606 0.5
v -1.97158 2.16849 0.5
v 0.75115 1.00155 0.5
v 0.75115 1.00155 0.5
v -2.11561 2.36507 0.5
v 0.97985 1.01788 0.5
v 0.75115 1.00155 0.5
v 0.54674 7.92085 0.5
v 0.54674 7.92085 0.5
v -3.26405 1.67828 0.5
v 0.42678 7.92773 0.5
v 0.42678 7.92773 0.5
v -3.81744 3.83395 0.5
v -3.81744 3.83395 0.5
v -2.20421 2.50477 0.5
v 0.45624 1.00426 0.5
v -1.97158 2.16849 0.5
v -1.97158 2.16849 0.5
v 0.5395 1.001 0.5
v 0.5395 1.001 0.5
v 2.48921 0.92241 0.5
v -2.11561 2.36507 0.5
v -3.8158 3.95215 0.5
v -2.11561 2.36507 0.5
v -2.16067 2.43405 0.5
v -3.81124 3.59072 0.5
v -3.81124 3.59072 0.5
v -2.06906 2.29781 0.5
v -2.16067 2.43405 0.5
v -2.387 0.71336 0.5
v -2.06906 2.29781 0.5
v -2.02104 2.23229 0.5
v -3.81091 4.06891 0.5
v -3.81091 4.06891 0.5
v -2.49451 3.13317 0.5
v -1.9207 2.10641 0.5
v -1.9207 2.10641 0.5
v 1.09425 1.03205 0.5
v 0.86547 1.0077 0.5
v 1.09425 1.03205 0.5
v 1.09425 1.03205 0.5
v 0.97985 1.01788 0.5
v -2.46411 3.04851 0.5
v -2.46411 3.04851 0.5
v 0.86547 1.0077 0.5
v 0.86547 1.0077 0.5
v 2.35279 0.82597 0.5
v -2.16067 2.43405 0.5
v -1.40374 1.62489 0.5
v -3.66806 2.64198 0.5
v -3.66806 2.64198 0.5
v -2.16067 2.43405 0.5
v -1.46611 1.67156 0.5
v 1.65001 0.41956 0.5
v 2.21488 0.7345 0.5
v 2.62404 1.02373 0.5
v -1.58731 1.77002 0.5
v -2.02104 2.23229 0.5
v -2.02104 2.23229 0.5
v 0.45624 1.00426 0.5
v -2.06906 2.29781 0.5
v -2.06906 2.29781 0.5
v 0.45624 1.00426 0.5
v -3.736 2.94224 0.5
v -3.736 2.94224 0.5
v -1.70363 1.8753 0.5
v -1.40374 1.62489 0.5
v -1.70363 1.8753 0.5
v 3.3948 1.73073 0.5
v 1.79303 0.49052 0.5
v -1.64609 1.8218 0.5
v 3.63505 2.00253 0.5
v -1.81483 1.98742 0.5
v -1.64609 1.8218 0.5
v -3.69286 2.74029 0.5
v -1.40374 1.62489 0.5
v -3.75427 3.04588 0.5
v -1.64609 1.8218 0.5
v -3.69286 2.74029 0.5
v -1.81483 1.98742 0.5
v -3.75427 3.04588 0.5
v -1.81483 1.98742 0.5
v 0.12812 1.03371 0.5
v -1.46611 1.67156 0.5
v -1.46611 1.67156 0.5
v -1.75988 1.9305 0.5
v 0.20936 1.02388 0.5
v 2.07556 0.64806 0.5
v -1.81483 1.98742 0.5
v -2.20421 2.50477 0.5
v -3.71552 2.84038 0.5
v -3.71552 2.84038 0.5
v -2.20421 2.50477 0.5
v 1.93491 0.56671 0.5
v -3.64116 2.54546 0.5
v -3.64116 2.54546 0.5
v -1.48647 0.23339 0.5
v -1.52731 1.71994 0.5
v -1.48647 0.23339 0.5
v 3.27133 1.60144 0.5
v -1.52731 1.71994 0.5
v -1.40558 0.20516 0.5
v -1.40558 0.20516 0.5
v -1.32395 0.17875 0.5
v -1.32395 0.17875 0.5
v -1.64609 1.8218 0.5
v -3.7703 3.1513 0.5
v -3.7703 3.1513 0.5
v -1.24162 0.15415 0.5
v -1.24162 0.15415 0.5
v -1.52731 1.71994 0.5
v -1.52731 1.71994 0.5
v -1.70363 1.8753 0.5
v -3.78404 3.2585 0.5
v -3.78404 3.2585 0.5
v 3.51607 1.86445 0.5
v 2.88859 1.2408 0.5
v 0.1762 0.0121 0.5
v -1.72438 0.32896 0.5
v -1.72438 0.32896 0.5
v 2.7572 1.12989 0.5
v -1.80198 0.36444 0.5
v -1.80198 0.36444 0.5
v 0.02639 0.00304 0.5
v -1.56659 0.26343 0.5
v -1.56659 0.26343 0.5
v 0.32582 0.02712 0.5
v 3.14575 1.47664 0.5
v -1.58731 1.77002 0.5
v 3.01814 1.35641 0.5
v -1.64591 0.29529 0.5
v -1.64591 0.29529 0.5
v -1.58731 1.77002 0.5
v -1.75988 1.9305 0.5
v -1.75988 1.9305 0.5
v 0.29114 1.01569 0.5
v 1.89098 1.23801 0.5
v -1.93998 6.54319 0.5
v 0.20936 1.02388 0.5
v 1.77797 1.19753 0.5
v 1.77797 1.19753 0.5
v 1.6646 1.16064 0.5
v -1.5371 6.90658 0.5
v 1.6646 1.16064 0.5
v -0.19083 1.08956 0.5
v 2.88337 1.755 0.5
v 2.88337 1.755 0.5
v -1.89313 6.59264 0.5
v 1.89098 1.23801 0.5
v -1.98574 6.49268 0.5
v 2.00359 1.28203 0.5
v 2.00359 1.28203 0.5
v -0.64826 1.22314 0.5
v -1.98574 6.49268 0.5
v -0.7217 1.25125 0.5
v -1.93998 6.54319 0.5
v -1.93998 6.54319 0.5
v 0.12812 1.03371 0.5
v -1.59078 6.86537 0.5
v -1.84523 6.64099 0.5
v 1.55092 1.12741 0.5
v 1.55092 1.12741 0.5
v -1.5371 6.90658 0.5
v 0.04745 1.04519 0.5
v -2.27352 6.11146 0.5
v -2.30966 6.05338 0.5
v -2.30966 6.05338 0.5
v -2.58767 0.87398 0.5
v -2.58767 0.87398 0.5
v -2.57229 5.4968 0.5
v -2.27352 6.11146 0.5
v -2.52203 0.81864 0.5
v -2.52203 0.81864 0.5
v -2.70855 4.89321 0.5
v -2.70855 4.89321 0.5
v -2.71501 0.99007 0.5
v -2.71501 0.99007 0.5
v -2.77665 1.05081 0.5
v 2.00359 1.28203 0.5
v -2.59402 5.4317 0.5
v -2.52417 5.62524 0.5
v -2.70025 4.96198 0.5
v 2.11573 1.32953 0.5
v -2.70025 4.96198 0.5
v -2.70025 4.96198 0.5
v -2.57229 5.4968 0.5
v -2.65201 0.93113 0.5
v -2.65201 0.93113 0.5
v -2.59402 5.4317 0.5
v -2.70855 4.89321 0.5
v 1.437 1.09787 0.5
v 1.437 1.09787 0.5
v -1.89313 6.59264 0.5
v -1.84523 6.64099 0.5
v -0.03261 1.05832 0.5
v -1.84523 6.64099 0.5
v 1.32288 1.0721 0.5
v 1.32288 1.0721 0.5
v -2.23608 6.16869 0.5
v -2.61417 5.36604 0.5
v -1.89313 6.59264 0.5
v -2.23608 6.16869 0.5
v 2.98992 1.8284 0.5
v 2.98992 1.8284 0.5
v -0.11205 1.07311 0.5
v -2.19737 6.22504 0.5
v -2.71506 4.82409 0.5
v 0.47519 0.04804 0.5
v -2.71506 4.82409 0.5
v -2.61417 5.36604 0.5
v -2.45513 0.7651 0.5
v -2.23608 6.16869 0.5
v -2.45513 0.7651 0.5
v -2.71506 4.82409 0.5
v -2.30966 6.05338 0.5
v 0.77277 0.10729 0.5
v 0.6242 0.07478 0.5
v -2.19737 6.22504 0.5
v -2.52417 5.62524 0.5
v -2.59402 5.4317 0.5
v -2.69018 5.03039 0.5
v -2.67836 5.09841 0.5
v -2.67836 5.09841 0.5
v -2.83689 1.11335 0.5
v -2.47002 5.75115 0.5
v -2.549 5.56133 0.5
v -2.549 5.56133 0.5
v -2.72242 4.50378 0.5
v -2.72242 4.50378 0.5
v -2.549 5.56133 0.5
v -2.52417 5.62524 0.5
v -2.72242 4.50378 0.5
v 2.88337 1.755 0.5
v -2.1756 0.56897 0.5
v -2.1756 0.56897 0.5
v -2.70643 4.1808 0.5
v -2.70643 4.1808 0.5
v 1.32288 1.0721 0.5
v -2.70643 4.1808 0.5
v -2.70643 4.1808 0.5
v 2.77593 1.68465 0.5
v 1.437 1.09787 0.5
v -2.10291 0.52444 0.5
v -2.10291 0.52444 0.5
v -2.6327 5.29985 0.5
v -2.6327 5.29985 0.5
v -1.95441 0.44082 0.5
v 1.77797 1.19753 0.5
v -1.95441 0.44082 0.5
v -2.6854 3.97439 0.5
v -2.6854 3.97439 0.5
v -2.49783 5.68853 0.5
v -2.66483 5.16601 0.5
v -2.66483 5.16601 0.5
v -2.77665 1.05081 0.5
v -2.61417 5.36604 0.5
v -2.89569 1.17769 0.5
v -2.71973 4.75467 0.5
v -2.89569 1.17769 0.5
v 1.89098 1.23801 0.5
v -1.87867 0.40172 0.5
v -1.87867 0.40172 0.5
v -2.71973 4.75467 0.5
v -2.71973 4.75467 0.5
v -2.69693 4.07671 0.5
v -2.69693 4.07671 0.5
v -2.47002 5.75115 0.5
v -2.6496 5.23317 0.5
v -2.6496 5.23317 0.5
v -2.49783 5.68853 0.5
v -2.69693 4.07671 0.5
v -2.83689 1.11335 0.5
v -2.69018 5.03039 0.5
v -2.69018 5.03039 0.5
v -2.02917 0.48173 0.5
v -2.02917 0.48173 0.5
v -2.47002 5.75115 0.5
v -2.49783 5.68853 0.5
v -2.7192 4.39434 0.5
v -2.6496 5.23317 0.5
v 2.07556 0.64806 0.5
v 2.07556 0.64806 0.5
v -2.72256 4.68497 0.5
v -2.72256 4.68497 0.5
v 2.22736 1.38047 0.5
v -2.72256 4.68497 0.5
v -2.7192 4.39434 0.5
v 2.21488 0.7345 0.5
v 2.21488 0.7345 0.5
v -2.7192 4.39434 0.5
v 2.55863 1.55329 0.5
v 1.79303 0.49052 0.5
v 1.79303 0.49052 0.5
v 3.70657 2.42283 0.5
v 2.62404 1.02373 0.5
v 3.60769 2.32965 0.5
v 1.93491 0.56671 0.5
v 1.93491 0.56671 0.5
v -2.71386 4.28668 0.5
v -2.71386 4.28668 0.5
v -2.31768 0.66342 0.5
v -2.31768 0.66342 0.5
v 1.6646 1.16064 0.5
v 2.62404 1.02373 0.5
v 2.66767 1.61739 0.5
v -2.6854 3.97439 0.5
v -2.71386 4.28668 0.5
v -2.2472 0.61529 0.5
v 1.55092 1.12741 0.5
v 2.98992 1.8284 0.5
v -2.2472 0.61529 0.5
v -2.72351 4.61501 0.5
v 2.35279 0.82597 0.5
v 2.35279 0.82597 0.5
v 2.44886 1.4924 0.5
v 2.48921 0.92241 0.5
v -2.387 0.71336 0.5
v -2.387 0.71336 0.5
v 2.48921 0.92241 0.5
v -2.66483 5.16601 0.5
v -2.72351 4.61501 0.5
v -2.72351 4.61501 0.5
v 2.33842 1.43477 0.5
v -2.61947 3.58286 0.5
v -2.28661 2.65141 0.5
v -2.28661 2.65141 0.5
v -2.36261 2.80501 0.5
v -2.28661 2.65141 0.5
v -3.00883 1.31175 0.5
v -3.00883 1.31175 0.5
v -2.28661 2.65141 0.5
v -2.67187 3.87385 0.5
v -2.36261 2.80501 0.5
v -2.67187 3.87385 0.5
v -2.2462 2.57722 0.5
v -2.32543 2.72734 0.5
v -2.2462 2.57722 0.5
v -2.36261 2.80501 0.5
v -2.2462 2.57722 0.5
v -3.61219 2.45071 0.5
v -2.65635 3.77509 0.5
v -2.65635 3.77509 0.5
v -3.61219 2.45071 0.5
v -3.58118 2.35775 0.5
v -3.58118 2.35775 0.5
v -2.54998 3.30777 0.5
v -2.83689 1.11335 0.5
v -3.51319 2.17717 0.5
v -3.51319 2.17717 0.5
v 0.37344 1.00916 0.5
v -2.59817 3.4894 0.5
v 0.37344 1.00916 0.5
v 0.37344 1.00916 0.5
v -2.89569 1.17769 0.5
v -2.54998 3.30777 0.5
v -2.39814 2.88443 0.5
v -2.39814 2.88443 0.5
v -3.2163 1.60139 0.5
v -3.2163 1.60139 0.5
v -1.95441 0.44082 0.5
v -2.49451 3.13317 0.5
v -2.02917 0.48173 0.5
v -2.49451 3.13317 0.5
v -3.0631 1.38147 0.5
v -3.0631 1.38147 0.5
v -2.46411 3.04851 0.5
v -2.61947 3.58286 0.5
v -3.11579 1.45298 0.5
v -3.11579 1.45298 0.5
v -2.67187 3.87385 0.5
v -2.63887 3.67809 0.5
v -2.63887 3.67809 0.5
v -1.87867 0.40172 0.5
v -2.95301 1.24382 0.5
v 0.20936 1.02388 0.5
v -2.65635 3.77509 0.5
v -2.95301 1.24382 0.5
v 0.32582 0.02712 0.5
v 4.0863 2.59712 0.5
v -0.1235 0 0.5
v 2.88859 1.2408 0.5
v 2.88859 1.2408 0.5
v -0.1235 0 0.5
v -0.57757 7.37287 0.5
v -0.57757 7.37287 0.5
v 3.01814 1.35641 0.5
v 4.19251 2.75601 0.5
v 0.02639 0.00304 0.5
v 0.02639 0.00304 0.5
v -0.89483 7.26918 0.5
v -3.8158 3.95215 0.5
v -0.86595 1.3125 0.5
v -0.47489 0.01462 0.5
v -0.47489 0.01462 0.5
v -2.32543 2.72734 0.5
v -0.29975 0.00366 0.5
v -2.10291 0.52444 0.5
v -2.43198 2.96559 0.5
v -2.32543 2.72734 0.5
v -0.89483 7.26918 0.5
v -2.43198 2.96559 0.5
v -2.1756 0.56897 0.5
v -2.43198 2.96559 0.5
v 2.7572 1.12989 0.5
v -0.29975 0.00366 0.5
v -2.43198 2.96559 0.5
v -0.38748 0.00822 0.5
v 2.7572 1.12989 0.5
v -0.38748 0.00822 0.5
v -0.21175 0.00091 0.5
v -2.39814 2.88443 0.5
v -3.16687 1.52629 0.5
v -0.21175 0.00091 0.5
v -3.16687 1.52629 0.5
v -0.83243 7.29319 0.5
v -0.83243 7.29319 0.5
v 3.01814 1.35641 0.5
v 0.1762 0.0121 0.5
v 3.14575 1.47664 0.5
v 0.1762 0.0121 0.5
v 4.08851 2.82101 0.5
v 3.14575 1.47664 0.5
v 3.27133 1.60144 0.5
v 3.99517 2.71775 0.5
v 0.32582 0.02712 0.5
v 1.06824 0.18931 0.5
v 1.06824 0.18931 0.5
v -0.9367 1.34564 0.5
v -1.01786 7.21644 0.5
v -1.19759 7.12593 0.5
v -1.64357 6.8229 0.5
v -1.07844 7.18776 0.5
v -1.64357 6.8229 0.5
v -1.00649 1.38047 0.5
v -1.01786 7.21644 0.5
v -1.19759 7.12593 0.5
v -1.0753 1.41698 0.5
v 0.77277 0.10729 0.5
v -0.51266 7.38856 0.5
v 0.77277 0.10729 0.5
v -1.31389 7.05831 0.5
v -0.706 7.33635 0.5
v -1.31389 7.05831 0.5
v 0.92081 0.14549 0.5
v 0.92081 0.14549 0.5
v -0.34632 1.12742 0.5
v -0.706 7.33635 0.5
v -0.51266 7.38856 0.5
v -0.706 7.33635 0.5
v -1.25611 7.09283 0.5
v -0.26893 1.10766 0.5
v 1.50593 0.35389 0.5
v -0.76948 7.31559 0.5
v 3.90036 2.61693 0.5
v -0.89483 7.26918 0.5
v 1.50593 0.35389 0.5
v -0.76948 7.31559 0.5
v -0.76948 7.31559 0.5
v -0.95665 7.24358 0.5
v -0.95665 7.24358 0.5
v -0.83243 7.29319 0.5
v -1.37091 7.0224 0.5
v -1.37091 7.0224 0.5
v -1.37091 7.0224 0.5
v 1.21496 0.2387 0.5
v 1.21496 0.2387 0.5
v -1.14311 1.45517 0.5
v -1.07844 7.18776 0.5
v 1.36089 0.29358 0.5
v -1.07844 7.18776 0.5
v 1.36089 0.29358 0.5
v -1.20989 1.49506 0.5
v -1.69544 6.7792 0.5
v -1.69544 6.7792 0.5
v -2.03039 6.44113 0.5
v -1.42713 6.98512 0.5
v -1.59078 6.86537 0.5
v -1.42713 6.98512 0.5
v -2.03039 6.44113 0.5
v -2.03039 6.44113 0.5
v -1.5371 6.90658 0.5
v -1.13836 7.15758 0.5
v -1.79629 6.68822 0.5
v -1.79629 6.68822 0.5
v -1.69544 6.7792 0.5
v -0.42298 1.14885 0.5
v -1.01786 7.21644 0.5
v 2.11573 1.32953 0.5
v 2.11573 1.32953 0.5
v -0.79428 1.28104 0.5
v -1.74636 6.7343 0.5
v -1.74636 6.7343 0.5
v -1.19759 7.12593 0.5
v -1.64357 6.8229 0.5
v -1.13836 7.15758 0.5
v 0.37344 1.00916 0.5
v -1.13836 7.15758 0.5
v -1.79629 6.68822 0.5
v -0.57757 7.37287 0.5
v -1.25611 7.09283 0.5
v -0.64202 7.35546 0.5
v -1.2756 1.53664 0.5
v -0.64202 7.35546 0.5
v 0.47519 0.04804 0.5
v 0.47519 0.04804 0.5
v -0.51266 7.38856 0.5
v -1.34023 1.57992 0.5
v -1.31389 7.05831 0.5
v 0.6242 0.07478 0.5
v 0.6242 0.07478 0.5
v -2.11626 6.335 0.5
v -2.11626 6.335 0.5
v -1.59078 6.86537 0.5
v -0.49887 1.17195 0.5
v -2.11626 6.335 0.5
v -2.15743 6.28049 0.5
v -2.15743 6.28049 0.5
v -1.42713 6.98512 0.5
v -2.15743 6.28049 0.5
v -1.48254 6.94651 0.5
v -1.48254 6.94651 0.5
v -2.07391 6.38856 0.5
v -0.57398 1.19671 0.5
v -2.07391 6.38856 0.5
v -2.07391 6.38856 0.5
v 1.50305 4.98685 0.5
v 0.41433 5.56662 0.5
v 1.47797 4.9656 0.5
v -2.71506 4.82409 0.5
v 1.47797 4.9656 0.5
v -2.52314 3.21959 0.5
v -2.52314 3.21959 0.5
v -2.71973 4.75467 0.5
v -2.549 5.56133 0.5
v -2.54998 3.30777 0.5
v -2.54998 3.30777 0.5
v 1.5472 5.0425 0.5
v -2.6496 5.23317 0.5
v 1.5472 5.0425 0.5
v 1.47797 4.9656 0.5
v 1.5831 5.11497 0.5
v 1.50305 4.98685 0.5
v -2.61947 3.58286 0.5
v 1.45094 4.94888 0.5
v 1.47797 4.9656 0.5
v 1.50305 4.98685 0.5
v 1.5662 5.07669 0.5
v -2.52417 5.62524 0.5
v 1.45094 4.94888 0.5
v 1.45094 4.94888 0.5
v -2.67187 3.87385 0.5
v 1.45094 4.94888 0.5
v -2.67187 3.87385 0.5
v 1.50305 4.98685 0.5
v 1.50305 4.98685 0.5
v -2.66483 5.16601 0.5
v 1.26467 4.93558 0.5
v -2.61417 5.36604 0.5
v 1.26467 4.93558 0.5
v -2.57229 5.4968 0.5
v 0.35389 5.62951 0.5
v -2.47002 5.75115 0.5
v -2.70025 4.96198 0.5
v -2.59817 3.4894 0.5
v -2.59817 3.4894 0.5
v -2.49783 5.68853 0.5
v 2.66767 1.61739 0.5
v 0.97985 1.01788 0.5
v 1.09425 1.03205 0.5
v 1.20861 1.05014 0.5
v 2.77593 1.68465 0.5
v 2.77593 1.68465 0.5
v 2.44886 1.4924 0.5
v 2.44886 1.4924 0.5
v 3.50755 2.23914 0.5
v 0.45624 1.00426 0.5
v 3.60769 2.32965 0.5
v 3.60769 2.32965 0.5
v 2.66767 1.61739 0.5
v -2.575 3.3977 0.5
v -2.575 3.3977 0.5
v 1.5662 5.07669 0.5
v -2.61947 3.58286 0.5
v -2.67836 5.09841 0.5
v -2.63887 3.67809 0.5
v 1.5831 5.11497 0.5
v 1.50305 4.98685 0.5
v -2.69018 5.03039 0.5
v -2.63887 3.67809 0.5
v 2.55863 1.55329 0.5
v 2.55863 1.55329 0.5
v 0.75115 1.00155 0.5
v 0.86547 1.0077 0.5
v -2.70855 4.89321 0.5
v -2.54998 3.30777 0.5
v 3.40621 2.15135 0.5
v 3.40621 2.15135 0.5
v 3.86578 2.2915 0.5
v 3.20015 1.98412 0.5
v 3.20015 1.98412 0.5
v 4.0863 2.59712 0.5
v -2.67187 3.87385 0.5
v 3.97736 2.44227 0.5
v 3.97736 2.44227 0.5
v 3.70657 2.42283 0.5
v 2.22736 1.38047 0.5
v 3.80415 2.5186 0.5
v 2.33842 1.43477 0.5
v 2.22736 1.38047 0.5
v 0.63695 0.99948 0.5
v 2.33842 1.43477 0.5
v 3.80415 2.5186 0.5
v 3.50755 2.23914 0.5
v 3.86578 2.2915 0.5
v -2.59817 3.4894 0.5
v -2.52314 3.21959 0.5
v 3.30373 2.06632 0.5
v 3.30373 2.06632 0.5
v 3.70657 2.42283 0.5
v 0.5395 1.001 0.5
v 1.44511 6.47039 0.5
v 4.19251 2.75601 0.5
v 4.19251 2.75601 0.5
v 1.20173 6.89305 0.5
v 1.24877 6.82971 0.5
v 1.20173 6.89305 0.5
v 0.1085 7.44689 0.5
v 1.24877 6.82971 0.5
v 3.90036 2.61693 0.5
v -2.28661 2.65141 0.5
v 1.33512 6.69428 0.5
v 3.90036 2.61693 0.5
v -1.0753 1.41698 0.5
v -1.14311 1.45517 0.5
v -1.14311 1.45517 0.5
v -2.43198 2.96559 0.5
v -2.49451 3.13317 0.5
v -1.0753 1.41698 0.5
v -2.39814 2.88443 0.5
v 4.08851 2.82101 0.5
v 4.08851 2.82101 0.5
v -2.65635 3.77509 0.5
v 1.29324 6.76342 0.5
v -2.63887 3.67809 0.5
v 3.09553 1.90479 0.5
v 3.09553 1.90479 0.5
v 3.75165 2.1449 0.5
v 3.75165 2.1449 0.5
v -2.61947 3.58286 0.5
v 4.0863 2.59712 0.5
v 3.99517 2.71775 0.5
v 3.99517 2.71775 0.5
v -2.2462 2.57722 0.5
v 1.33512 6.69428 0.5
v 1.33512 6.69428 0.5
v 1.33512 6.69428 0.5
v 1.29324 6.76342 0.5
v 1.29324 6.76342 0.5
v -2.575 3.3977 0.5
v 3.40621 2.15135 0.5
v 3.50755 2.23914 0.5
v 3.86578 2.2915 0.5
v 3.30373 2.06632 0.5
v 3.63505 2.00253 0.5
v 3.63505 2.00253 0.5
v 1.65001 0.41956 0.5
v 1.65001 0.41956 0.5
v 3.80415 2.5186 0.5
v 3.20015 1.98412 0.5
v 3.09553 1.90479 0.5
v -2.20421 2.50477 0.5
v -0.79428 1.28104 0.5
v -0.79428 1.28104 0.5
v -2.16067 2.43405 0.5
v 1.04527 7.06473 0.5
v -0.7217 1.25125 0.5
v -0.7217 1.25125 0.5
v -1.58731 1.77002 0.5
v 1.09997 7.01064 0.5
v 0.12812 1.03371 0.5
v 1.09997 7.01064 0.5
v 0.27938 7.43015 0.5
v 1.15213 6.95339 0.5
v 0.0195 7.44901 0.5
v -0.03261 1.05832 0.5
v 0.0195 7.44901 0.5
v -0.03261 1.05832 0.5
v 0.80133 7.24803 0.5
v 0.73411 7.28522 0.5
v -0.38162 7.41468 0.5
v -0.38162 7.41468 0.5
v -0.38162 7.41468 0.5
v 0.12812 1.03371 0.5
v 3.75165 2.1449 0.5
v 3.3948 1.73073 0.5
v 3.3948 1.73073 0.5
v 3.27133 1.60144 0.5
v 3.97736 2.44227 0.5
v 3.51607 1.86445 0.5
v 0.36123 7.41568 0.5
v -0.11533 7.44513 0.5
v -0.11533 7.44513 0.5
v -0.11533 7.44513 0.5
v 0.98805 7.11559 0.5
v 0.36123 7.41568 0.5
v 0.29114 1.01569 0.5
v 0.29114 1.01569 0.5
v -1.52731 1.71994 0.5
v 0.19514 7.44058 0.5
v 3.51607 1.86445 0.5
v 0.27938 7.43015 0.5
v 1.04527 7.06473 0.5
v 1.04527 7.06473 0.5
v -0.18236 7.44031 0.5
v 0.37344 1.00916 0.5
v 0.37344 1.00916 0.5
v -1.70363 1.8753 0.5
v 0.19514 7.44058 0.5
v -1.64609 1.8218 0.5
v 0.27938 7.43015 0.5
v 1.2026 4.9503 0.5
v -1.75988 1.9305 0.5
v 1.2026 4.9503 0.5
v 0.66442 7.31881 0.5
v 1.1717 4.96019 0.5
v -1.81483 1.98742 0.5
v -0.19083 1.08956 0.5
v 1.39117 4.92948 0.5
v 1.1717 4.96019 0.5
v -0.11205 1.07311 0.5
v -0.11205 1.07311 0.5
v 1.20861 1.05014 0.5
v 0.66442 7.31881 0.5
v 0.63695 0.99948 0.5
v 0.63695 0.99948 0.5
v 0.66442 7.31881 0.5
v -2.37795 5.93477 0.5
v 0.19514 7.44058 0.5
v -0.19083 1.08956 0.5
v 0.75115 1.00155 0.5
v 0.75115 1.00155 0.5
v 0.59228 7.34873 0.5
v 0.59228 7.34873 0.5
v -2.27352 6.11146 0.5
v 0.59228 7.34873 0.5
v 1.20861 1.05014 0.5
v 1.09997 7.01064 0.5
v -0.18236 7.44031 0.5
v 0.0195 7.44901 0.5
v 0.98805 7.11559 0.5
v 0.98805 7.11559 0.5
v 0.20936 1.02388 0.5
v 0.20936 1.02388 0.5
v 1.32712 4.92798 0.5
v 0.04745 1.04519 0.5
v 0.04745 1.04519 0.5
v 1.15213 6.95339 0.5
v -0.04803 7.44804 0.5
v -0.04803 7.44804 0.5
v -0.04803 7.44804 0.5
v -0.18236 7.44031 0.5
v 1.15213 6.95339 0.5
v 1.3585 4.92701 0.5
v 1.3585 4.92701 0.5
v 0.51769 7.37489 0.5
v 1.2026 4.9503 0.5
v 1.23359 4.94208 0.5
v 1.39117 4.92948 0.5
v 1.32712 4.92798 0.5
v 1.39117 4.92948 0.5
v 1.3585 4.92701 0.5
v -2.41005 5.8743 0.5
v 1.5662 5.07669 0.5
v 0.45624 1.00426 0.5
v -2.30966 6.05338 0.5
v 0.45624 1.00426 0.5
v 1.5662 5.07669 0.5
v 1.52614 5.01252 0.5
v -2.6327 5.29985 0.5
v 1.422 4.9368 0.5
v 1.52614 5.01252 0.5
v 1.52614 5.01252 0.5
v -2.19737 6.22504 0.5
v 0.5395 1.001 0.5
v 0.5395 1.001 0.5
v -2.59402 5.4317 0.5
v 1.26467 4.93558 0.5
v 1.52614 5.01252 0.5
v 1.52614 5.01252 0.5
v 1.23359 4.94208 0.5
v -2.34448 5.99447 0.5
v 0.51769 7.37489 0.5
v 0.51769 7.37489 0.5
v 0.86547 1.0077 0.5
v 1.29585 4.93086 0.5
v 0.86547 1.0077 0.5
v 1.09425 1.03205 0.5
v 1.09425 1.03205 0.5
v 0.44067 7.39723 0.5
v 0.97985 1.01788 0.5
v 0.97985 1.01788 0.5
v -2.44075 5.81308 0.5
v 1.29585 4.93086 0.5
v 0.44067 7.39723 0.5
v 1.29585 4.93086 0.5
v 0.44067 7.39723 0.5
v 1.5472 5.0425 0.5
v -2.23608 6.16869 0.5
v 1.5831 5.11497 0.5
v 1.422 4.9368 0.5
v 1.422 4.9368 0.5
v 1.5831 5.11497 0.5
v 1.5472 5.0425 0.5
v -0.16924 6.10455 0.5
v -1.76018 4.51891 0.5
v -2.72256 4.68497 0.5
v -2.72256 4.68497 0.5
v -1.74083 4.08542 0.5
v -1.76018 4.51891 0.5
v 0.07963 5.90238 0.5
v -1.75916 4.30839 0.5
v 0.73411 7.28522 0.5
v 0.04883 5.93045 0.5
v -1.72516 3.97452 0.5
v -1.72516 3.97452 0.5
v -1.7615 4.42001 0.5
v -1.7615 4.42001 0.5
v 0.01795 5.95784 0.5
v 0.01795 5.95784 0.5
v -0.01301 5.98449 0.5
v -1.70537 3.86432 0.5
v -0.95665 7.24358 0.5
v -0.95665 7.24358 0.5
v -0.706 7.33635 0.5
v 1.04527 7.06473 0.5
v -1.75916 4.30839 0.5
v -0.706 7.33635 0.5
v 0.27938 7.43015 0.5
v -1.75624 4.6157 0.5
v -2.72351 4.61501 0.5
v -2.72351 4.61501 0.5
v -1.7154 4.98064 0.5
v -0.01301 5.98449 0.5
v -0.76948 7.31559 0.5
v -0.64202 7.35546 0.5
v -0.64202 7.35546 0.5
v -0.76948 7.31559 0.5
v -1.7154 4.98064 0.5
v 0.36123 7.41568 0.5
v -1.76018 4.51891 0.5
v -0.04406 6.01035 0.5
v -1.72927 4.89285 0.5
v -1.72927 4.89285 0.5
v -0.57757 7.37287 0.5
v -0.57757 7.37287 0.5
v -2.71386 4.28668 0.5
v -2.71386 4.28668 0.5
v -1.7615 4.42001 0.5
v -1.74073 4.80272 0.5
v -1.74073 4.80272 0.5
v 0.04883 5.93045 0.5
v -0.51266 7.38856 0.5
v -0.51266 7.38856 0.5
v -0.89483 7.26918 0.5
v -0.89483 7.26918 0.5
v 0.98805 7.11559 0.5
v -0.36044 6.21145 0.5
v 1.24877 6.82971 0.5
v -2.72242 4.50378 0.5
v -2.72242 4.50378 0.5
v 1.47652 6.39053 0.5
v -2.70643 4.1808 0.5
v -0.04406 6.01035 0.5
v 1.3744 6.62234 0.5
v -2.70643 4.1808 0.5
v -0.36044 6.21145 0.5
v -1.97158 2.16849 0.5
v 0.26296 5.72323 0.5
v 1.61046 5.20338 0.5
v -2.02104 2.23229 0.5
v -2.02104 2.23229 0.5
v -2.72256 4.68497 0.5
v -1.97158 2.16849 0.5
v 1.59787 5.15724 0.5
v 1.59787 5.15724 0.5
v 1.62899 5.30685 0.5
v 1.63758 5.57563 0.5
v 1.63758 5.57563 0.5
v -2.2462 2.57722 0.5
v -2.2462 2.57722 0.5
v -2.28661 2.65141 0.5
v 1.62085 5.25329 0.5
v 1.62085 5.25329 0.5
v 1.62085 5.25329 0.5
v -2.65635 3.77509 0.5
v -2.65635 3.77509 0.5
v -2.69693 4.07671 0.5
v 1.63958 5.48839 0.5
v -2.28661 2.65141 0.5
v 1.15213 6.95339 0.5
v 1.61046 5.20338 0.5
v 1.63958 5.48839 0.5
v 1.61046 5.20338 0.5
v 1.61046 5.20338 0.5
v -2.6854 3.97439 0.5
v 1.59787 5.15724 0.5
v 1.63839 5.42451 0.5
v -2.36261 2.80501 0.5
v -2.36261 2.80501 0.5
v 1.63839 5.42451 0.5
v -2.71386 4.28668 0.5
v -1.70537 3.86432 0.5
v 0.80133 7.24803 0.5
v -0.10644 6.05941 0.5
v -0.13779 6.0825 0.5
v -0.13779 6.0825 0.5
v -1.75624 4.6157 0.5
v -1.75624 4.6157 0.5
v -1.75221 4.19679 0.5
v 1.09997 7.01064 0.5
v -0.16924 6.10455 0.5
v 1.63839 5.42451 0.5
v -2.72351 4.61501 0.5
v -2.20421 2.50477 0.5
v -2.20421 2.50477 0.5
v -2.46411 3.04851 0.5
v -2.46411 3.04851 0.5
v -2.06906 2.29781 0.5
v 1.53138 6.22339 0.5
v 1.53138 6.22339 0.5
v -2.06906 2.29781 0.5
v 1.50528 6.30817 0.5
v 1.50528 6.30817 0.5
v -0.76948 7.31559 0.5
v -2.32543 2.72734 0.5
v -2.70643 4.1808 0.5
v -2.32543 2.72734 0.5
v -0.83243 7.29319 0.5
v 1.63485 5.36396 0.5
v -2.7192 4.39434 0.5
v -2.49451 3.13317 0.5
v -2.49451 3.13317 0.5
v -1.86844 2.04606 0.5
v -1.86844 2.04606 0.5
v 1.63485 5.36396 0.5
v -2.39814 2.88443 0.5
v 1.63485 5.36396 0.5
v -2.39814 2.88443 0.5
v -1.9207 2.10641 0.5
v -1.9207 2.10641 0.5
v -2.43198 2.96559 0.5
v -2.43198 2.96559 0.5
v -2.72242 4.50378 0.5
v 1.63485 5.36396 0.5
v -1.01786 7.21644 0.5
v 1.59362 5.95527 0.5
v -1.64609 1.8218 0.5
v 1.55482 6.13626 0.5
v 1.6216 5.76577 0.5
v 1.60897 5.86154 0.5
v -2.41005 5.8743 0.5
v 1.6216 5.76577 0.5
v 1.6315 5.66801 0.5
v -2.41005 5.8743 0.5
v 1.57557 6.04687 0.5
v 1.6315 5.66801 0.5
v -1.64609 1.8218 0.5
v -1.37091 7.0224 0.5
v -0.64202 7.35546 0.5
v -1.81483 1.98742 0.5
v -1.81483 1.98742 0.5
v 0.23255 5.75406 0.5
v -2.16067 2.43405 0.5
v -2.16067 2.43405 0.5
v -1.70363 1.8753 0.5
v -1.70363 1.8753 0.5
v -1.07844 7.18776 0.5
v 0.41433 5.56662 0.5
v 0.41433 5.56662 0.5
v 0.20209 5.78459 0.5
v 1.59362 5.95527 0.5
v 0.20209 5.78459 0.5
v -1.25611 7.09283 0.5
v 0.38413 5.59806 0.5
v 0.38413 5.59806 0.5
v 1.60897 5.86154 0.5
v 0.62519 5.35166 0.5
v -0.706 7.33635 0.5
v 1.6315 5.66801 0.5
v 1.6216 5.76577 0.5
v -1.75988 1.9305 0.5
v 0.35389 5.62951 0.5
v -1.75988 1.9305 0.5
v 0.35389 5.62951 0.5
v 1.55482 6.13626 0.5
v -1.46611 1.67156 0.5
v -1.46611 1.67156 0.5
v -0.89483 7.26918 0.5
v 1.55482 6.13626 0.5
v -2.11561 2.36507 0.5
v -2.11561 2.36507 0.5
v 1.62899 5.30685 0.5
v -1.52731 1.71994 0.5
v 1.63758 5.57563 0.5
v -1.52731 1.71994 0.5
v 1.57557 6.04687 0.5
v 1.63839 5.42451 0.5
v 1.62899 5.30685 0.5
v -0.95665 7.24358 0.5
v -1.40374 1.62489 0.5
v -1.40374 1.62489 0.5
v 1.57557 6.04687 0.5
v 1.62085 5.25329 0.5
v 1.63958 5.48839 0.5
v -1.58731 1.77002 0.5
v 1.63958 5.48839 0.5
v -1.58731 1.77002 0.5
v 1.47652 6.39053 0.5
v 1.47652 6.39053 0.5
v 1.44511 6.47039 0.5
v -0.44734 7.40251 0.5
v -0.44734 7.40251 0.5
v 0.92831 7.16314 0.5
v -0.44734 7.40251 0.5
v 1.41106 6.54769 0.5
v 1.3744 6.62234 0.5
v 0.92831 7.16314 0.5
v 1.47652 6.39053 0.5
v -0.34632 1.12742 0.5
v -0.34632 1.12742 0.5
v -0.2491 7.43361 0.5
v 0.80133 7.24803 0.5
v -1.34023 1.57992 0.5
v -1.34023 1.57992 0.5
v -1.9207 2.10641 0.5
v 0.80133 7.24803 0.5
v -0.64826 1.22314 0.5
v -0.64826 1.22314 0.5
v -2.11561 2.36507 0.5
v 1.20173 6.89305 0.5
v -1.46611 1.67156 0.5
v 0.19514 7.44058 0.5
v -0.57398 1.19671 0.5
v -0.57398 1.19671 0.5
v -2.06906 2.29781 0.5
v 1.24877 6.82971 0.5
v -2.46411 3.04851 0.5
v 0.1085 7.44689 0.5
v 0.1085 7.44689 0.5
v -1.20989 1.49506 0.5
v -1.20989 1.49506 0.5
v -1.00649 1.38047 0.5
v -0.9367 1.34564 0.5
v -2.36261 2.80501 0.5
v -0.9367 1.34564 0.5
v -0.86595 1.3125 0.5
v -0.86595 1.3125 0.5
v -2.32543 2.72734 0.5
v -0.2491 7.43361 0.5
v 0.86606 7.20731 0.5
v -0.31553 7.42506 0.5
v -0.31553 7.42506 0.5
v 1.44511 6.47039 0.5
v -1.86844 2.04606 0.5
v 0.73411 7.28522 0.5
v -0.26893 1.10766 0.5
v -0.26893 1.10766 0.5
v -1.2756 1.53664 0.5
v -1.2756 1.53664 0.5
v -0.31553 7.42506 0.5
v 0.73411 7.28522 0.5
v 0.92831 7.16314 0.5
v 0.86606 7.20731 0.5
v -1.00649 1.38047 0.5
v 0.77581 5.21164 0.5
v 0.53489 5.44207 0.5
v 0.74566 5.23829 0.5
v -0.7405 6.25802 0.5
v -1.42713 6.98512 0.5
v 0.50478 5.4729 0.5
v 0.74566 5.23829 0.5
v 0.71552 5.26568 0.5
v 0.74566 5.23829 0.5
v -2.549 5.56133 0.5
v -2.549 5.56133 0.5
v -0.85331 6.23084 0.5
v 0.92706 5.09158 0.5
v -2.61417 5.36604 0.5
v -2.61417 5.36604 0.5
v 0.6854 5.29375 0.5
v 0.92706 5.09158 0.5
v 0.6854 5.29375 0.5
v -0.96153 6.18908 0.5
v 1.14088 4.97166 0.5
v -0.96153 6.18908 0.5
v -0.49887 1.17195 0.5
v 1.14088 4.97166 0.5
v 1.41106 6.54769 0.5
v -0.49887 1.17195 0.5
v -1.97158 2.16849 0.5
v -0.90802 6.21175 0.5
v 0.86606 7.20731 0.5
v -0.90802 6.21175 0.5
v 1.11014 4.98468 0.5
v 1.41106 6.54769 0.5
v -2.57229 5.4968 0.5
v -2.57229 5.4968 0.5
v -0.85331 6.23084 0.5
v 1.11014 4.98468 0.5
v -0.42298 1.14885 0.5
v -2.15743 6.28049 0.5
v 1.3744 6.62234 0.5
v 1.3744 6.62234 0.5
v -0.42298 1.14885 0.5
v -2.07391 6.38856 0.5
v -2.03039 6.44113 0.5
v -0.79745 6.24628 0.5
v -0.58983 6.26815 0.5
v -2.6327 5.29985 0.5
v -2.6327 5.29985 0.5
v -0.58983 6.26815 0.5
v 0.95743 5.07064 0.5
v -1.40374 1.62489 0.5
v 1.14088 4.97166 0.5
v -2.02104 2.23229 0.5
v -2.49783 5.68853 0.5
v -2.49783 5.68853 0.5
v -0.6825 6.26601 0.5
v 0.98785 5.05087 0.5
v 0.98785 5.05087 0.5
v -0.6825 6.26601 0.5
v -1.89313 6.59264 0.5
v -2.6496 5.23317 0.5
v -2.6496 5.23317 0.5
v 1.01833 5.03232 0.5
v -0.7405 6.25802 0.5
v -0.7405 6.25802 0.5
v -2.69018 5.03039 0.5
v 0.71552 5.26568 0.5
v 0.95743 5.07064 0.5
v -0.45783 6.24582 0.5
v -0.45783 6.24582 0.5
v -2.69018 5.03039 0.5
v -0.45783 6.24582 0.5
v 0.95743 5.07064 0.5
v -1.84523 6.64099 0.5
v -2.71506 4.82409 0.5
v -2.71506 4.82409 0.5
v -0.49059 6.25405 0.5
v 1.29324 6.76342 0.5
v -0.49059 6.25405 0.5
v 1.33512 6.69428 0.5
v -0.6825 6.26601 0.5
v -0.52351 6.26055 0.5
v -0.52351 6.26055 0.5
v -0.32825 6.19696 0.5
v -2.11626 6.335 0.5
v -0.55659 6.26527 0.5
v -0.55659 6.26527 0.5
v -0.32825 6.19696 0.5
v -2.71973 4.75467 0.5
v -2.71973 4.75467 0.5
v 1.07947 4.99917 0.5
v -0.79745 6.24628 0.5
v -1.59078 6.86537 0.5
v 1.07947 4.99917 0.5
v 1.04886 5.01507 0.5
v 1.07947 4.99917 0.5
v 1.04886 5.01507 0.5
v -2.52417 5.62524 0.5
v -2.52417 5.62524 0.5
v -2.47002 5.75115 0.5
v -2.47002 5.75115 0.5
v 0.53489 5.44207 0.5
v -1.5371 6.90658 0.5
v 0.77581 5.21164 0.5
v 0.50478 5.4729 0.5
v -2.59402 5.4317 0.5
v -2.59402 5.4317 0.5
v -0.2008 6.12549 0.5
v 0.92831 7.16314 0.5
v -0.83243 7.29319 0.5
v -0.39276 6.22446 0.5
v -0.42522 6.23594 0.5
v -0.83243 7.29319 0.5
v -0.16924 6.10455 0.5
v -0.39276 6.22446 0.5
v -0.23248 6.14526 0.5
v -0.23248 6.14526 0.5
v -2.7192 4.39434 0.5
v -0.2008 6.12549 0.5
v 1.20173 6.89305 0.5
v -2.7192 4.39434 0.5
v 1.44511 6.47039 0.5
v -0.42522 6.23594 0.5
v -0.26428 6.16381 0.5
v -2.6854 3.97439 0.5
v -2.6854 3.97439 0.5
v 0.11035 5.8737 0.5
v -1.75221 4.19679 0.5
v -1.75221 4.19679 0.5
v -2.69693 4.07671 0.5
v 0.86606 7.20731 0.5
v -2.69693 4.07671 0.5
v -0.26428 6.16381 0.5
v 0.14099 5.84447 0.5
v -2.66483 5.16601 0.5
v -1.74083 4.08542 0.5
v -1.74083 4.08542 0.5
v -2.66483 5.16601 0.5
v -0.01301 5.98449 0.5
v -1.72516 3.97452 0.5
v -0.2962 6.18106 0.5
v -0.2962 6.18106 0.5
v -1.72516 3.97452 0.5
v 0.17158 5.81474 0.5
v -1.93998 6.54319 0.5
v -0.0752 6.03534 0.5
v 1.41106 6.54769 0.5
v -0.0752 6.03534 0.5
v -0.10644 6.05941 0.5
v -1.70537 3.86432 0.5
v -2.67836 5.09841 0.5
v -1.98574 6.49268 0.5
v -2.67836 5.09841 0.5
v -2.70855 4.89321 0.5
v -2.70855 4.89321 0.5
v -0.62323 6.26912 0.5
v 1.01833 5.03232 0.5
v -0.6825 6.26601 0.5
v -2.70025 4.96198 0.5
v -2.70025 4.96198 0.5
v 1.01833 5.03232 0.5
v -0.6825 6.26601 0.5
v -0.6825 6.26601 0.5
v -0.6825 6.26601 0.5
v 0.62519 5.35166 0.5
v 0.53489 5.44207 0.5
v 1.1717 4.96019 0.5
v 1.1717 4.96019 0.5
v 0.6553 5.32243 0.5
v 0.47465 5.50397 0.5
v 1.39117 4.92948 0.5
v 1.3585 4.92701 0.5
v 1.3585 4.92701 0.5
v -0.11533 7.44513 0.5
v -0.11533 7.44513 0.5
v 1.39117 4.92948 0.5
v -0.38162 7.41468 0.5
v -0.38162 7.41468 0.5
v -1.20193 2.68111 0.5
v 0.41433 5.56662 0.5
v 0.50478 5.4729 0.5
v -1.25923 2.7648 0.5
v -0.44734 7.40251 0.5
v -1.25923 2.7648 0.5
v -1.50851 3.23085 0.5
v -1.25923 2.7648 0.5
v 0.66442 7.31881 0.5
v -1.36685 2.94239 0.5
v -0.44734 7.40251 0.5
v 0.66442 7.31881 0.5
v -1.50851 3.23085 0.5
v -1.68159 3.75505 0.5
v 0.19514 7.44058 0.5
v 0.59228 7.34873 0.5
v 0.59228 7.34873 0.5
v 0.19514 7.44058 0.5
v 0.35389 5.62951 0.5
v 0.1085 7.44689 0.5
v -1.31389 7.05831 0.5
v -1.65989 5.2295 0.5
v -1.31389 7.05831 0.5
v 0.07963 5.90238 0.5
v -1.69544 6.7792 0.5
v -1.13836 7.15758 0.5
v -1.69544 6.7792 0.5
v -0.2491 7.43361 0.5
v -1.74974 4.71032 0.5
v -1.13836 7.15758 0.5
v -0.31553 7.42506 0.5
v -1.19759 7.12593 0.5
v -1.19759 7.12593 0.5
v -1.01786 7.21644 0.5
v -1.69918 5.06605 0.5
v -1.01786 7.21644 0.5
v -1.74073 4.80272 0.5
v 0.51769 7.37489 0.5
v -1.69918 5.06605 0.5
v 0.44067 7.39723 0.5
v -1.07844 7.18776 0.5
v -1.07844 7.18776 0.5
v -1.65989 5.2295 0.5
v -1.63693 5.30743 0.5
v 1.32712 4.92798 0.5
v 1.32712 4.92798 0.5
v -0.18236 7.44031 0.5
v -1.63693 5.30743 0.5
v 0.07963 5.90238 0.5
v 0.4445 5.53523 0.5
v -1.62274 3.54025 0.5
v 0.0195 7.44901 0.5
v 0.0195 7.44901 0.5
v 1.29585 4.93086 0.5
v 1.29585 4.93086 0.5
v -0.18236 7.44031 0.5
v -0.04803 7.44804 0.5
v -0.04803 7.44804 0.5
v 0.5951 5.38139 0.5
v -1.64357 6.8229 0.5
v -1.64357 6.8229 0.5
v -0.44734 7.40251 0.5
v -2.07391 6.38856 0.5
v -1.52418 5.59255 0.5
v -1.5371 6.90658 0.5
v -1.5371 6.90658 0.5
v -2.07391 6.38856 0.5
v 1.29585 4.93086 0.5
v -2.11626 6.335 0.5
v -1.59078 6.86537 0.5
v 0.17158 5.81474 0.5
v -2.11626 6.335 0.5
v -1.58463 5.45541 0.5
v 0.17158 5.81474 0.5
v 0.14099 5.84447 0.5
v -1.42713 6.98512 0.5
v -1.59078 6.86537 0.5
v -0.11533 7.44513 0.5
v -1.42713 6.98512 0.5
v -1.48254 6.94651 0.5
v -1.48254 6.94651 0.5
v -0.18236 7.44031 0.5
v 0.66442 7.31881 0.5
v -1.37091 7.0224 0.5
v -1.37091 7.0224 0.5
v 0.59228 7.34873 0.5
v -1.7154 4.98064 0.5
v -1.25611 7.09283 0.5
v 0.19514 7.44058 0.5
v -1.74974 4.71032 0.5
v -1.72927 4.89285 0.5
v -1.68066 5.14903 0.5
v -1.68066 5.14903 0.5
v -1.75916 4.30839 0.5
v -1.74974 4.71032 0.5
v 0.11035 5.8737 0.5
v -1.25611 7.09283 0.5
v -2.03039 6.44113 0.5
v -2.03039 6.44113 0.5
v -1.5554 5.52536 0.5
v -2.15743 6.28049 0.5
v -2.15743 6.28049 0.5
v 1.32712 4.92798 0.5
v -1.52418 5.59255 0.5
v 1.26467 4.93558 0.5
v -1.93998 6.54319 0.5
v -1.93998 6.54319 0.5
v -1.38051 5.8325 0.5
v -1.38051 5.8325 0.5
v -1.58463 5.45541 0.5
v -1.98574 6.49268 0.5
v 1.2026 4.9503 0.5
v -1.29812 5.93444 0.5
v -1.98574 6.49268 0.5
v 1.23359 4.94208 0.5
v -1.61183 5.38275 0.5
v -1.456 5.71839 0.5
v -1.456 5.71839 0.5
v -1.84523 6.64099 0.5
v -1.84523 6.64099 0.5
v -1.58463 5.45541 0.5
v -1.41914 5.77693 0.5
v -1.41914 5.77693 0.5
v 0.0195 7.44901 0.5
v -1.63693 5.30743 0.5
v -1.74636 6.7343 0.5
v -1.74636 6.7343 0.5
v -1.69918 5.06605 0.5
v -0.04803 7.44804 0.5
v -1.65989 5.2295 0.5
v -1.79629 6.68822 0.5
v -0.38162 7.41468 0.5
v -1.79629 6.68822 0.5
v 0.47465 5.50397 0.5
v 0.26296 5.72323 0.5
v -2.34448 5.99447 0.5
v 0.26296 5.72323 0.5
v -2.34448 5.99447 0.5
v -1.48254 6.94651 0.5
v -2.44075 5.81308 0.5
v -2.44075 5.81308 0.5
v -1.74636 6.7343 0.5
v -1.19759 7.12593 0.5
v 0.23255 5.75406 0.5
v 0.4445 5.53523 0.5
v 0.47465 5.50397 0.5
v 0.47465 5.50397 0.5
v 0.6854 5.29375 0.5
v 0.4445 5.53523 0.5
v -2.37795 5.93477 0.5
v -2.37795 5.93477 0.5
v -1.79629 6.68822 0.5
v 0.6553 5.32243 0.5
v -1.69544 6.7792 0.5
v -0.51266 7.38856 0.5
v 0.89673 5.11362 0.5
v 0.6553 5.32243 0.5
v 0.89673 5.11362 0.5
v 0.62519 5.35166 0.5
v 0.89673 5.11362 0.5
v 0.83621 5.16079 0.5
v -1.64357 6.8229 0.5
v 0.62519 5.35166 0.5
v -2.27352 6.11146 0.5
v -2.27352 6.11146 0.5
v 0.86645 5.13671 0.5
v -2.30966 6.05338 0.5
v 0.86645 5.13671 0.5
v 1.59362 5.95527 0.5
v 0.32362 5.66089 0.5
v 0.32362 5.66089 0.5
v 1.50528 6.30817 0.5
v -1.31389 7.05831 0.5
v 0.565 5.41154 0.5
v 1.60897 5.86154 0.5
v 1.53138 6.22339 0.5
v 1.50528 6.30817 0.5
v -0.57757 7.37287 0.5
v -0.81905 2.26521 0.5
v -0.46579 2.05701 0.5
v 1.63839 5.42451 0.5
v -0.39327 2.03325 0.5
v 1.62085 5.25329 0.5
v -0.5379 2.08704 0.5
v 0.73411 7.28522 0.5
v 0.73411 7.28522 0.5
v -0.46579 2.05701 0.5
v 0.92831 7.16314 0.5
v 0.92831 7.16314 0.5
v -0.81905 2.26521 0.5
v -0.88675 2.32311 0.5
v 1.41106 6.54769 0.5
v 1.41106 6.54769 0.5
v 1.50528 6.30817 0.5
v -0.88675 2.32311 0.5
v 1.62899 5.30685 0.5
v 0.86606 7.20731 0.5
v 1.57557 6.04687 0.5
v 1.3744 6.62234 0.5
v 1.3744 6.62234 0.5
v -0.68024 2.16498 0.5
v -2.30966 6.05338 0.5
v 1.47652 6.39053 0.5
v 1.47652 6.39053 0.5
v 1.55482 6.13626 0.5
v 0.86606 7.20731 0.5
v 1.59787 5.15724 0.5
v -0.75016 2.21242 0.5
v -0.68024 2.16498 0.5
v 1.61046 5.20338 0.5
v -2.23608 6.16869 0.5
v -2.23608 6.16869 0.5
v 0.5951 5.38139 0.5
v 0.5951 5.38139 0.5
v 0.83621 5.16079 0.5
v 0.83621 5.16079 0.5
v 0.29331 5.69215 0.5
v 0.29331 5.69215 0.5
v 0.806 5.18578 0.5
v 0.806 5.18578 0.5
v -2.19737 6.22504 0.5
v -2.19737 6.22504 0.5
v 0.565 5.41154 0.5
v 0.565 5.41154 0.5
v -1.13836 7.15758 0.5
v 0.32252 2.03198 0.5
v 0.80133 7.24803 0.5
v 1.6216 5.76577 0.5
v 0.80133 7.24803 0.5
v -0.75016 2.21242 0.5
v 1.09997 7.01064 0.5
v 0.1085 7.44689 0.5
v -1.08114 2.52513 0.5
v -1.14252 2.60115 0.5
v 0.32252 2.03198 0.5
v 0.36123 7.41568 0.5
v 0.36123 7.41568 0.5
v 0.20269 2.02028 0.5
v -1.31425 2.85196 0.5
v -1.08114 2.52513 0.5
v 0.20269 2.02028 0.5
v 0.32362 5.66089 0.5
v 0.27938 7.43015 0.5
v -0.9531 2.38588 0.5
v -1.36685 2.94239 0.5
v -1.31425 2.85196 0.5
v 0.27938 7.43015 0.5
v 1.59362 5.95527 0.5
v -0.9531 2.38588 0.5
v 1.6315 5.66801 0.5
v -1.31425 2.85196 0.5
v 1.04527 7.06473 0.5
v 1.04527 7.06473 0.5
v -1.01794 2.4533 0.5
v -1.36685 2.94239 0.5
v 1.44511 6.47039 0.5
v 1.63958 5.48839 0.5
v 1.44511 6.47039 0.5
v -1.20193 2.68111 0.5
v -1.20193 2.68111 0.5
v -1.01794 2.4533 0.5
v -1.11435 6.10006 0.5
v 1.24877 6.82971 0.5
v 1.24877 6.82971 0.5
v 1.63758 5.57563 0.5
v -0.5379 2.08704 0.5
v -0.5379 2.08704 0.5
v -0.39327 2.03325 0.5
v 1.20173 6.89305 0.5
v 1.20173 6.89305 0.5
v -1.11435 6.10006 0.5
v -0.60943 2.1231 0.5
v 1.63485 5.36396 0.5
v -0.60943 2.1231 0.5
v -1.16254 6.06357 0.5
v -1.16254 6.06357 0.5
v -1.54984 3.33197 0.5
v -0.31553 7.42506 0.5
v -1.41686 3.03583 0.5
v -1.654 3.64695 0.5
v -1.54984 3.33197 0.5
v 0.38413 5.59806 0.5
v 0.1085 7.44689 0.5
v -1.68159 3.75505 0.5
v -1.41686 3.03583 0.5
v -1.46413 3.13206 0.5
v 0.29331 5.69215 0.5
v -1.54984 3.33197 0.5
v -1.50851 3.23085 0.5
v -1.46413 3.13206 0.5
v -1.68159 3.75505 0.5
v -0.31553 7.42506 0.5
v 0.20209 5.78459 0.5
v 0.23255 5.75406 0.5
v -0.2491 7.43361 0.5
v -0.2491 7.43361 0.5
v 0.565 5.41154 0.5
v -1.654 3.64695 0.5
v -1.46413 3.13206 0.5
v -1.58797 3.43518 0.5
v 0.26296 5.72323 0.5
v 0.44067 7.39723 0.5
v 0.44067 7.39723 0.5
v 0.51769 7.37489 0.5
v 0.51769 7.37489 0.5
v -1.654 3.64695 0.5
v -1.58797 3.43518 0.5
v 0.98805 7.11559 0.5
v 0.98805 7.11559 0.5
v -1.62274 3.54025 0.5
v -1.58797 3.43518 0.5
v -1.62274 3.54025 0.5
v 0.32252 2.03198 0.5
v -0.88675 2.32311 0.5
v 1.15213 6.95339 0.5
v 1.15213 6.95339 0.5
v 1.60897 5.86154 0.5
v 0.08189 2.01137 0.5
v -0.75016 2.21242 0.5
v -1.14252 2.60115 0.5
v 0.20269 2.02028 0.5
v 1.09997 7.01064 0.5
v 1.53138 6.22339 0.5
v -0.9531 2.38588 0.5
v -1.08114 2.52513 0.5
v -1.76018 4.51891 0.5
v 0.98785 5.05087 0.5
v 0.98785 5.05087 0.5
v -1.72516 3.97452 0.5
v 0.95743 5.07064 0.5
v 0.86645 5.13671 0.5
v 1.5662 5.07669 0.5
v 1.5662 5.07669 0.5
v 0.95743 5.07064 0.5
v 1.5472 5.0425 0.5
v 1.5472 5.0425 0.5
v 0.6854 5.29375 0.5
v 1.422 4.9368 0.5
v 1.422 4.9368 0.5
v 0.83621 5.16079 0.5
v 1.5831 5.11497 0.5
v 1.5831 5.11497 0.5
v 0.89673 5.11362 0.5
v 1.23359 4.94208 0.5
v 1.23359 4.94208 0.5
v 0.6854 5.29375 0.5
v 0.6854 5.29375 0.5
v 0.89673 5.11362 0.5
v 0.89673 5.11362 0.5
v 4.48561 6.37742 0.5
v 4.48561 6.37742 0.5
v 0.74566 5.23829 0.5
v 4.46809 6.14143 0.5
v 0.74566 5.23829 0.5
v 4.46809 6.14143 0.5
v 4.48561 6.37742 0.5
v -1.7154 4.98064 0.5
v -1.72927 4.89285 0.5
v 1.01833 5.03232 0.5
v 1.01833 5.03232 0.5
v -1.7615 4.42001 0.5
v -1.75916 4.30839 0.5
v -1.75624 4.6157 0.5
v 0.92706 5.09158 0.5
v 0.92706 5.09158 0.5
v -1.70537 3.86432 0.5
v 1.07947 4.99917 0.5
v 0.71552 5.26568 0.5
v 1.45094 4.94888 0.5
v 1.45094 4.94888 0.5
v 1.04886 5.01507 0.5
v 0.77581 5.21164 0.5
v 1.50305 4.98685 0.5
v 1.50305 4.98685 0.5
v 1.14088 4.97166 0.5
v 2.55587 2.86339 0.5
v -0.62323 6.26912 0.5
v 1.62899 5.30685 0.5
v 1.62899 5.30685 0.5
v -0.79745 6.24628 0.5
v 2.55587 2.86339 0.5
v 2.55587 2.86339 0.5
v 2.64599 2.92819 0.5
v 3.07 3.28227 0.5
v 2.64599 2.92819 0.5
v 3.07 3.28227 0.5
v 3.14926 3.35888 0.5
v 3.44674 3.68357 0.5
v 3.37537 3.59972 0.5
v -0.90802 6.21175 0.5
v -0.6825 6.26601 0.5
v 3.14926 3.35888 0.5
v 3.14926 3.35888 0.5
v 1.55482 6.13626 0.5
v -0.58983 6.26815 0.5
v 1.57557 6.04687 0.5
v 1.57557 6.04687 0.5
v -0.85331 6.23084 0.5
v 2.90583 3.13475 0.5
v 1.63758 5.57563 0.5
v 1.63758 5.57563 0.5
v 2.90583 3.13475 0.5
v 2.98884 3.20755 0.5
v 1.62085 5.25329 0.5
v 3.37537 3.59972 0.5
v 1.62085 5.25329 0.5
v 2.98884 3.20755 0.5
v 2.90583 3.13475 0.5
v 2.98884 3.20755 0.5
v 1.55482 6.13626 0.5
v 1.26467 4.93558 0.5
v 1.26467 4.93558 0.5
v 1.2026 4.9503 0.5
v 1.2026 4.9503 0.5
v 1.52614 5.01252 0.5
v 1.52614 5.01252 0.5
v 0.806 5.18578 0.5
v 3.30198 3.51764 0.5
v 1.63839 5.42451 0.5
v 1.01833 5.03232 0.5
v 1.59787 5.15724 0.5
v 1.59787 5.15724 0.5
v 1.63839 5.42451 0.5
v 0.92706 5.09158 0.5
v 1.63485 5.36396 0.5
v 1.63485 5.36396 0.5
v 1.11014 4.98468 0.5
v 0.74566 5.23829 0.5
v 1.47797 4.9656 0.5
v 1.47797 4.9656 0.5
v -1.29812 5.93444 0.5
v 1.5472 5.0425 0.5
v -0.03985 2.00526 0.5
v -1.11435 6.10006 0.5
v -1.25448 5.98071 0.5
v 1.33512 6.69428 0.5
v 1.33512 6.69428 0.5
v 1.29324 6.76342 0.5
v -0.24758 2.00546 0.5
v 1.29324 6.76342 0.5
v 1.47797 4.9656 0.5
v -0.24758 2.00546 0.5
v 0.67582 2.08343 0.5
v -0.32048 2.01599 0.5
v 0.67582 2.08343 0.5
v -0.32048 2.01599 0.5
v 1.50305 4.98685 0.5
v -1.29812 5.93444 0.5
v -0.03985 2.00526 0.5
v 1.45094 4.94888 0.5
v -1.34015 5.88501 0.5
v 0.79143 2.10593 0.5
v -1.34015 5.88501 0.5
v -0.1625 2.002 0.5
v 0.41433 5.56662 0.5
v 0.41433 5.56662 0.5
v -0.1625 2.002 0.5
v 0.79143 2.10593 0.5
v -0.13779 6.0825 0.5
v -1.06475 6.13317 0.5
v 0.79143 2.10593 0.5
v 0.565 5.41154 0.5
v 0.44134 2.04642 0.5
v 0.565 5.41154 0.5
v 0.38413 5.59806 0.5
v 0.44134 2.04642 0.5
v 0.38413 5.59806 0.5
v -1.06475 6.13317 0.5
v -0.16924 6.10455 0.5
v -1.01379 6.16287 0.5
v -0.17472 2.0019 0.5
v 0.55912 2.06359 0.5
v -0.17472 2.0019 0.5
v 1.13128 2.18902 0.5
v -0.0752 6.03534 0.5
v -1.01379 6.16287 0.5
v 0.6553 5.32243 0.5
v 0.6553 5.32243 0.5
v 0.55912 2.06359 0.5
v 0.55912 2.06359 0.5
v -0.24758 2.00546 0.5
v 0.23255 5.75406 0.5
v 0.23255 5.75406 0.5
v -1.89313 6.59264 0.5
v -1.89313 6.59264 0.5
v -1.52418 5.59255 0.5
v 1.13128 2.18902 0.5
v 1.13128 2.18902 0.5
v 0.62519 5.35166 0.5
v -0.10644 6.05941 0.5
v 0.62519 5.35166 0.5
v 1.1717 4.96019 0.5
v 0.5951 5.38139 0.5
v -1.61183 5.38275 0.5
v -1.41914 5.77693 0.5
v 0.5951 5.38139 0.5
v 0.20209 5.78459 0.5
v 0.20209 5.78459 0.5
v 1.24213 2.22181 0.5
v 1.39117 4.92948 0.5
v 1.24213 2.22181 0.5
v -0.26428 6.16381 0.5
v 0.32362 5.66089 0.5
v 0.32362 5.66089 0.5
v 1.3585 4.92701 0.5
v -1.5554 5.52536 0.5
v 1.5662 5.07669 0.5
v -1.20926 6.02377 0.5
v 0.08189 2.01137 0.5
v 0.08189 2.01137 0.5
v -1.20926 6.02377 0.5
v 1.422 4.9368 0.5
v -0.03985 2.00526 0.5
v 1.5831 5.11497 0.5
v -1.49103 5.65691 0.5
v -1.49103 5.65691 0.5
v -1.25448 5.98071 0.5
v 1.52614 5.01252 0.5
v 0.29331 5.69215 0.5
v 0.29331 5.69215 0.5
v -0.04406 6.01035 0.5
v 0.17158 5.81474 0.5
v 0.4445 5.53523 0.5
v 0.26296 5.72323 0.5
v 0.26296 5.72323 0.5
v 0.04883 5.93045 0.5
v 0.53489 5.44207 0.5
v 0.53489 5.44207 0.5
v 0.67582 2.08343 0.5
v 0.11035 5.8737 0.5
v 0.01795 5.95784 0.5
v 0.50478 5.4729 0.5
v 0.50478 5.4729 0.5
v 1.11014 4.98468 0.5
v 1.04886 5.01507 0.5
v 1.04886 5.01507 0.5
v 1.07947 4.99917 0.5
v -1.75221 4.19679 0.5
v 1.11014 4.98468 0.5
v 0.77581 5.21164 0.5
v -1.74083 4.08542 0.5
v 0.77581 5.21164 0.5
v 1.07947 4.99917 0.5
v 1.14088 4.97166 0.5
v 1.14088 4.97166 0.5
v 0.71552 5.26568 0.5
v 0.71552 5.26568 0.5
v 1.01919 2.15875 0.5
v -0.2962 6.18106 0.5
v 0.90589 2.13105 0.5
v 0.90589 2.13105 0.5
v 0.90589 2.13105 0.5
v 1.56695 2.33501 0.5
v 1.56695 2.33501 0.5
v -0.42522 6.23594 0.5
v 0.35389 5.62951 0.5
v 0.35389 5.62951 0.5
v 1.56695 2.33501 0.5
v -0.2008 6.12549 0.5
v 1.01919 2.15875 0.5
v 1.67253 2.37758 0.5
v 1.01919 2.15875 0.5
v 1.67253 2.37758 0.5
v 1.67253 2.37758 0.5
v -0.23248 6.14526 0.5
v 0.806 5.18578 0.5
v 0.806 5.18578 0.5
v 0.07963 5.90238 0.5
v 0.86645 5.13671 0.5
v 0.86645 5.13671 0.5
v 0.4445 5.53523 0.5
v 0.83621 5.16079 0.5
v 0.83621 5.16079 0.5
v 0.47465 5.50397 0.5
v 0.14099 5.84447 0.5
v -0.01301 5.98449 0.5
v 0.47465 5.50397 0.5
v -1.34015 5.88501 0.5
v 3.22659 3.43735 0.5
v -1.29812 5.93444 0.5
v -1.29812 5.93444 0.5
v 3.99271 4.51218 0.5
v -1.25448 5.98071 0.5
v -1.25448 5.98071 0.5
v 4.04207 4.61188 0.5
v 4.31904 5.34755 0.5
v 3.99271 4.51218 0.5
v 4.31904 5.34755 0.5
v -0.96153 6.18908 0.5
v -1.20926 6.02377 0.5
v -1.20926 6.02377 0.5
v 3.30198 3.51764 0.5
v 3.94101 4.41391 0.5
v 3.88699 4.31712 0.5
v -1.5554 5.52536 0.5
v -0.62323 6.26912 0.5
v -0.62323 6.26912 0.5
v -0.90802 6.21175 0.5
v -0.90802 6.21175 0.5
v -1.52418 5.59255 0.5
v 4.31904 5.34755 0.5
v 3.99271 4.51218 0.5
v 4.04207 4.61188 0.5
v -0.58983 6.26815 0.5
v -0.58983 6.26815 0.5
v 3.58329 3.85641 0.5
v 4.28704 5.23863 0.5
v 3.58329 3.85641 0.5
v -0.96153 6.18908 0.5
v -1.69918 5.06605 0.5
v 3.94101 4.41391 0.5
v 3.94101 4.41391 0.5
v 3.88699 4.31712 0.5
v -1.68066 5.14903 0.5
v -1.5554 5.52536 0.5
v -1.5554 5.52536 0.5
v -1.38051 5.8325 0.5
v -1.38051 5.8325 0.5
v -1.54984 3.33197 0.5
v 3.14926 3.35888 0.5
v -1.11435 6.10006 0.5
v -1.16254 6.06357 0.5
v -1.11435 6.10006 0.5
v -1.52418 5.59255 0.5
v -1.52418 5.59255 0.5
v -1.58463 5.45541 0.5
v -1.58463 5.45541 0.5
v -1.16254 6.06357 0.5
v -1.01379 6.16287 0.5
v -1.01379 6.16287 0.5
v 2.98884 3.20755 0.5
v 2.90583 3.13475 0.5
v -1.34015 5.88501 0.5
v 3.44674 3.68357 0.5
v 3.37537 3.59972 0.5
v 4.08904 4.713 0.5
v 4.08904 4.713 0.5
v 4.08904 4.713 0.5
v 4.34843 5.45765 0.5
v -0.45783 6.24582 0.5
v -0.45783 6.24582 0.5
v 4.21535 5.0245 0.5
v -1.456 5.71839 0.5
v 4.34843 5.45765 0.5
v 4.21535 5.0245 0.5
v 4.34843 5.45765 0.5
v 4.4206 5.79477 0.5
v -1.61183 5.38275 0.5
v -0.6825 6.26601 0.5
v -0.6825 6.26601 0.5
v 4.1336 4.81549 0.5
v 4.1336 4.81549 0.5
v -1.38051 5.8325 0.5
v 4.37517 5.56891 0.5
v -1.58463 5.45541 0.5
v 4.1336 4.81549 0.5
v 4.37517 5.56891 0.5
v 0.08189 2.01137 0.5
v -1.16254 6.06357 0.5
v 0.32252 2.03198 0.5
v -0.13779 6.0825 0.5
v -0.13779 6.0825 0.5
v 0.20269 2.02028 0.5
v -0.10644 6.05941 0.5
v -0.10644 6.05941 0.5
v -0.2962 6.18106 0.5
v -0.2962 6.18106 0.5
v -0.0752 6.03534 0.5
v -0.0752 6.03534 0.5
v -0.03985 2.00526 0.5
v -0.26428 6.16381 0.5
v -0.26428 6.16381 0.5
v -1.11435 6.10006 0.5
v -0.85331 6.23084 0.5
v -0.85331 6.23084 0.5
v 3.71136 4.03592 0.5
v -1.74073 4.80272 0.5
v 3.51606 3.76914 0.5
v -1.65989 5.2295 0.5
v 3.51606 3.76914 0.5
v 3.58329 3.85641 0.5
v 3.83068 4.22184 0.5
v 3.83068 4.22184 0.5
v 3.83068 4.22184 0.5
v -1.63693 5.30743 0.5
v 3.77213 4.1281 0.5
v 3.77213 4.1281 0.5
v 3.77213 4.1281 0.5
v 3.51606 3.76914 0.5
v 4.47829 6.25896 0.5
v -1.25448 5.98071 0.5
v 4.49003 6.49678 0.5
v 4.49003 6.49678 0.5
v 4.49003 6.49678 0.5
v -1.74974 4.71032 0.5
v -0.79745 6.24628 0.5
v -0.79745 6.24628 0.5
v 3.71136 4.03592 0.5
v -1.49103 5.65691 0.5
v 4.43921 5.9093 0.5
v 4.45506 6.02487 0.5
v 4.45506 6.02487 0.5
v 4.25247 5.13094 0.5
v 4.25247 5.13094 0.5
v 4.47829 6.25896 0.5
v 4.47829 6.25896 0.5
v -1.29812 5.93444 0.5
v 4.43921 5.9093 0.5
v -0.55659 6.26527 0.5
v 4.46809 6.14143 0.5
v -0.32825 6.19696 0.5
v 4.43921 5.9093 0.5
v -0.32825 6.19696 0.5
v 4.46809 6.14143 0.5
v 4.28704 5.23863 0.5
v -0.7405 6.25802 0.5
v 4.39924 5.68129 0.5
v 4.4206 5.79477 0.5
v -1.41914 5.77693 0.5
v 4.21535 5.0245 0.5
v -0.7405 6.25802 0.5
v -0.52351 6.26055 0.5
v 4.4206 5.79477 0.5
v -0.55659 6.26527 0.5
v 4.39924 5.68129 0.5
v 4.17572 4.91934 0.5
v 4.39924 5.68129 0.5
v 4.17572 4.91934 0.5
v 4.25247 5.13094 0.5
v -1.20926 6.02377 0.5
v -0.52351 6.26055 0.5
v 4.45506 6.02487 0.5
v -0.49059 6.25405 0.5
v -0.49059 6.25405 0.5
v 2.2755 2.68159 0.5
v 1.87947 2.46979 0.5
v 1.87947 2.46979 0.5
v 1.87947 2.46979 0.5
v 2.2755 2.68159 0.5
v -0.52351 6.26055 0.5
v 1.6216 5.76577 0.5
v 2.73437 2.99504 0.5
v 2.73437 2.99504 0.5
v 2.73437 2.99504 0.5
v 2.2755 2.68159 0.5
v 1.6216 5.76577 0.5
v -0.45783 6.24582 0.5
v 1.53138 6.22339 0.5
v 1.53138 6.22339 0.5
v 2.821 3.0639 0.5
v -0.96153 6.18908 0.5
v 2.821 3.0639 0.5
v 2.821 3.0639 0.5
v -1.01794 2.4533 0.5
v -0.7405 6.25802 0.5
v -1.7615 4.42001 0.5
v -1.7615 4.42001 0.5
v -1.14252 2.60115 0.5
v -1.70537 3.86432 0.5
v -1.76018 4.51891 0.5
v -1.76018 4.51891 0.5
v -0.9531 2.38588 0.5
v -1.7154 4.98064 0.5
v -1.7154 4.98064 0.5
v -1.75624 4.6157 0.5
v -1.75624 4.6157 0.5
v -0.75016 2.21242 0.5
v -1.08114 2.52513 0.5
v 3.44674 3.68357 0.5
v 3.22659 3.43735 0.5
v 3.44674 3.68357 0.5
v 3.30198 3.51764 0.5
v 1.63958 5.48839 0.5
v 1.63958 5.48839 0.5
v 1.61046 5.20338 0.5
v 0.98785 5.05087 0.5
v 3.30198 3.51764 0.5
v 3.22659 3.43735 0.5
v 1.61046 5.20338 0.5
v 0.95743 5.07064 0.5
v 3.22659 3.43735 0.5
v 1.98076 2.51937 0.5
v 2.08054 2.57122 0.5
v 1.35172 2.25709 0.5
v 1.59362 5.95527 0.5
v 1.59362 5.95527 0.5
v 2.08054 2.57122 0.5
v -0.36044 6.21145 0.5
v 1.98076 2.51937 0.5
v 1.46 2.29484 0.5
v 2.08054 2.57122 0.5
v 1.60897 5.86154 0.5
v 1.60897 5.86154 0.5
v -0.39276 6.22446 0.5
v 1.35172 2.25709 0.5
v 1.35172 2.25709 0.5
v 2.37059 2.74006 0.5
v 2.37059 2.74006 0.5
v -0.55659 6.26527 0.5
v -0.32825 6.19696 0.5
v 1.46 2.29484 0.5
v 1.46 2.29484 0.5
v 2.46406 2.80067 0.5
v 2.46406 2.80067 0.5
v 2.46406 2.80067 0.5
v 2.37059 2.74006 0.5
v 1.98076 2.51937 0.5
v 1.77672 2.42252 0.5
v 1.6315 5.66801 0.5
v 1.6315 5.66801 0.5
v 2.1788 2.6253 0.5
v 2.1788 2.6253 0.5
v -0.49059 6.25405 0.5
v 1.50528 6.30817 0.5
v 1.77672 2.42252 0.5
v 1.50528 6.30817 0.5
v -1.25923 2.7648 0.5
v -1.72927 4.89285 0.5
v -1.72927 4.89285 0.5
v -1.63693 5.30743 0.5
v -1.63693 5.30743 0.5
v -1.49103 5.65691 0.5
v -1.75916 4.30839 0.5
v -1.75916 4.30839 0.5
v -1.20193 2.68111 0.5
v -1.31425 2.85196 0.5
v -1.74073 4.80272 0.5
v -1.74073 4.80272 0.5
v -1.36685 2.94239 0.5
v -1.49103 5.65691 0.5
v -1.41914 5.77693 0.5
v -1.41914 5.77693 0.5
v -1.62274 3.54025 0.5
v -1.61183 5.38275 0.5
v -1.68159 3.75505 0.5
v -1.61183 5.38275 0.5
v -1.58797 3.43518 0.5
v -1.456 5.71839 0.5
v -1.456 5.71839 0.5
v -1.654 3.64695 0.5
v -0.88675 2.32311 0.5
v -1.72516 3.97452 0.5
v -1.72516 3.97452 0.5
v -0.68024 2.16498 0.5
v -1.70537 3.86432 0.5
v -1.74083 4.08542 0.5
v -1.74083 4.08542 0.5
v -1.69918 5.06605 0.5
v -1.46413 3.13206 0.5
v -1.50851 3.23085 0.5
v 0.07963 5.90238 0.5
v 0.07963 5.90238 0.5
v -1.75221 4.19679 0.5
v -1.75221 4.19679 0.5
v -0.81905 2.26521 0.5
v -1.65989 5.2295 0.5
v -1.65989 5.2295 0.5
v -1.69918 5.06605 0.5
v -1.74974 4.71032 0.5
v -1.74974 4.71032 0.5
v -1.41686 3.03583 0.5
v -1.68066 5.14903 0.5
v -1.68066 5.14903 0.5
v 2.08054 2.57122 0.5
v 2.08054 2.57122 0.5
v 1.77672 2.42252 0.5
v 1.77672 2.42252 0.5
v 2.46406 2.80067 0.5
v 2.08054 2.57122 0.5
v -0.03985 2.00526 0.5
v 3.51606 3.76914 0.5
v 3.77213 4.1281 0.5
v 1.46 2.29484 0.5
v 1.46 2.29484 0.5
v 1.98076 2.51937 0.5
v 1.98076 2.51937 0.5
v 3.83068 4.22184 0.5
v 3.58329 3.85641 0.5
v 0.08189 2.01137 0.5
v 0.08189 2.01137 0.5
v 2.73437 2.99504 0.5
v 1.77672 2.42252 0.5
v -0.03985 2.00526 0.5
v 2.2755 2.68159 0.5
v 1.87947 2.46979 0.5
v 1.01919 2.15875 0.5
v 1.01919 2.15875 0.5
v 2.2755 2.68159 0.5
v 2.2755 2.68159 0.5
v 2.73437 2.99504 0.5
v 2.73437 2.99504 0.5
v 4.04207 4.61188 0.5
v 3.94101 4.41391 0.5
v 1.35172 2.25709 0.5
v 1.35172 2.25709 0.5
v 3.88699 4.31712 0.5
v 3.99271 4.51218 0.5
v 4.1336 4.81549 0.5
v 1.56695 2.33501 0.5
v 1.56695 2.33501 0.5
v 1.67253 2.37758 0.5
v 1.67253 2.37758 0.5
v 0.32252 2.03198 0.5
v 2.37059 2.74006 0.5
v 0.32252 2.03198 0.5
v 1.46 2.29484 0.5
v 0.20269 2.02028 0.5
v 0.20269 2.02028 0.5
v 1.98076 2.51937 0.5
v -0.24758 2.00546 0.5
v -0.24758 2.00546 0.5
v 1.67253 2.37758 0.5
v -0.32048 2.01599 0.5
v 1.35172 2.25709 0.5
v -1.36685 2.94239 0.5
v -0.75016 2.21242 0.5
v -0.75016 2.21242 0.5
v -1.36685 2.94239 0.5
v -0.81905 2.26521 0.5
v 0.67582 2.08343 0.5
v -1.31425 2.85196 0.5
v -1.31425 2.85196 0.5
v -0.68024 2.16498 0.5
v -0.68024 2.16498 0.5
v -1.25923 2.7648 0.5
v -1.14252 2.60115 0.5
v -1.20193 2.68111 0.5
v -1.20193 2.68111 0.5
v -1.08114 2.52513 0.5
v -1.08114 2.52513 0.5
v -1.06475 6.13317 0.5
v -1.06475 6.13317 0.5
v 3.07 3.28227 0.5
v 2.55587 2.86339 0.5
v 2.1788 2.6253 0.5
v 2.821 3.0639 0.5
v 2.64599 2.92819 0.5
v 1.01919 2.15875 0.5
v -0.32048 2.01599 0.5
v -0.1625 2.002 0.5
v -0.1625 2.002 0.5
v 1.56695 2.33501 0.5
v 1.24213 2.22181 0.5
v -0.60943 2.1231 0.5
v -0.60943 2.1231 0.5
v -0.17472 2.0019 0.5
v 0.90589 2.13105 0.5
v -0.17472 2.0019 0.5
v -0.5379 2.08704 0.5
v -0.5379 2.08704 0.5
v -0.1625 2.002 0.5
v -0.01301 5.98449 0.5
v -0.01301 5.98449 0.5
v 0.11035 5.8737 0.5
v 0.01795 5.95784 0.5
v 0.01795 5.95784 0.5
v -0.17472 2.0019 0.5
v 0.11035 5.8737 0.5
v 0.04883 5.93045 0.5
v 0.04883 5.93045 0.5
v -0.24758 2.00546 0.5
v -0.16924 6.10455 0.5
v -0.16924 6.10455 0.5
v -0.32048 2.01599 0.5
v 4.25247 5.13094 0.5
v 3.22659 3.43735 0.5
v 4.37517 5.56891 0.5
v 3.44674 3.68357 0.5
v 3.44674 3.68357 0.5
v 3.37537 3.59972 0.5
v 3.37537 3.59972 0.5
v 4.31904 5.34755 0.5
v 3.22659 3.43735 0.5
v -0.36044 6.21145 0.5
v -0.36044 6.21145 0.5
v -0.23248 6.14526 0.5
v -1.06475 6.13317 0.5
v -0.23248 6.14526 0.5
v -0.42522 6.23594 0.5
v -0.42522 6.23594 0.5
v -1.01379 6.16287 0.5
v -0.2008 6.12549 0.5
v 3.6484 3.94535 0.5
v 3.71136 4.03592 0.5
v -0.39276 6.22446 0.5
v -0.39276 6.22446 0.5
v -0.2008 6.12549 0.5
v -1.34015 5.88501 0.5
v -0.04406 6.01035 0.5
v 0.14099 5.84447 0.5
v 0.14099 5.84447 0.5
v -0.39327 2.03325 0.5
v 3.6484 3.94535 0.5
v -0.46579 2.05701 0.5
v -0.5379 2.08704 0.5
v 0.17158 5.81474 0.5
v 0.17158 5.81474 0.5
v -0.04406 6.01035 0.5
v -0.60943 2.1231 0.5
v 2.90583 3.13475 0.5
v 2.90583 3.13475 0.5
v 4.34843 5.45765 0.5
v 2.98884 3.20755 0.5
v 2.98884 3.20755 0.5
v 3.71136 4.03592 0.5
v 4.45506 6.02487 0.5
v 3.07 3.28227 0.5
v 3.07 3.28227 0.5
v 4.39924 5.68129 0.5
v 3.14926 3.35888 0.5
v 3.14926 3.35888 0.5
v 4.4206 5.79477 0.5
v 2.37059 2.74006 0.5
v 2.37059 2.74006 0.5
v 2.1788 2.6253 0.5
v 2.1788 2.6253 0.5
v 2.46406 2.80067 0.5
v 2.46406 2.80067 0.5
v 1.87947 2.46979 0.5
v 1.87947 2.46979 0.5
v 3.6484 3.94535 0.5
v 4.21535 5.0245 0.5
v 4.08904 4.713 0.5
v 2.55587 2.86339 0.5
v 4.28704 5.23863 0.5
v 3.30198 3.51764 0.5
v 3.30198 3.51764 0.5
v 4.17572 4.91934 0.5
v 4.47829 6.25896 0.5
v 4.43921 5.9093 0.5
v 4.49003 6.49678 0.5
v 2.55587 2.86339 0.5
v 2.64599 2.92819 0.5
v 2.64599 2.92819 0.5
v 2.821 3.0639 0.5
v 2.821 3.0639 0.5
v 4.46809 6.14143 0.5
v 4.47829 6.25896 0.5
v 4.46809 6.14143 0.5
v 4.46809 6.14143 0.5
v 4.49003 6.49678 0.5
v 4.49003 6.49678 0.5
v 0.79143 2.10593 0.5
v 0.79143 2.10593 0.5
v 0.67582 2.08343 0.5
v 4.48561 6.37742 0.5
v 0.67582 2.08343 0.5
v 4.48561 6.37742 0.5
v 4.04207 4.61188 0.5
v 4.04207 4.61188 0.5
v 3.99271 4.51218 0.5
v 3.99271 4.51218 0.5
v 4.1336 4.81549 0.5
v 4.21535 5.0245 0.5
v 4.21535 5.0245 0.5
v 4.1336 4.81549 0.5
v 4.08904 4.713 0.5
v 4.08904 4.713 0.5
v 4.17572 4.91934 0.5
v 0.90589 2.13105 0.5
v 4.39924 5.68129 0.5
v 4.39924 5.68129 0.5
v 0.90589 2.13105 0.5
v 1.24213 2.22181 0.5
v 1.24213 2.22181 0.5
v 4.45506 6.02487 0.5
v 4.45506 6.02487 0.5
v 4.43921 5.9093 0.5
v 0.55912 2.06359 0.5
v 0.55912 2.06359 0.5
v 1.13128 2.18902 0.5
v 1.13128 2.18902 0.5
v 4.43921 5.9093 0.5
v 0.44134 2.04642 0.5
v 0.44134 2.04642 0.5
v 4.47829 6.25896 0.5
v -1.01794 2.4533 0.5
v -1.01794 2.4533 0.5
v -0.9531 2.38588 0.5
v -0.9531 2.38588 0.5
v -1.25923 2.7648 0.5
v -1.54984 3.33197 0.5
v -1.54984 3.33197 0.5
v -1.50851 3.23085 0.5
v -1.50851 3.23085 0.5
v -1.41686 3.03583 0.5
v -1.41686 3.03583 0.5
v -0.39327 2.03325 0.5
v -0.39327 2.03325 0.5
v 0.55912 2.06359 0.5
v -0.46579 2.05701 0.5
v -0.46579 2.05701 0.5
v -1.58797 3.43518 0.5
v -1.58797 3.43518 0.5
v 4.48561 6.37742 0.5
v 1.13128 2.18902 0.5
v 0.79143 2.10593 0.5
v -0.88675 2.32311 0.5
v -0.88675 2.32311 0.5
v -0.81905 2.26521 0.5
v 0.44134 2.04642 0.5
v -1.14252 2.60115 0.5
v -1.46413 3.13206 0.5
v -1.46413 3.13206 0.5
v -1.68159 3.75505 0.5
v -1.68159 3.75505 0.5
v -1.62274 3.54025 0.5
v -1.62274 3.54025 0.5
v -1.654 3.64695 0.5
v -1.654 3.64695 0.5
v 3.6484 3.94535 0.5
v 3.6484 3.94535 0.5
v 3.51606 3.76914 0.5
v 3.51606 3.76914 0.5
v 3.71136 4.03592 0.5
v 3.71136 4.03592 0.5
v 3.58329 3.85641 0.5
v 3.58329 3.85641 0.5
v 4.28704 5.23863 0.5
v 4.28704 5.23863 0.5
v 4.17572 4.91934 0.5
v 4.25247 5.13094 0.5
v 4.25247 5.13094 0.5
v 4.31904 5.34755 0.5
v 4.31904 5.34755 0.5
v 3.83068 4.22184 0.5
v 3.83068 4.22184 0.5
v 3.77213 4.1281 0.5
v 3.77213 4.1281 0.5
v 3.94101 4.41391 0.5
v 3.94101 4.41391 0.5
v 3.88699 4.31712 0.5
v 3.88699 4.31712 0.5
v 4.37517 5.56891 0.5
v 4.37517 5.56891 0.5
v 4.34843 5.45765 0.5
v 4.34843 5.45765 0.5
v 4.4206 5.79477 0.5
v 4.4206 5.79477 0.5

# Vertex Texture Coordinates:
vt 0.47371 0.3535 
vt 0.47469 0.36781 
vt 0.47391 0.35831 
vt 0.47391 0.35831 
vt 0.47371 0.3535 
vt 0.47528 0.37251 
vt 0.47423 0.36307 
vt 0.47364 0.34867 
vt 0.47364 0.34867 
vt 0.47423 0.36307 
vt 0.47371 0.3535 
vt 0.47364 0.34867 
vt 0.47469 0.36781 
vt 0.486 0.41295 
vt 0.47469 0.36781 
vt 0.94731 0.47392 
vt 0.94731 0.47392 
vt 0.94731 0.47855 
vt 0.48777 0.41721 
vt 0.48777 0.41721 
vt 0.94731 0.47855 
vt 0.94731 0.4832 
vt 0.486 0.41295 
vt 0.486 0.41295 
vt 0.48965 0.42142 
vt 0.94731 0.46467 
vt 0.94731 0.46467 
vt 0.94731 0.46929 
vt 0.94731 0.46929 
vt 0.48777 0.41721 
vt 0.48137 0.39987 
vt 0.94731 0.52569 
vt 0.94731 0.52569 
vt 0.47528 0.37251 
vt 0.94731 0.52088 
vt 0.47528 0.37251 
vt 0.94731 0.52088 
vt 0.47423 0.36307 
vt 0.47599 0.37717 
vt 0.94731 0.53052 
vt 0.47778 0.38637 
vt 0.94731 0.49252 
vt 0.94731 0.49252 
vt 0.4828 0.40427 
vt 0.4828 0.40427 
vt 0.48965 0.42142 
vt 0.48137 0.39987 
vt 0.48137 0.39987 
vt 0.94731 0.4832 
vt 0.48005 0.39541 
vt 0.48005 0.39541 
vt 0.94731 0.5019 
vt 0.94731 0.48785 
vt 0.48434 0.40863 
vt 0.94731 0.48785 
vt 0.48434 0.40863 
vt 0.48434 0.40863 
vt 0.94731 0.4972 
vt 0.94731 0.4972 
vt 0.49374 0.42968 
vt 0.49374 0.42968 
vt 0.94731 0.40002 
vt 0.94731 0.40002 
vt 0.51714 0.46393 
vt 0.53691 0.48373 
vt 0.52664 0.47416 
vt 0.52664 0.47416 
vt 0.94731 0.40466 
vt 0.52998 0.47742 
vt 0.53341 0.48062 
vt 0.52338 0.47082 
vt 0.94731 0.3907 
vt 0.94731 0.3907 
vt 0.53691 0.48373 
vt 0.53691 0.48373 
vt 0.54418 0.48973 
vt 0.94731 0.39536 
vt 0.53341 0.48062 
vt 0.52998 0.47742 
vt 0.94731 0.39536 
vt 0.52998 0.47742 
vt 0.49824 0.43772 
vt 0.94731 0.43241 
vt 0.94731 0.43241 
vt 0.50576 0.44933 
vt 0.94731 0.45545 
vt 0.94731 0.45084 
vt 0.49824 0.43772 
vt 0.94731 0.45084 
vt 0.94731 0.45545 
vt 0.49164 0.42558 
vt 0.94731 0.46006 
vt 0.94731 0.46006 
vt 0.49164 0.42558 
vt 0.49164 0.42558 
vt 0.50315 0.44552 
vt 0.49594 0.43373 
vt 0.94731 0.44623 
vt 0.49594 0.43373 
vt 0.49594 0.43373 
vt 0.94731 0.44623 
vt 0.52338 0.47082 
vt 0.94731 0.50661 
vt 0.94731 0.50661 
vt 0.47778 0.38637 
vt 0.47886 0.39091 
vt 0.94731 0.5019 
vt 0.48005 0.39541 
vt 0.47778 0.38637 
vt 0.94731 0.5161 
vt 0.47599 0.37717 
vt 0.47886 0.39091 
vt 0.47599 0.37717 
vt 0.94731 0.5161 
vt 0.47886 0.39091 
vt 0.47682 0.38179 
vt 0.47682 0.38179 
vt 0.94731 0.51135 
vt 0.94731 0.51135 
vt 0.53341 0.48062 
vt 0.54051 0.48677 
vt 0.94731 0.41393 
vt 0.52022 0.46741 
vt 0.94731 0.41393 
vt 0.94731 0.41856 
vt 0.52022 0.46741 
vt 0.94731 0.41856 
vt 0.51415 0.46038 
vt 0.51415 0.46038 
vt 0.51714 0.46393 
vt 0.94731 0.40466 
vt 0.51126 0.45676 
vt 0.51126 0.45676 
vt 0.52338 0.47082 
vt 0.52022 0.46741 
vt 0.94731 0.4093 
vt 0.51714 0.46393 
vt 0.94731 0.4093 
vt 0.94731 0.37194 
vt 0.94731 0.37194 
vt 0.54793 0.49261 
vt 0.94731 0.36723 
vt 0.57624 0.51042 
vt 0.94731 0.36723 
vt 0.55963 0.50076 
vt 0.54793 0.49261 
vt 0.54793 0.49261 
vt 0.54051 0.48677 
vt 0.94731 0.38134 
vt 0.94731 0.38603 
vt 0.94731 0.38134 
vt 0.94731 0.38603 
vt 0.54051 0.48677 
vt 0.54418 0.48973 
vt 0.94731 0.37665 
vt 0.94731 0.37665 
vt 0.55963 0.50076 
vt 0.55963 0.50076 
vt 0.62217 0.52796 
vt 0.71014 0.53281 
vt 0.71014 0.53281 
vt 0.94731 0.32902 
vt 0.61733 0.52666 
vt 0.61733 0.52666 
vt 0.62707 0.52915 
vt 0.62707 0.52915 
vt 0.70491 0.53347 
vt 0.60311 0.52213 
vt 0.60311 0.52213 
vt 0.94731 0.32417 
vt 0.58495 0.5147 
vt 0.94731 0.32417 
vt 0.70491 0.53347 
vt 0.94731 0.33866 
vt 0.94731 0.33866 
vt 0.94731 0.5161 
vt 0.60779 0.52374 
vt 0.5894 0.5167 
vt 0.58495 0.5147 
vt 0.69965 0.53402 
vt 0.5894 0.5167 
vt 0.94731 0.33384 
vt 0.61733 0.52666 
vt 0.60779 0.52374 
vt 0.94731 0.52088 
vt 0.94731 0.33384 
vt 0.57624 0.51042 
vt 0.58056 0.51261 
vt 0.59848 0.52042 
vt 0.94731 0.34824 
vt 0.94731 0.34345 
vt 0.50846 0.45308 
vt 0.94731 0.34345 
vt 0.50315 0.44552 
vt 0.94731 0.43701 
vt 0.94731 0.43701 
vt 0.60779 0.52374 
vt 0.50315 0.44552 
vt 0.58056 0.51261 
vt 0.50576 0.44933 
vt 0.94731 0.44162 
vt 0.5678 0.50577 
vt 0.59848 0.52042 
vt 0.50065 0.44165 
vt 0.49824 0.43772 
vt 0.94731 0.44162 
vt 0.49374 0.42968 
vt 0.94731 0.42318 
vt 0.94731 0.42318 
vt 0.50846 0.45308 
vt 0.60311 0.52213 
vt 0.59848 0.52042 
vt 0.5678 0.50577 
vt 0.50065 0.44165 
vt 0.94731 0.42779 
vt 0.57199 0.50814 
vt 0.57199 0.50814 
vt 0.59391 0.51861 
vt 0.50846 0.45308 
vt 0.71536 0.53203 
vt 0.51415 0.46038 
vt 0.94731 0.42779 
vt 0.94731 0.32902 
vt 0.94731 0.353 
vt 0.61253 0.52525 
vt 0.61253 0.52525 
vt 0.61253 0.52525 
vt 0.50576 0.44933 
vt 0.94731 0.34824 
vt 0.94731 0.50661 
vt 0.94731 0.30953 
vt 0.94731 0.52569 
vt 0.72056 0.53114 
vt 0.72056 0.53114 
vt 0.64204 0.53209 
vt 0.72573 0.53013 
vt 0.64712 0.53285 
vt 0.72573 0.53013 
vt 0.64712 0.53285 
vt 0.94731 0.30953 
vt 0.65741 0.53403 
vt 0.94731 0.51135 
vt 0.64204 0.53209 
vt 0.72573 0.53013 
vt 0.53784 0.90687 
vt 0.62217 0.52796 
vt 0.71536 0.53203 
vt 0.71536 0.53203 
vt 0.62217 0.52796 
vt 0.637 0.53122 
vt 0.94731 0.30462 
vt 0.94731 0.30462 
vt 0.637 0.53122 
vt 0.63201 0.53024 
vt 0.63201 0.53024 
vt 0.94731 0.4972 
vt 0.64204 0.53209 
vt 0.62707 0.52915 
vt 0.94731 0.31931 
vt 0.94731 0.31931 
vt 0.94731 0.31443 
vt 0.94731 0.5019 
vt 0.637 0.53122 
vt 0.76621 0.51798 
vt 0.76621 0.51798 
vt 0.66262 0.53445 
vt 0.76621 0.51798 
vt 0.74111 0.52641 
vt 0.94731 0.31443 
vt 0.94731 0.23873 
vt 0.79053 0.50684 
vt 0.69965 0.53402 
vt 0.79529 0.50429 
vt 0.81395 0.49309 
vt 0.81395 0.49309 
vt 0.94731 0.23873 
vt 0.94731 0.44623 
vt 0.81395 0.49309 
vt 0.94731 0.25944 
vt 0.94731 0.25944 
vt 0.68908 0.53474 
vt 0.68908 0.53474 
vt 0.79529 0.50429 
vt 0.80002 0.50165 
vt 0.68908 0.53474 
vt 0.80002 0.50165 
vt 0.94731 0.26455 
vt 0.69437 0.53444 
vt 0.79053 0.50684 
vt 0.94731 0.2543 
vt 0.94731 0.2543 
vt 0.8047 0.4989 
vt 0.94731 0.45545 
vt 0.94731 0.24914 
vt 0.78091 0.51161 
vt 0.78091 0.51161 
vt 0.8047 0.4989 
vt 0.74619 0.52495 
vt 0.74619 0.52495 
vt 0.64712 0.53285 
vt 0.94731 0.45084 
vt 0.68377 0.53493 
vt 0.68377 0.53493 
vt 0.94731 0.2747 
vt 0.79529 0.50429 
vt 0.94731 0.26455 
vt 0.69437 0.53444 
vt 0.69437 0.53444 
vt 0.94731 0.2747 
vt 0.94731 0.46467 
vt 0.77114 0.51596 
vt 0.77114 0.51596 
vt 0.94731 0.26964 
vt 0.78574 0.50928 
vt 0.78574 0.50928 
vt 0.94731 0.46006 
vt 0.67845 0.53499 
vt 0.67845 0.53499 
vt 0.77604 0.51384 
vt 0.77604 0.51384 
vt 0.67314 0.53493 
vt 0.67314 0.53493 
vt 0.94731 0.26964 
vt 0.77604 0.51384 
vt 0.66786 0.53475 
vt 0.94731 0.47392 
vt 0.66786 0.53475 
vt 0.94731 0.28476 
vt 0.94731 0.28476 
vt 0.76125 0.51988 
vt 0.76125 0.51988 
vt 0.67314 0.53493 
vt 0.94731 0.24395 
vt 0.94731 0.24914 
vt 0.94731 0.24395 
vt 0.94731 0.46929 
vt 0.94731 0.27974 
vt 0.80935 0.49604 
vt 0.69965 0.53402 
vt 0.80935 0.49604 
vt 0.94731 0.27974 
vt 0.5894 0.5167 
vt 0.94731 0.353 
vt 0.56368 0.50331 
vt 0.57624 0.51042 
vt 0.59391 0.51861 
vt 0.56368 0.50331 
vt 0.56368 0.50331 
vt 0.55175 0.49541 
vt 0.55175 0.49541 
vt 0.55175 0.49541 
vt 0.58056 0.51261 
vt 0.55565 0.49813 
vt 0.94731 0.3625 
vt 0.94731 0.3625 
vt 0.55565 0.49813 
vt 0.55565 0.49813 
vt 0.94731 0.35776 
vt 0.58495 0.5147 
vt 0.57199 0.50814 
vt 0.94731 0.35776 
vt 0.68377 0.53493 
vt 0.78574 0.50928 
vt 0.83195 0.48029 
vt 0.82752 0.48364 
vt 0.94731 0.43241 
vt 0.82752 0.48364 
vt 0.83634 0.47685 
vt 0.94731 0.21756 
vt 0.94731 0.21756 
vt 0.84068 0.47331 
vt 0.94731 0.23347 
vt 0.83195 0.48029 
vt 0.94731 0.42779 
vt 0.84068 0.47331 
vt 0.84068 0.47331 
vt 0.83195 0.48029 
vt 0.94731 0.22819 
vt 0.94731 0.23347 
vt 0.94731 0.44162 
vt 0.81852 0.49004 
vt 0.81852 0.49004 
vt 0.85758 0.45821 
vt 0.82304 0.48689 
vt 0.94731 0.43701 
vt 0.82304 0.48689 
vt 0.85758 0.45821 
vt 0.8047 0.4989 
vt 0.82304 0.48689 
vt 0.94731 0.22819 
vt 0.94731 0.37665 
vt 0.88513 0.42829 
vt 0.88513 0.42829 
vt 0.94731 0.15416 
vt 0.94731 0.15416 
vt 0.88513 0.42829 
vt 0.94731 0.37194 
vt 0.94731 0.3907 
vt 0.88884 0.42366 
vt 0.94731 0.17 
vt 0.94731 0.17 
vt 0.86971 0.44592 
vt 0.86971 0.44592 
vt 0.86971 0.44592 
vt 0.87753 0.43728 
vt 0.87753 0.43728 
vt 0.88884 0.42366 
vt 0.94731 0.16472 
vt 0.94731 0.16472 
vt 0.88136 0.43283 
vt 0.94731 0.38603 
vt 0.87753 0.43728 
vt 0.94731 0.38134 
vt 0.88136 0.43283 
vt 0.94731 0.18054 
vt 0.94731 0.18054 
vt 0.86167 0.4542 
vt 0.86167 0.4542 
vt 0.94731 0.39536 
vt 0.94731 0.17527 
vt 0.94731 0.17527 
vt 0.94731 0.19109 
vt 0.94731 0.19109 
vt 0.86572 0.45011 
vt 0.85343 0.46212 
vt 0.87365 0.44164 
vt 0.87365 0.44164 
vt 0.94731 0.40466 
vt 0.86572 0.45011 
vt 0.85343 0.46212 
vt 0.86572 0.45011 
vt 0.89609 0.41416 
vt 0.89609 0.41416 
vt 0.94731 0.18581 
vt 0.94731 0.18581 
vt 0.65741 0.53403 
vt 0.94731 0.4832 
vt 0.65741 0.53403 
vt 0.75124 0.52337 
vt 0.75124 0.52337 
vt 0.74619 0.52495 
vt 0.94731 0.29473 
vt 0.66786 0.53475 
vt 0.94731 0.29473 
vt 0.94731 0.47855 
vt 0.66262 0.53445 
vt 0.66262 0.53445 
vt 0.65225 0.5335 
vt 0.73088 0.529 
vt 0.65225 0.5335 
vt 0.73088 0.529 
vt 0.75626 0.52168 
vt 0.75626 0.52168 
vt 0.94731 0.28976 
vt 0.94731 0.28976 
vt 0.94731 0.49252 
vt 0.75626 0.52168 
vt 0.73601 0.52776 
vt 0.74111 0.52641 
vt 0.73601 0.52776 
vt 0.73601 0.52776 
vt 0.65225 0.5335 
vt 0.94731 0.48785 
vt 0.94731 0.40002 
vt 0.94731 0.29969 
vt 0.94731 0.29969 
vt 0.89962 0.40928 
vt 0.89962 0.40928 
vt 0.94731 0.35776 
vt 0.89962 0.40928 
vt 0.94731 0.353 
vt 0.89249 0.41895 
vt 0.90309 0.40432 
vt 0.90309 0.40432 
vt 0.94731 0.14887 
vt 0.94731 0.14887 
vt 0.94731 0.36723 
vt 0.89249 0.41895 
vt 0.89249 0.41895 
vt 0.94731 0.14357 
vt 0.94731 0.14357 
vt 0.90309 0.40432 
vt 0.94731 0.3625 
vt 0.94731 0.15944 
vt 0.94731 0.15944 
vt 0.94731 0.32417 
vt 0.94731 0.07902 
vt 0.93542 0.32711 
vt 0.94731 0.31931 
vt 0.94206 0.33271 
vt 0.94731 0.09538 
vt 0.94731 0.09538 
vt 0.94206 0.33271 
vt 0.94455 0.32668 
vt 0.94731 0.08995 
vt 0.94731 0.08995 
vt 0.94455 0.32668 
vt 0.94455 0.32668 
vt 0.94731 0.10619 
vt 0.94731 0.10619 
vt 0.93685 0.34455 
vt 0.94731 0.10079 
vt 0.93134 0.35611 
vt 0.93949 0.33867 
vt 0.93949 0.33867 
vt 0.94731 0.10079 
vt 0.93949 0.33867 
vt 0.53784 0.90687 
vt 0.94731 0.11694 
vt 0.94731 0.11694 
vt 0.93685 0.34455 
vt 0.93685 0.34455 
vt 0.91946 0.37831 
vt 0.94731 0.12763 
vt 0.92554 0.36736 
vt 0.94731 0.11157 
vt 0.94731 0.11157 
vt 0.94731 0.12229 
vt 0.93134 0.35611 
vt 0.92554 0.36736 
vt 0.92554 0.36736 
vt 0.91946 0.37831 
vt 0.94731 0.12763 
vt 0.93134 0.35611 
vt 0.93542 0.32711 
vt 0.92253 0.37288 
vt 0.93542 0.32711 
vt 0.92847 0.36177 
vt 0.94731 0.32902 
vt 0.93413 0.35037 
vt 0.92847 0.36177 
vt 0.94731 0.12229 
vt 0.93413 0.35037 
vt 0.84923 0.46595 
vt 0.94731 0.20165 
vt 0.94731 0.21224 
vt 0.94731 0.21224 
vt 0.94731 0.19637 
vt 0.94731 0.41856 
vt 0.94731 0.19637 
vt 0.85758 0.45821 
vt 0.83634 0.47685 
vt 0.84923 0.46595 
vt 0.94731 0.20694 
vt 0.94731 0.20694 
vt 0.94731 0.41393 
vt 0.94731 0.20165 
vt 0.94731 0.4093 
vt 0.94731 0.22288 
vt 0.94731 0.22288 
vt 0.94731 0.42318 
vt 0.84498 0.46967 
vt 0.84498 0.46967 
vt 0.84923 0.46595 
vt 0.94731 0.29969 
vt 0.94731 0.06802 
vt 0.94697 0.32059 
vt 0.92982 0.33615 
vt 0.94731 0.06802 
vt 0.94731 0.30462 
vt 0.94731 0.07353 
vt 0.94731 0.07353 
vt 0.9408 0.31785 
vt 0.9408 0.31785 
vt 0.92982 0.33615 
vt 0.93542 0.32711 
vt 0.94731 0.08449 
vt 0.92982 0.33615 
vt 0.94731 0.08449 
vt 0.94731 0.30953 
vt 0.91798 0.35353 
vt 0.94731 0.07902 
vt 0.90535 0.36996 
vt 0.91798 0.35353 
vt 0.94731 0.31443 
vt 0.94731 0.24395 
vt 0.01174 0.53532 
vt 0.01174 0.53532 
vt 0.94731 0.00581 
vt 0.94731 0.00581 
vt 0.91798 0.35353 
vt 0.00587 0.53532 
vt 0.8779 0.39981 
vt 0.94731 0.24914 
vt 0.8779 0.39981 
vt 0.94731 0.01736 
vt 0.94731 0.01736 
vt 0.8779 0.39981 
vt 0.94731 0.2543 
vt 0.88501 0.39274 
vt 0.88501 0.39274 
vt 0.94731 0 
vt 0.00003 0.53532 
vt 0.88501 0.39274 
vt 0.94731 0.25944 
vt 0.94731 0.02309 
vt 0.94731 0.02309 
vt 0.94731 0.0116 
vt 0.94731 0.0116 
vt 0.89196 0.3854 
vt 0.89196 0.3854 
vt 0.89196 0.3854 
vt 0.94731 0.26455 
vt 0.89196 0.3854 
vt 0.85563 0.41942 
vt 0.85563 0.41942 
vt 0.94731 0.02879 
vt 0.94731 0.02879 
vt 0.89874 0.37781 
vt 0.94731 0.26964 
vt 0.89874 0.37781 
vt 0.89874 0.37781 
vt 0.8779 0.39981 
vt 0.89874 0.37781 
vt 0.94731 0.03447 
vt 0.94731 0.03447 
vt 0.90535 0.36996 
vt 0.90535 0.36996 
vt 0.90535 0.36996 
vt 0.91798 0.35353 
vt 0.85563 0.41942 
vt 0.94731 0.04012 
vt 0.94731 0.04012 
vt 0.94731 0.2747 
vt 0.94731 0.13295 
vt 0.94731 0.13295 
vt 0.92253 0.37288 
vt 0.92253 0.37288 
vt 0.91311 0.38895 
vt 0.94731 0.34345 
vt 0.94731 0.13827 
vt 0.91311 0.38895 
vt 0.91632 0.38367 
vt 0.91632 0.38367 
vt 0.91632 0.38367 
vt 0.94731 0.33866 
vt 0.94731 0.33384 
vt 0.94731 0.34824 
vt 0.90649 0.39928 
vt 0.90649 0.39928 
vt 0.90983 0.39416 
vt 0.94731 0.13827 
vt 0.90983 0.39416 
vt 0.90983 0.39416 
vt 0.94731 0.21756 
vt 0.01764 0.53532 
vt 0.8401 0.43111 
vt 0.8401 0.43111 
vt 0.83215 0.43652 
vt 0.82408 0.44164 
vt 0.03552 0.53532 
vt 0.03552 0.53532 
vt 0.94731 0.22819 
vt 0.85563 0.41942 
vt 0.94731 0.23347 
vt 0.00587 0.53532 
vt 0.8401 0.43111 
vt 0.01764 0.53532 
vt 0.8401 0.43111 
vt 0.02357 0.53532 
vt 0.02357 0.53532 
vt 0.94731 0.23873 
vt 0.1099 0.53532 
vt 0.79081 0.45909 
vt 0.79081 0.45909 
vt 0.94731 0.16472 
vt 0.79081 0.45909 
vt 0.8159 0.44646 
vt 0.94731 0.17 
vt 0.79926 0.45519 
vt 0.79926 0.45519 
vt 0.10352 0.53532 
vt 0.79926 0.45519 
vt 0.8159 0.44646 
vt 0.8159 0.44646 
vt 0.80763 0.45098 
vt 0.80763 0.45098 
vt 0.09718 0.53532 
vt 0.80763 0.45098 
vt 0.09718 0.53532 
vt 0.94731 0.17527 
vt 0.09086 0.53532 
vt 0.09086 0.53532 
vt 0.8159 0.44646 
vt 0.94731 0.18054 
vt 0.80763 0.45098 
vt 0.08458 0.53532 
vt 0.08458 0.53532 
vt 0.79081 0.45909 
vt 0.78228 0.46268 
vt 0.78228 0.46268 
vt 0.94731 0.19109 
vt 0.07834 0.53532 
vt 0.07834 0.53532 
vt 0.94731 0.18581 
vt 0.07212 0.53532 
vt 0.07212 0.53532 
vt 0.76501 0.46889 
vt 0.76501 0.46889 
vt 0.79926 0.45519 
vt 0.10352 0.53532 
vt 0.06594 0.53532 
vt 0.06594 0.53532 
vt 0.94731 0.20165 
vt 0.76501 0.46889 
vt 0.76501 0.46889 
vt 0.94731 0.04575 
vt 0.94731 0.27974 
vt 0.94731 0.04575 
vt 0.94731 0.05135 
vt 0.94731 0.05135 
vt 0.94731 0.28476 
vt 0.91176 0.36187 
vt 0.92401 0.34496 
vt 0.94731 0.28976 
vt 0.94731 0.05693 
vt 0.94731 0.05693 
vt 0.91176 0.36187 
vt 0.92401 0.34496 
vt 0.94731 0.29473 
vt 0.92401 0.34496 
vt 0.91176 0.36187 
vt 0.92401 0.34496 
vt 0.94731 0.06249 
vt 0.94731 0.06249 
vt 0.74751 0.47378 
vt 0.72983 0.47731 
vt 0.74751 0.47378 
vt 0.74751 0.47378 
vt 0.94731 0.14357 
vt 0.74751 0.47378 
vt 0.14909 0.53532 
vt 0.94731 0.14887 
vt 0.72095 0.47856 
vt 0.72095 0.47856 
vt 0.72095 0.47856 
vt 0.75628 0.4715 
vt 0.75628 0.4715 
vt 0.72095 0.47856 
vt 0.94731 0.15416 
vt 0.72983 0.47731 
vt 0.94731 0.15944 
vt 0.73869 0.47572 
vt 0.73869 0.47572 
vt 0.1099 0.53532 
vt 0.72983 0.47731 
vt 0.73869 0.47572 
vt 0.94731 0.07353 
vt 0.73869 0.47572 
vt 0.18099 0.53532 
vt 0.18099 0.53532 
vt 0.94731 0.05693 
vt 0.20187 0.53532 
vt 0.20187 0.53532 
vt 0.14909 0.53532 
vt 0.71205 0.47946 
vt 0.2122 0.53532 
vt 0.2122 0.53532 
vt 0.94731 0.06802 
vt 0.94731 0.07902 
vt 0.17044 0.53532 
vt 0.17044 0.53532 
vt 0.71205 0.47946 
vt 0.94731 0.08449 
vt 0.71205 0.47946 
vt 0.94731 0.10619 
vt 0.14234 0.53532 
vt 0.14234 0.53532 
vt 0.70313 0.48001 
vt 0.70313 0.48001 
vt 0.70313 0.48001 
vt 0.70313 0.48001 
vt 0.71205 0.47946 
vt 0.94731 0.11157 
vt 0.94731 0.08995 
vt 0.94731 0.11694 
vt 0.94731 0.09538 
vt 0.1598 0.53532 
vt 0.1598 0.53532 
vt 0.8632 0.41316 
vt 0.8632 0.41316 
vt 0.05979 0.53532 
vt 0.94731 0.19637 
vt 0.8632 0.41316 
vt 0.84793 0.42541 
vt 0.05979 0.53532 
vt 0.8632 0.41316 
vt 0.84793 0.42541 
vt 0.87062 0.40662 
vt 0.04154 0.53532 
vt 0.87062 0.40662 
vt 0.05368 0.53532 
vt 0.87062 0.40662 
vt 0.87062 0.40662 
vt 0.05368 0.53532 
vt 0.94731 0.21224 
vt 0.94731 0.20694 
vt 0.84793 0.42541 
vt 0.82408 0.44164 
vt 0.83215 0.43652 
vt 0.83215 0.43652 
vt 0.02953 0.53532 
vt 0.02953 0.53532 
vt 0.04759 0.53532 
vt 0.04759 0.53532 
vt 0.82408 0.44164 
vt 0.82408 0.44164 
vt 0.94731 0.22288 
vt 0.83215 0.43652 
vt 0.04154 0.53532 
vt 0.29221 0.53532 
vt 0.29221 0.53532 
vt 0.28245 0.53532 
vt 0.28245 0.53532 
vt 0.94731 0.03447 
vt 0.27263 0.53532 
vt 0.27263 0.53532 
vt 0.94731 0.06249 
vt 0.31151 0.53532 
vt 0.31151 0.53532 
vt 0.94731 0.05135 
vt 0.26274 0.53532 
vt 0.26274 0.53532 
vt 0.94731 0.04575 
vt 0.01764 0.53532 
vt 0.30189 0.53532 
vt 0.32107 0.53532 
vt 0.32107 0.53532 
vt 0.03552 0.53532 
vt 0.38627 0.53532 
vt 0.6896 0.48013 
vt 0.6896 0.48013 
vt 0.00587 0.53532 
vt 0.34935 0.53532 
vt 0.34935 0.53532 
vt 0.6896 0.48013 
vt 0.69421 0.48019 
vt 0.30189 0.53532 
vt 0.69421 0.48019 
vt 0.02357 0.53532 
vt 0.69421 0.48019 
vt 0.33056 0.53532 
vt 0.70313 0.48001 
vt 0.33056 0.53532 
vt 0.94731 0.00581 
vt 0.35866 0.53532 
vt 0.35866 0.53532 
vt 0.01174 0.53532 
vt 0.67155 0.47884 
vt 0.94731 0.01736 
vt 0.67155 0.47884 
vt 0.38627 0.53532 
vt 0.67601 0.47932 
vt 0.67601 0.47932 
vt 0.67601 0.47932 
vt 0.33998 0.53532 
vt 0.33998 0.53532 
vt 0.94731 0 
vt 0.94731 0.12229 
vt 0.77367 0.46594 
vt 0.77367 0.46594 
vt 0.13578 0.53532 
vt 0.13578 0.53532 
vt 0.94731 0.12763 
vt 0.12926 0.53532 
vt 0.12926 0.53532 
vt 0.94731 0.10079 
vt 0.75628 0.4715 
vt 0.75628 0.4715 
vt 0.94731 0.13295 
vt 0.12277 0.53532 
vt 0.12277 0.53532 
vt 0.72983 0.47731 
vt 0.77367 0.46594 
vt 0.11632 0.53532 
vt 0.94731 0.13827 
vt 0.78228 0.46268 
vt 0.11632 0.53532 
vt 0.77367 0.46594 
vt 0.78228 0.46268 
vt 0.04154 0.53532 
vt 0.63749 0.47136 
vt 0.04759 0.53532 
vt 0.64159 0.47264 
vt 0.41347 0.53532 
vt 0.66277 0.47757 
vt 0.64159 0.47264 
vt 0.45825 0.53532 
vt 0.45825 0.53532 
vt 0.02953 0.53532 
vt 0.64992 0.47491 
vt 0.64992 0.47491 
vt 0.63749 0.47136 
vt 0.43144 0.53532 
vt 0.05979 0.53532 
vt 0.66714 0.47826 
vt 0.40445 0.53532 
vt 0.43144 0.53532 
vt 0.40445 0.53532 
vt 0.66277 0.47757 
vt 0.41347 0.53532 
vt 0.62163 0.46531 
vt 0.44932 0.53532 
vt 0.44932 0.53532 
vt 0.47648 0.53532 
vt 0.10352 0.53532 
vt 0.63345 0.46999 
vt 0.62163 0.46531 
vt 0.66714 0.47826 
vt 0.48096 0.53532 
vt 0.48096 0.53532 
vt 0.46286 0.53532 
vt 0.64159 0.47264 
vt 0.64573 0.47382 
vt 0.64573 0.47382 
vt 0.64992 0.47491 
vt 0.46286 0.53532 
vt 0.64573 0.47382 
vt 0.63749 0.47136 
vt 0.11632 0.53532 
vt 0.62552 0.46696 
vt 0.44039 0.53532 
vt 0.12277 0.53532 
vt 0.44039 0.53532 
vt 0.64573 0.47382 
vt 0.60664 0.45781 
vt 0.46743 0.53532 
vt 0.46743 0.53532 
vt 0.47197 0.53532 
vt 0.09718 0.53532 
vt 0.63345 0.46999 
vt 0.63345 0.46999 
vt 0.6178 0.46357 
vt 0.07834 0.53532 
vt 0.6178 0.46357 
vt 0.47197 0.53532 
vt 0.47648 0.53532 
vt 0.62945 0.46852 
vt 0.62945 0.46852 
vt 0.08458 0.53532 
vt 0.1099 0.53532 
vt 0.62552 0.46696 
vt 0.6103 0.45982 
vt 0.6103 0.45982 
vt 0.62163 0.46531 
vt 0.09086 0.53532 
vt 0.62945 0.46852 
vt 0.60664 0.45781 
vt 0.25277 0.53532 
vt 0.25277 0.53532 
vt 0.94731 0.02879 
vt 0.94731 0.0116 
vt 0.24274 0.53532 
vt 0.24274 0.53532 
vt 0.19147 0.53532 
vt 0.19147 0.53532 
vt 0.62552 0.46696 
vt 0.23263 0.53532 
vt 0.23263 0.53532 
vt 0.94731 0.04012 
vt 0.94731 0.02309 
vt 0.22245 0.53532 
vt 0.22245 0.53532 
vt 0.60304 0.45572 
vt 0.6178 0.46357 
vt 0.59261 0.44895 
vt 0.12926 0.53532 
vt 0.61402 0.46174 
vt 0.5116 0.53532 
vt 0.5995 0.45355 
vt 0.5116 0.53532 
vt 0.48541 0.53532 
vt 0.48541 0.53532 
vt 0.6103 0.45982 
vt 0.59603 0.45129 
vt 0.48983 0.53532 
vt 0.48983 0.53532 
vt 0.60304 0.45572 
vt 0.52865 0.53532 
vt 0.50729 0.53532 
vt 0.18099 0.53532 
vt 0.5796 0.43879 
vt 0.2122 0.53532 
vt 0.53287 0.53532 
vt 0.5995 0.45355 
vt 0.53287 0.53532 
vt 0.52865 0.53532 
vt 0.5995 0.45355 
vt 0.5796 0.43879 
vt 0.59603 0.45129 
vt 0.51589 0.53532 
vt 0.51589 0.53532 
vt 0.59603 0.45129 
vt 0.58276 0.44144 
vt 0.59261 0.44895 
vt 0.50296 0.53532 
vt 0.59261 0.44895 
vt 0.50296 0.53532 
vt 0.50729 0.53532 
vt 0.58276 0.44144 
vt 0.58276 0.44144 
vt 0.58926 0.44653 
vt 0.0084 0.5884 
vt 0.58926 0.44653 
vt 0.52441 0.53532 
vt 0.5677 0.4274 
vt 0.57351 0.43324 
vt 0.19147 0.53532 
vt 0.57057 0.43035 
vt 0.0084 0.5884 
vt 0.57057 0.43035 
vt 0.57652 0.43605 
vt 0.57057 0.43035 
vt 0.52441 0.53532 
vt 0.57351 0.43324 
vt 0.58926 0.44653 
vt 0.01257 0.5884 
vt 0.17044 0.53532 
vt 0.01257 0.5884 
vt 0.24274 0.53532 
vt 0.20187 0.53532 
vt 0.58276 0.44144 
vt 0.5995 0.45355 
vt 0.58597 0.44403 
vt 0.5677 0.4274 
vt 0.57057 0.43035 
vt 0.52016 0.53532 
vt 0.52016 0.53532 
vt 0.5796 0.43879 
vt 0.5677 0.4274 
vt 0.14909 0.53532 
vt 0.36792 0.53532 
vt 0.36792 0.53532 
vt 0.65844 0.47678 
vt 0.65844 0.47678 
vt 0.66277 0.47757 
vt 0.65416 0.4759 
vt 0.07212 0.53532 
vt 0.65416 0.4759 
vt 0.42247 0.53532 
vt 0.37712 0.53532 
vt 0.37712 0.53532 
vt 0.42247 0.53532 
vt 0.05368 0.53532 
vt 0.65416 0.4759 
vt 0.68503 0.47997 
vt 0.68503 0.47997 
vt 0.67155 0.47884 
vt 0.68503 0.47997 
vt 0.39538 0.53532 
vt 0.39538 0.53532 
vt 0.66714 0.47826 
vt 0.6805 0.4797 
vt 0.06594 0.53532 
vt 0.6805 0.4797 
vt 0.65844 0.47678 
vt 0.6805 0.4797 
vt 0.6805 0.4797 
vt 0.55206 0.40817 
vt 0.55206 0.40817 
vt 0.26274 0.53532 
vt 0.54973 0.40473 
vt 0.03331 0.5884 
vt 0.03331 0.5884 
vt 0.31151 0.53532 
vt 0.04156 0.5884 
vt 0.04156 0.5884 
vt 0.27263 0.53532 
vt 0.55953 0.41809 
vt 0.5649 0.42437 
vt 0.29221 0.53532 
vt 0.55953 0.41809 
vt 0.34935 0.53532 
vt 0.01673 0.5884 
vt 0.01673 0.5884 
vt 0.5649 0.42437 
vt 0.56218 0.42126 
vt 0.02089 0.5884 
vt 0.02089 0.5884 
vt 0.05805 0.5884 
vt 0.05805 0.5884 
vt 0.53256 0.37102 
vt 0.53932 0.38659 
vt 0.53932 0.38659 
vt 0.03744 0.5884 
vt 0.53256 0.37102 
vt 0.05393 0.5884 
vt 0.55447 0.41155 
vt 0.05393 0.5884 
vt 0.53411 0.375 
vt 0.54748 0.40123 
vt 0.54973 0.40473 
vt 0.54973 0.40473 
vt 0.38627 0.53532 
vt 0.52726 0.35459 
vt 0.55206 0.40817 
vt 0.03744 0.5884 
vt 0.54748 0.40123 
vt 0.06217 0.5884 
vt 0.55447 0.41155 
vt 0.5649 0.42437 
vt 0.06217 0.5884 
vt 0.55447 0.41155 
vt 0.30189 0.53532 
vt 0.32107 0.53532 
vt 0.54748 0.40123 
vt 0.07455 0.5884 
vt 0.53411 0.375 
vt 0.52845 0.35877 
vt 0.33998 0.53532 
vt 0.52845 0.35877 
vt 0.52726 0.35459 
vt 0.54531 0.39766 
vt 0.54531 0.39766 
vt 0.07042 0.5884 
vt 0.5375 0.38279 
vt 0.54323 0.39403 
vt 0.07042 0.5884 
vt 0.54323 0.39403 
vt 0.53576 0.37892 
vt 0.54323 0.39403 
vt 0.53576 0.37892 
vt 0.54123 0.39034 
vt 0.53256 0.37102 
vt 0.07869 0.5884 
vt 0.07869 0.5884 
vt 0.54123 0.39034 
vt 0.35866 0.53532 
vt 0.33056 0.53532 
vt 0.54323 0.39403 
vt 0.04981 0.5884 
vt 0.04981 0.5884 
vt 0.54123 0.39034 
vt 0.55206 0.40817 
vt 0.53932 0.38659 
vt 0.53411 0.375 
vt 0.07455 0.5884 
vt 0.49423 0.53532 
vt 0.49423 0.53532 
vt 0.60304 0.45572 
vt 0.14234 0.53532 
vt 0.49861 0.53532 
vt 0.49861 0.53532 
vt 0.60664 0.45781 
vt 0.61402 0.46174 
vt 0.61402 0.46174 
vt 0.13578 0.53532 
vt 0.1598 0.53532 
vt 0.6178 0.46357 
vt 0.10365 0.5884 
vt 0.52431 0.34173 
vt 0.52431 0.34173 
vt 0.40445 0.53532 
vt 0.52519 0.34607 
vt 0.41347 0.53532 
vt 0.10785 0.5884 
vt 0.52352 0.33736 
vt 0.52352 0.33736 
vt 0.52139 0.31941 
vt 0.53109 0.36699 
vt 0.52431 0.34173 
vt 0.53109 0.36699 
vt 0.52519 0.34607 
vt 0.52618 0.35035 
vt 0.11206 0.5884 
vt 0.42247 0.53532 
vt 0.11206 0.5884 
vt 0.52464 0.2684 
vt 0.52972 0.36291 
vt 0.43144 0.53532 
vt 0.10785 0.5884 
vt 0.52331 0.27558 
vt 0.52177 0.32396 
vt 0.44039 0.53532 
vt 0.52464 0.2684 
vt 0.52177 0.32396 
vt 0.52464 0.2684 
vt 0.52225 0.32847 
vt 0.52519 0.34607 
vt 0.52464 0.2684 
vt 0.44932 0.53532 
vt 0.52139 0.31941 
vt 0.52139 0.31941 
vt 0.52331 0.27558 
vt 0.12051 0.5884 
vt 0.52112 0.31482 
vt 0.46286 0.53532 
vt 0.52618 0.35035 
vt 0.52618 0.35035 
vt 0.09947 0.5884 
vt 0.09947 0.5884 
vt 0.45825 0.53532 
vt 0.46743 0.53532 
vt 0.54472 0.21662 
vt 0.53026 0.24773 
vt 0.53026 0.24773 
vt 0.5209 0.30552 
vt 0.48096 0.53532 
vt 0.53266 0.24115 
vt 0.52106 0.29786 
vt 0.12051 0.5884 
vt 0.47197 0.53532 
vt 0.53266 0.24115 
vt 0.52106 0.29786 
vt 0.52106 0.29786 
vt 0.52112 0.31482 
vt 0.52096 0.31019 
vt 0.52096 0.31019 
vt 0.53266 0.24115 
vt 0.12477 0.5884 
vt 0.47648 0.53532 
vt 0.28245 0.53532 
vt 0.5209 0.30552 
vt 0.12477 0.5884 
vt 0.52227 0.28288 
vt 0.52283 0.33293 
vt 0.12904 0.5884 
vt 0.11628 0.5884 
vt 0.52283 0.33293 
vt 0.11628 0.5884 
vt 0.52225 0.32847 
vt 0.52225 0.32847 
vt 0.52106 0.29786 
vt 0.12904 0.5884 
vt 0.52331 0.27558 
vt 0.52283 0.33293 
vt 0.52227 0.28288 
vt 0.53266 0.24115 
vt 0.55953 0.41809 
vt 0.57652 0.43605 
vt 0.55953 0.41809 
vt 0.02503 0.5884 
vt 0.02503 0.5884 
vt 0.56218 0.42126 
vt 0.55696 0.41485 
vt 0.23263 0.53532 
vt 0.56218 0.42126 
vt 0.02917 0.5884 
vt 0.02917 0.5884 
vt 0.58597 0.44403 
vt 0.58597 0.44403 
vt 0.57652 0.43605 
vt 0.25277 0.53532 
vt 0.04569 0.5884 
vt 0.04569 0.5884 
vt 0.53708 0.53532 
vt 0.00002 0.5884 
vt 0.55696 0.41485 
vt 0.57351 0.43324 
vt 0.22245 0.53532 
vt 0.00421 0.5884 
vt 0.00421 0.5884 
vt 0.55696 0.41485 
vt 0.15068 0.5884 
vt 0.15068 0.5884 
vt 0.52016 0.53532 
vt 0.57937 0.17762 
vt 0.57937 0.17762 
vt 0.57937 0.17762 
vt 0.15508 0.5884 
vt 0.55214 0.20552 
vt 0.54832 0.21096 
vt 0.16395 0.5884 
vt 0.16395 0.5884 
vt 0.52865 0.53532 
vt 0.57435 0.18166 
vt 0.53287 0.53532 
vt 0.57435 0.18166 
vt 0.56952 0.18596 
vt 0.56952 0.18596 
vt 0.57435 0.18166 
vt 0.54832 0.21096 
vt 0.54832 0.21096 
vt 0.50296 0.53532 
vt 0.72365 0.16581 
vt 0.1595 0.5884 
vt 0.72365 0.16581 
vt 0.55214 0.20552 
vt 0.50729 0.53532 
vt 0.55618 0.20029 
vt 0.55618 0.20029 
vt 0.56043 0.19528 
vt 0.72851 0.1681 
vt 0.16843 0.5884 
vt 0.16843 0.5884 
vt 0.58993 0.17033 
vt 0.52151 0.29031 
vt 0.01257 0.5884 
vt 0.55214 0.20552 
vt 0.1595 0.5884 
vt 0.65107 0.1517 
vt 0.61911 0.15707 
vt 0.65107 0.1517 
vt 0.72365 0.16581 
vt 0.53708 0.53532 
vt 0.65107 0.1517 
vt 0.65107 0.1517 
vt 0.17293 0.5884 
vt 0.60115 0.16414 
vt 0.72851 0.1681 
vt 0.62537 0.15533 
vt 0.17747 0.5884 
vt 0.60115 0.16414 
vt 0.73774 0.1731 
vt 0.59546 0.1671 
vt 0.56487 0.1905 
vt 0.61911 0.15707 
vt 0.59546 0.1671 
vt 0.63826 0.15283 
vt 0.58456 0.17384 
vt 0.72365 0.16581 
vt 0.59546 0.1671 
vt 0.17293 0.5884 
vt 0.63826 0.15283 
vt 0.56487 0.1905 
vt 0.63826 0.15283 
vt 0.0084 0.5884 
vt 0.56487 0.1905 
vt 0.70292 0.15818 
vt 0.56487 0.1905 
vt 0.55214 0.20552 
vt 0.56952 0.18596 
vt 0.60115 0.16414 
vt 0.62537 0.15533 
vt 0.18203 0.5884 
vt 0.62537 0.15533 
vt 0.62537 0.15533 
vt 0.18203 0.5884 
vt 0.64489 0.15208 
vt 0.19127 0.5884 
vt 0.19127 0.5884 
vt 0.64489 0.15208 
vt 0.64489 0.15208 
vt 0.61911 0.15707 
vt 0.52441 0.53532 
vt 0.17747 0.5884 
vt 0.73774 0.1731 
vt 0.70292 0.15818 
vt 0.71353 0.16168 
vt 0.71353 0.16168 
vt 0.73321 0.17053 
vt 0.60699 0.16148 
vt 0.73321 0.17053 
vt 0.73321 0.17053 
vt 0.71353 0.16168 
vt 0.71353 0.16168 
vt 0.02917 0.5884 
vt 0.61298 0.15912 
vt 0.20359 0.5884 
vt 0.61298 0.15912 
vt 0.20359 0.5884 
vt 0.72851 0.1681 
vt 0.73774 0.1731 
vt 0.70828 0.15985 
vt 0.60699 0.16148 
vt 0.70828 0.15985 
vt 0.73321 0.17053 
vt 0.70828 0.15985 
vt 0.63176 0.15392 
vt 0.18663 0.5884 
vt 0.63176 0.15392 
vt 0.18663 0.5884 
vt 0.63176 0.15392 
vt 0.02503 0.5884 
vt 0.60699 0.16148 
vt 0.19593 0.5884 
vt 0.71866 0.16367 
vt 0.70292 0.15818 
vt 0.58993 0.17033 
vt 0.71353 0.16168 
vt 0.71353 0.16168 
vt 0.08697 0.5884 
vt 0.58993 0.17033 
vt 0.08697 0.5884 
vt 0.52845 0.35877 
vt 0.71866 0.16367 
vt 0.58456 0.17384 
vt 0.61298 0.15912 
vt 0.70828 0.15985 
vt 0.58456 0.17384 
vt 0.58456 0.17384 
vt 0.71866 0.16367 
vt 0.00421 0.5884 
vt 0.73774 0.1731 
vt 0.19593 0.5884 
vt 0.36792 0.53532 
vt 0.09529 0.5884 
vt 0.09529 0.5884 
vt 0.52972 0.36291 
vt 0.53109 0.36699 
vt 0.37712 0.53532 
vt 0.52726 0.35459 
vt 0.5375 0.38279 
vt 0.5375 0.38279 
vt 0.08283 0.5884 
vt 0.08283 0.5884 
vt 0.5375 0.38279 
vt 0.52972 0.36291 
vt 0.53576 0.37892 
vt 0.06629 0.5884 
vt 0.06629 0.5884 
vt 0.54531 0.39766 
vt 0.10365 0.5884 
vt 0.52618 0.35035 
vt 0.52352 0.33736 
vt 0.09113 0.5884 
vt 0.09113 0.5884 
vt 0.39538 0.53532 
vt 0.53109 0.36699 
vt 0.74211 0.17579 
vt 0.06217 0.5884 
vt 0.65725 0.15158 
vt 0.24052 0.5884 
vt 0.24052 0.5884 
vt 0.05393 0.5884 
vt 0.26173 0.5884 
vt 0.76691 0.19763 
vt 0.03744 0.5884 
vt 0.65725 0.15158 
vt 0.26173 0.5884 
vt 0.76691 0.19763 
vt 0.21115 0.5884 
vt 0.21115 0.5884 
vt 0.6748 0.15256 
vt 0.76691 0.19763 
vt 0.25473 0.5884 
vt 0.66899 0.15202 
vt 0.74629 0.1786 
vt 0.66899 0.15202 
vt 0.03331 0.5884 
vt 0.66899 0.15202 
vt 0.74629 0.1786 
vt 0.6748 0.15256 
vt 0.77914 0.22318 
vt 0.74629 0.1786 
vt 0.75027 0.18152 
vt 0.25473 0.5884 
vt 0.07455 0.5884 
vt 0.74211 0.17579 
vt 0.74211 0.17579 
vt 0.31564 0.5884 
vt 0.7783 0.21939 
vt 0.27554 0.5884 
vt 0.75405 0.18455 
vt 0.27554 0.5884 
vt 0.6748 0.15256 
vt 0.75405 0.18455 
vt 0.77185 0.20465 
vt 0.7739 0.20826 
vt 0.26867 0.5884 
vt 0.75405 0.18455 
vt 0.75405 0.18455 
vt 0.31564 0.5884 
vt 0.75027 0.18152 
vt 0.75027 0.18152 
vt 0.26867 0.5884 
vt 0.77966 0.22701 
vt 0.28235 0.5884 
vt 0.04981 0.5884 
vt 0.7783 0.21939 
vt 0.77714 0.21563 
vt 0.28911 0.5884 
vt 0.28911 0.5884 
vt 0.77966 0.22701 
vt 0.07869 0.5884 
vt 0.09113 0.5884 
vt 0.77914 0.22318 
vt 0.77553 0.24642 
vt 0.77714 0.21563 
vt 0.28235 0.5884 
vt 0.77914 0.22318 
vt 0.08697 0.5884 
vt 0.77966 0.22701 
vt 0.77567 0.21192 
vt 0.76951 0.20111 
vt 0.76951 0.20111 
vt 0.06629 0.5884 
vt 0.30907 0.5884 
vt 0.77705 0.2435 
vt 0.34157 0.5884 
vt 0.34157 0.5884 
vt 0.29581 0.5884 
vt 0.29581 0.5884 
vt 0.30246 0.5884 
vt 0.07042 0.5884 
vt 0.09529 0.5884 
vt 0.77153 0.25183 
vt 0.77368 0.24921 
vt 0.7739 0.20826 
vt 0.30907 0.5884 
vt 0.13763 0.5884 
vt 0.77185 0.20465 
vt 0.76951 0.20111 
vt 0.77185 0.20465 
vt 0.30246 0.5884 
vt 0.55618 0.20029 
vt 0.53531 0.23475 
vt 0.53821 0.22852 
vt 0.53821 0.22852 
vt 0.52227 0.28288 
vt 0.69745 0.15669 
vt 0.13763 0.5884 
vt 0.48983 0.53532 
vt 0.52096 0.31019 
vt 0.14631 0.5884 
vt 0.14631 0.5884 
vt 0.54472 0.21662 
vt 0.53531 0.23475 
vt 0.53531 0.23475 
vt 0.51589 0.53532 
vt 0.48541 0.53532 
vt 0.56043 0.19528 
vt 0.52151 0.29031 
vt 0.52151 0.29031 
vt 0.52227 0.28288 
vt 0.13333 0.5884 
vt 0.13333 0.5884 
vt 0.14196 0.5884 
vt 0.54135 0.22247 
vt 0.52812 0.25447 
vt 0.54135 0.22247 
vt 0.52812 0.25447 
vt 0.5209 0.30552 
vt 0.54135 0.22247 
vt 0.5116 0.53532 
vt 0.52812 0.25447 
vt 0.53026 0.24773 
vt 0.49861 0.53532 
vt 0.54472 0.21662 
vt 0.52112 0.31482 
vt 0.15508 0.5884 
vt 0.52624 0.26136 
vt 0.52624 0.26136 
vt 0.52624 0.26136 
vt 0.53821 0.22852 
vt 0.56043 0.19528 
vt 0.52812 0.25447 
vt 0.49423 0.53532 
vt 0.54135 0.22247 
vt 0.14196 0.5884 
vt 0.34799 0.5884 
vt 0.34799 0.5884 
vt 0.36722 0.5884 
vt 0.77983 0.23085 
vt 0.77983 0.23085 
vt 0.77153 0.25183 
vt 0.77153 0.25183 
vt 0.12477 0.5884 
vt 0.77825 0.24046 
vt 0.77368 0.24921 
vt 0.10365 0.5884 
vt 0.77825 0.24046 
vt 0.36081 0.5884 
vt 0.36081 0.5884 
vt 0.77912 0.23732 
vt 0.09947 0.5884 
vt 0.77912 0.23732 
vt 0.35441 0.5884 
vt 0.35441 0.5884 
vt 0.77965 0.23411 
vt 0.76908 0.25427 
vt 0.76908 0.25427 
vt 0.39304 0.5884 
vt 0.39304 0.5884 
vt 0.77825 0.24046 
vt 0.14196 0.5884 
vt 0.38654 0.5884 
vt 0.75264 0.26297 
vt 0.11628 0.5884 
vt 0.12051 0.5884 
vt 0.75646 0.26177 
vt 0.41904 0.5884 
vt 0.41904 0.5884 
vt 0.75646 0.26177 
vt 0.74427 0.2644 
vt 0.74427 0.2644 
vt 0.75264 0.26297 
vt 0.38654 0.5884 
vt 0.40618 0.5884 
vt 0.74858 0.26385 
vt 0.14631 0.5884 
vt 0.74858 0.26385 
vt 0.76634 0.25651 
vt 0.40618 0.5884 
vt 0.41284 0.5884 
vt 0.38008 0.5884 
vt 0.38008 0.5884 
vt 0.76634 0.25651 
vt 0.13763 0.5884 
vt 0.41284 0.5884 
vt 0.76908 0.25427 
vt 0.04569 0.5884 
vt 0.37364 0.5884 
vt 0.37364 0.5884 
vt 0.75761 0.18769 
vt 0.21862 0.5884 
vt 0.76908 0.25427 
vt 0.13333 0.5884 
vt 0.21862 0.5884 
vt 0.6919 0.15537 
vt 0.04156 0.5884 
vt 0.75761 0.18769 
vt 0.6919 0.15537 
vt 0.6919 0.15537 
vt 0.70828 0.15985 
vt 0.69745 0.15669 
vt 0.02089 0.5884 
vt 0.76406 0.19423 
vt 0.65725 0.15158 
vt 0.76406 0.19423 
vt 0.69745 0.15669 
vt 0.71866 0.16367 
vt 0.71866 0.16367 
vt 0.68056 0.1533 
vt 0.68056 0.1533 
vt 0.76095 0.19092 
vt 0.76095 0.19092 
vt 0.226 0.5884 
vt 0.01673 0.5884 
vt 0.2333 0.5884 
vt 0.68056 0.1533 
vt 0.2333 0.5884 
vt 0.76095 0.19092 
vt 0.76406 0.19423 
vt 0.24766 0.5884 
vt 0.75761 0.18769 
vt 0.24766 0.5884 
vt 0.66313 0.15169 
vt 0.66313 0.15169 
vt 0.66313 0.15169 
vt 0.7783 0.21939 
vt 0.226 0.5884 
vt 0.68627 0.15424 
vt 0.68627 0.15424 
vt 0.68627 0.15424 
vt 0.68627 0.15424 
vt 0.60699 0.16148 
vt 0.05805 0.5884 
vt 0.74858 0.26385 
vt 0.71129 0.25998 
vt 0.74858 0.26385 
vt 0.74858 0.26385 
vt 0.18203 0.5884 
vt 0.74427 0.2644 
vt 0.71129 0.25998 
vt 0.46014 0.5884 
vt 0.46014 0.5884 
vt 0.42522 0.5884 
vt 0.73531 0.26442 
vt 0.42522 0.5884 
vt 0.1595 0.5884 
vt 0.73531 0.26442 
vt 0.46585 0.5884 
vt 0.15508 0.5884 
vt 0.74427 0.2644 
vt 0.46585 0.5884 
vt 0.73973 0.26458 
vt 0.73973 0.26458 
vt 0.4428 0.5884 
vt 0.43697 0.5884 
vt 0.4428 0.5884 
vt 0.72553 0.26322 
vt 0.72553 0.26322 
vt 0.76002 0.26028 
vt 0.4311 0.5884 
vt 0.76002 0.26028 
vt 0.4311 0.5884 
vt 0.43697 0.5884 
vt 0.73039 0.26392 
vt 0.17293 0.5884 
vt 0.72553 0.26322 
vt 0.17747 0.5884 
vt 0.49899 0.5884 
vt 0.16843 0.5884 
vt 0.49899 0.5884 
vt 0.73039 0.26392 
vt 0.49363 0.5884 
vt 0.49363 0.5884 
vt 0.76332 0.25852 
vt 0.18663 0.5884 
vt 0.50949 0.5884 
vt 0.50949 0.5884 
vt 0.73973 0.26458 
vt 0.50428 0.5884 
vt 0.50428 0.5884 
vt 0.47713 0.5884 
vt 0.73973 0.26458 
vt 0.73973 0.26458 
vt 0.73973 0.26458 
vt 0.73531 0.26442 
vt 0.73531 0.26442 
vt 0.47713 0.5884 
vt 0.73973 0.26458 
vt 0.20359 0.5884 
vt 0.19127 0.5884 
vt 0.73973 0.26458 
vt 0.73973 0.26458 
vt 0.47151 0.5884 
vt 0.47151 0.5884 
vt 0.73039 0.26392 
vt 0.73973 0.26458 
vt 0.73973 0.26458 
vt 0.19593 0.5884 
vt 0.73531 0.26442 
vt 0.73531 0.26442 
vt 0.77567 0.21192 
vt 0.77705 0.2435 
vt 0.11206 0.5884 
vt 0.32217 0.5884 
vt 0.32217 0.5884 
vt 0.73531 0.26442 
vt 0.77705 0.2435 
vt 0.77965 0.23411 
vt 0.77567 0.21192 
vt 0.36722 0.5884 
vt 0.10785 0.5884 
vt 0.77983 0.23085 
vt 0.7739 0.20826 
vt 0.77368 0.24921 
vt 0.33513 0.5884 
vt 0.08283 0.5884 
vt 0.33513 0.5884 
vt 0.77553 0.24642 
vt 0.77553 0.24642 
vt 0.77912 0.23732 
vt 0.32866 0.5884 
vt 0.32866 0.5884 
vt 0.12904 0.5884 
vt 0.77965 0.23411 
vt 0.72553 0.26322 
vt 0.01365 0.64148 
vt 0.73039 0.26392 
vt 0.24766 0.5884 
vt 0.226 0.5884 
vt 0.53419 0.5884 
vt 0.00002 0.64148 
vt 0.2333 0.5884 
vt 0.00467 0.64148 
vt 0.00467 0.64148 
vt 0.73973 0.26458 
vt 0.21115 0.5884 
vt 0.48269 0.5884 
vt 0.73973 0.26458 
vt 0.73039 0.26392 
vt 0.48269 0.5884 
vt 0.21862 0.5884 
vt 0.48819 0.5884 
vt 0.48819 0.5884 
vt 0.09943 0.64148 
vt 0.09943 0.64148 
vt 0.63695 0.2251 
vt 0.63695 0.2251 
vt 0.61656 0.21685 
vt 0.61656 0.21685 
vt 0.61656 0.21685 
vt 0.44861 0.5884 
vt 0.6231 0.21899 
vt 0.10377 0.64148 
vt 0.63339 0.22338 
vt 0.63339 0.22338 
vt 0.61338 0.21606 
vt 0.61338 0.21606 
vt 0.6198 0.21784 
vt 0.6198 0.21784 
vt 0.10377 0.64148 
vt 0.6231 0.21899 
vt 0.46014 0.5884 
vt 0.09127 0.64148 
vt 0.09527 0.64148 
vt 0.09527 0.64148 
vt 0.09127 0.64148 
vt 0.4544 0.5884 
vt 0.05649 0.64148 
vt 0.65565 0.23497 
vt 0.38654 0.5884 
vt 0.40618 0.5884 
vt 0.6231 0.21899 
vt 0.65957 0.2371 
vt 0.39304 0.5884 
vt 0.34799 0.5884 
vt 0.05974 0.64148 
vt 0.05974 0.64148 
vt 0.41904 0.5884 
vt 0.65957 0.2371 
vt 0.65957 0.2371 
vt 0.65957 0.2371 
vt 0.65565 0.23497 
vt 0.68871 0.25171 
vt 0.37364 0.5884 
vt 0.70208 0.25703 
vt 0.65565 0.23497 
vt 0.65565 0.23497 
vt 0.39958 0.5884 
vt 0.07304 0.64148 
vt 0.39958 0.5884 
vt 0.44861 0.5884 
vt 0.44861 0.5884 
vt 0.38008 0.5884 
vt 0.64424 0.22884 
vt 0.76002 0.26028 
vt 0.76002 0.26028 
vt 0.75264 0.26297 
vt 0.75264 0.26297 
vt 0.6676 0.24139 
vt 0.64424 0.22884 
vt 0.6676 0.24139 
vt 0.75264 0.26297 
vt 0.75646 0.26177 
vt 0.69757 0.25536 
vt 0.66355 0.23924 
vt 0.75646 0.26177 
vt 0.4544 0.5884 
vt 0.6676 0.24139 
vt 0.4544 0.5884 
vt 0.6676 0.24139 
vt 0.75646 0.26177 
vt 0.76634 0.25651 
vt 0.76332 0.25852 
vt 0.65178 0.23287 
vt 0.06965 0.64148 
vt 0.76332 0.25852 
vt 0.16395 0.5884 
vt 0.69757 0.25536 
vt 0.66355 0.23924 
vt 0.66355 0.23924 
vt 0.36722 0.5884 
vt 0.05323 0.64148 
vt 0.05323 0.64148 
vt 0.72073 0.26231 
vt 0.06965 0.64148 
vt 0.71598 0.26123 
vt 0.71598 0.26123 
vt 0.69311 0.25358 
vt 0.69311 0.25358 
vt 0.64056 0.22692 
vt 0.65178 0.23287 
vt 0.74858 0.26385 
vt 0.64798 0.23082 
vt 0.05649 0.64148 
vt 0.76332 0.25852 
vt 0.64056 0.22692 
vt 0.07304 0.64148 
vt 0.66355 0.23924 
vt 0.41284 0.5884 
vt 0.64056 0.22692 
vt 0.65178 0.23287 
vt 0.72073 0.26231 
vt 0.64424 0.22884 
vt 0.70666 0.25857 
vt 0.74427 0.2644 
vt 0.74427 0.2644 
vt 0.74427 0.2644 
vt 0.35441 0.5884 
vt 0.15068 0.5884 
vt 0.06301 0.64148 
vt 0.74427 0.2644 
vt 0.06301 0.64148 
vt 0.74427 0.2644 
vt 0.67586 0.24565 
vt 0.70208 0.25703 
vt 0.67586 0.24565 
vt 0.70666 0.25857 
vt 0.01799 0.64148 
vt 0.01799 0.64148 
vt 0.69757 0.25536 
vt 0.30907 0.5884 
vt 0.69757 0.25536 
vt 0.31564 0.5884 
vt 0.70208 0.25703 
vt 0.02223 0.64148 
vt 0.02223 0.64148 
vt 0.02638 0.64148 
vt 0.26867 0.5884 
vt 0.70666 0.25857 
vt 0.04612 0.64148 
vt 0.71598 0.26123 
vt 0.6717 0.24354 
vt 0.71598 0.26123 
vt 0.6717 0.24354 
vt 0.67586 0.24565 
vt 0.04612 0.64148 
vt 0.6717 0.24354 
vt 0.67586 0.24565 
vt 0.6717 0.24354 
vt 0.30246 0.5884 
vt 0.71129 0.25998 
vt 0.68437 0.24975 
vt 0.71598 0.26123 
vt 0.68009 0.24773 
vt 0.72073 0.26231 
vt 0.68437 0.24975 
vt 0.03838 0.64148 
vt 0.03838 0.64148 
vt 0.03444 0.64148 
vt 0.28911 0.5884 
vt 0.72073 0.26231 
vt 0.71129 0.25998 
vt 0.04226 0.64148 
vt 0.68009 0.24773 
vt 0.68009 0.24773 
vt 0.04226 0.64148 
vt 0.5246 0.5884 
vt 0.5246 0.5884 
vt 0.68009 0.24773 
vt 0.68437 0.24975 
vt 0.72073 0.26231 
vt 0.68437 0.24975 
vt 0.27554 0.5884 
vt 0.68437 0.24975 
vt 0.28235 0.5884 
vt 0.03444 0.64148 
vt 0.70666 0.25857 
vt 0.52945 0.5884 
vt 0.52945 0.5884 
vt 0.51462 0.5884 
vt 0.51462 0.5884 
vt 0.25473 0.5884 
vt 0.51966 0.5884 
vt 0.51966 0.5884 
vt 0.26173 0.5884 
vt 0.24052 0.5884 
vt 0.01365 0.64148 
vt 0.00921 0.64148 
vt 0.00921 0.64148 
vt 0.12748 0.64148 
vt 0.6299 0.22178 
vt 0.13235 0.64148 
vt 0.4311 0.5884 
vt 0.63695 0.2251 
vt 0.08367 0.64148 
vt 0.08004 0.64148 
vt 0.08004 0.64148 
vt 0.6299 0.22178 
vt 0.61338 0.21606 
vt 0.46585 0.5884 
vt 0.43697 0.5884 
vt 0.39958 0.5884 
vt 0.08367 0.64148 
vt 0.61338 0.21606 
vt 0.6299 0.22178 
vt 0.42522 0.5884 
vt 0.62647 0.22031 
vt 0.62647 0.22031 
vt 0.0765 0.64148 
vt 0.0765 0.64148 
vt 0.06301 0.64148 
vt 0.23812 0.64148 
vt 0.23812 0.64148 
vt 0.57741 0.24445 
vt 0.03045 0.64148 
vt 0.57741 0.24445 
vt 0.06631 0.64148 
vt 0.5814 0.23612 
vt 0.5814 0.23612 
vt 0.57868 0.24159 
vt 0.02223 0.64148 
vt 0.58001 0.2388 
vt 0.58001 0.2388 
vt 0.23462 0.64148 
vt 0.02638 0.64148 
vt 0.57401 0.25345 
vt 0.19834 0.64148 
vt 0.57301 0.25654 
vt 0.01799 0.64148 
vt 0.57507 0.2504 
vt 0.19388 0.64148 
vt 0.19388 0.64148 
vt 0.5814 0.23612 
vt 0.57401 0.25345 
vt 0.57621 0.24739 
vt 0.57621 0.24739 
vt 0.59086 0.22265 
vt 0.19834 0.64148 
vt 0.18477 0.64148 
vt 0.57507 0.2504 
vt 0.18477 0.64148 
vt 0.57301 0.25654 
vt 0.04226 0.64148 
vt 0.57301 0.25654 
vt 0.58916 0.22452 
vt 0.18935 0.64148 
vt 0.57401 0.25345 
vt 0.18935 0.64148 
vt 0.04612 0.64148 
vt 0.59086 0.22265 
vt 0.21543 0.64148 
vt 0.52945 0.5884 
vt 0.20273 0.64148 
vt 0.21129 0.64148 
vt 0.21129 0.64148 
vt 0.03838 0.64148 
vt 0.03444 0.64148 
vt 0.58916 0.22452 
vt 0.57621 0.24739 
vt 0.59439 0.21946 
vt 0.58434 0.23108 
vt 0.59439 0.21946 
vt 0.5246 0.5884 
vt 0.5926 0.22096 
vt 0.5926 0.22096 
vt 0.20273 0.64148 
vt 0.36081 0.5884 
vt 0.64798 0.23082 
vt 0.70208 0.25703 
vt 0.64798 0.23082 
vt 0.70208 0.25703 
vt 0.33513 0.5884 
vt 0.04997 0.64148 
vt 0.04997 0.64148 
vt 0.06631 0.64148 
vt 0.06631 0.64148 
vt 0.34157 0.5884 
vt 0.29581 0.5884 
vt 0.64798 0.23082 
vt 0.69311 0.25358 
vt 0.69311 0.25358 
vt 0.03045 0.64148 
vt 0.32217 0.5884 
vt 0.02638 0.64148 
vt 0.68871 0.25171 
vt 0.32866 0.5884 
vt 0.68871 0.25171 
vt 0.68871 0.25171 
vt 0.03045 0.64148 
vt 0.72553 0.26322 
vt 0.18014 0.64148 
vt 0.18014 0.64148 
vt 0.5859 0.22875 
vt 0.48269 0.5884 
vt 0.53419 0.5884 
vt 0.60583 0.21503 
vt 0.17547 0.64148 
vt 0.17547 0.64148 
vt 0.12259 0.64148 
vt 0.16603 0.64148 
vt 0.12259 0.64148 
vt 0.48819 0.5884 
vt 0.59807 0.21706 
vt 0.59807 0.21706 
vt 0.60385 0.21517 
vt 0.61026 0.21547 
vt 0.61026 0.21547 
vt 0.17077 0.64148 
vt 0.17077 0.64148 
vt 0.59621 0.21815 
vt 0.60721 0.2151 
vt 0.60721 0.2151 
vt 0.60721 0.2151 
vt 0.60385 0.21517 
vt 0.11768 0.64148 
vt 0.47151 0.5884 
vt 0.11768 0.64148 
vt 0.58751 0.22656 
vt 0.60721 0.2151 
vt 0.47713 0.5884 
vt 0.16603 0.64148 
vt 0.61026 0.21547 
vt 0.59621 0.21815 
vt 0.60721 0.2151 
vt 0.50949 0.5884 
vt 0.10831 0.64148 
vt 0.61026 0.21547 
vt 0.50428 0.5884 
vt 0.10831 0.64148 
vt 0.60721 0.2151 
vt 0.49363 0.5884 
vt 0.1372 0.64148 
vt 0.1372 0.64148 
vt 0.11274 0.64148 
vt 0.11274 0.64148 
vt 0.59997 0.21619 
vt 0.49899 0.5884 
vt 0.14204 0.64148 
vt 0.14204 0.64148 
vt 0.60189 0.21556 
vt 0.59621 0.21815 
vt 0.60189 0.21556 
vt 0.59997 0.21619 
vt 0.08741 0.64148 
vt 0.08741 0.64148 
vt 0.13235 0.64148 
vt 0.61656 0.21685 
vt 0.12748 0.64148 
vt 0.4428 0.5884 
vt 0.57125 0.26279 
vt 0.05974 0.64148 
vt 0.5692 0.27216 
vt 0.21948 0.64148 
vt 0.21948 0.64148 
vt 0.24479 0.64148 
vt 0.24479 0.64148 
vt 0.06965 0.64148 
vt 0.23101 0.64148 
vt 0.23101 0.64148 
vt 0.56868 0.27524 
vt 0.24151 0.64148 
vt 0.05323 0.64148 
vt 0.24151 0.64148 
vt 0.04997 0.64148 
vt 0.70816 0.41732 
vt 0.22727 0.64148 
vt 0.22727 0.64148 
vt 0.33356 0.64148 
vt 0.62916 0.40309 
vt 0.62916 0.40309 
vt 0.33356 0.64148 
vt 0.62916 0.40309 
vt 0.32437 0.64148 
vt 0.58023 0.35238 
vt 0.61422 0.39385 
vt 0.70816 0.41732 
vt 0.5692 0.27216 
vt 0.22343 0.64148 
vt 0.22343 0.64148 
vt 0.70816 0.41732 
vt 0.23462 0.64148 
vt 0.57868 0.24159 
vt 0.07304 0.64148 
vt 0.62401 0.40026 
vt 0.61422 0.39385 
vt 0.57868 0.24159 
vt 0.57534 0.34031 
vt 0.58023 0.35238 
vt 0.32749 0.64148 
vt 0.32749 0.64148 
vt 0.16603 0.64148 
vt 0.29228 0.64148 
vt 0.29228 0.64148 
vt 0.57534 0.34031 
vt 0.32437 0.64148 
vt 0.57331 0.33389 
vt 0.62401 0.40026 
vt 0.14687 0.64148 
vt 0.18014 0.64148 
vt 0.57331 0.33389 
vt 0.58618 0.3634 
vt 0.28618 0.64148 
vt 0.57765 0.34648 
vt 0.58618 0.3634 
vt 0.62401 0.40026 
vt 0.29542 0.64148 
vt 0.29542 0.64148 
vt 0.17077 0.64148 
vt 0.28618 0.64148 
vt 0.5931 0.37338 
vt 0.57331 0.33389 
vt 0.30504 0.64148 
vt 0.30504 0.64148 
vt 0.58308 0.35802 
vt 0.11274 0.64148 
vt 0.2892 0.64148 
vt 0.2892 0.64148 
vt 0.5931 0.37338 
vt 0.12259 0.64148 
vt 0.56765 0.29778 
vt 0.2986 0.64148 
vt 0.2986 0.64148 
vt 0.56765 0.29778 
vt 0.58952 0.36852 
vt 0.30828 0.64148 
vt 0.58618 0.3634 
vt 0.11768 0.64148 
vt 0.57534 0.34031 
vt 0.58952 0.36852 
vt 0.58308 0.35802 
vt 0.56748 0.28976 
vt 0.30828 0.64148 
vt 0.56748 0.28976 
vt 0.2722 0.64148 
vt 0.58308 0.35802 
vt 0.5931 0.37338 
vt 0.56768 0.28417 
vt 0.12748 0.64148 
vt 0.56753 0.28701 
vt 0.56753 0.28701 
vt 0.26967 0.64148 
vt 0.30181 0.64148 
vt 0.30181 0.64148 
vt 0.1372 0.64148 
vt 0.56768 0.28417 
vt 0.26967 0.64148 
vt 0.10831 0.64148 
vt 0.14204 0.64148 
vt 0.21543 0.64148 
vt 0.58751 0.22656 
vt 0.58751 0.22656 
vt 0.15649 0.64148 
vt 0.01365 0.64148 
vt 0.58434 0.23108 
vt 0.58916 0.22452 
vt 0.51462 0.5884 
vt 0.16127 0.64148 
vt 0.16127 0.64148 
vt 0.51966 0.5884 
vt 0.20705 0.64148 
vt 0.58284 0.23354 
vt 0.20705 0.64148 
vt 0.14687 0.64148 
vt 0.14687 0.64148 
vt 0.58284 0.23354 
vt 0.00467 0.64148 
vt 0.57012 0.32024 
vt 0.15169 0.64148 
vt 0.15169 0.64148 
vt 0.5859 0.22875 
vt 0.27482 0.64148 
vt 0.5859 0.22875 
vt 0.00921 0.64148 
vt 0.5926 0.22096 
vt 0.57157 0.3272 
vt 0.10377 0.64148 
vt 0.15649 0.64148 
vt 0.56868 0.27524 
vt 0.09527 0.64148 
vt 0.56898 0.31302 
vt 0.2544 0.64148 
vt 0.2544 0.64148 
vt 0.24796 0.64148 
vt 0.0765 0.64148 
vt 0.56815 0.30554 
vt 0.27753 0.64148 
vt 0.27753 0.64148 
vt 0.25242 0.64148 
vt 0.25242 0.64148 
vt 0.25103 0.64148 
vt 0.25103 0.64148 
vt 0.56826 0.27827 
vt 0.09943 0.64148 
vt 0.24796 0.64148 
vt 0.56792 0.28125 
vt 0.26267 0.64148 
vt 0.09127 0.64148 
vt 0.5698 0.26905 
vt 0.56792 0.28125 
vt 0.26051 0.64148 
vt 0.26051 0.64148 
vt 0.25842 0.64148 
vt 0.25842 0.64148 
vt 0.5698 0.26905 
vt 0.57209 0.25965 
vt 0.57209 0.25965 
vt 0.56826 0.27827 
vt 0.57048 0.26592 
vt 0.2564 0.64148 
vt 0.2564 0.64148 
vt 0.26267 0.64148 
vt 0.5698 0.26905 
vt 0.05649 0.64148 
vt 0.5692 0.27216 
vt 0.57125 0.26279 
vt 0.57048 0.26592 
vt 0.57125 0.26279 
vt 0.88087 0.31132 
vt 0.89983 0.27158 
vt 0.83971 0.36007 
vt 0.31153 0.64148 
vt 0.31153 0.64148 
vt 0.32121 0.64148 
vt 0.46653 0.64148 
vt 0.46653 0.64148 
vt 0.83971 0.36007 
vt 0.83971 0.36007 
vt 0.61422 0.39385 
vt 0.88087 0.31132 
vt 0.89983 0.27158 
vt 0.80616 0.38481 
vt 0.83574 0.36351 
vt 0.82758 0.3701 
vt 0.83574 0.36351 
vt 0.83574 0.36351 
vt 0.79273 0.3924 
vt 0.32121 0.64148 
vt 0.20273 0.64148 
vt 0.83169 0.36686 
vt 0.45483 0.64148 
vt 0.45483 0.64148 
vt 0.87497 0.32037 
vt 0.17547 0.64148 
vt 0.87797 0.31589 
vt 0.8979 0.27685 
vt 0.82758 0.3701 
vt 0.87186 0.32476 
vt 0.87186 0.32476 
vt 0.44896 0.64148 
vt 0.88087 0.31132 
vt 0.44896 0.64148 
vt 0.16127 0.64148 
vt 0.8979 0.27685 
vt 0.87797 0.31589 
vt 0.87797 0.31589 
vt 0.8979 0.27685 
vt 0.31478 0.64148 
vt 0.31478 0.64148 
vt 0.83574 0.36351 
vt 0.61903 0.39718 
vt 0.71285 0.4169 
vt 0.71285 0.4169 
vt 0.26491 0.64148 
vt 0.70348 0.41761 
vt 0.2722 0.64148 
vt 0.60516 0.38643 
vt 0.60516 0.38643 
vt 0.71285 0.4169 
vt 0.15169 0.64148 
vt 0.60516 0.38643 
vt 0.57765 0.34648 
vt 0.82758 0.3701 
vt 0.89584 0.28204 
vt 0.57765 0.34648 
vt 0.89584 0.28204 
vt 0.89584 0.28204 
vt 0.33056 0.64148 
vt 0.33056 0.64148 
vt 0.87497 0.32037 
vt 0.87186 0.32476 
vt 0.15649 0.64148 
vt 0.5969 0.37799 
vt 0.5969 0.37799 
vt 0.28033 0.64148 
vt 0.60959 0.39027 
vt 0.61903 0.39718 
vt 0.60959 0.39027 
vt 0.26724 0.64148 
vt 0.70348 0.41761 
vt 0.60959 0.39027 
vt 0.46068 0.64148 
vt 0.65708 0.41349 
vt 0.46068 0.64148 
vt 0.61903 0.39718 
vt 0.74603 0.41073 
vt 0.28322 0.64148 
vt 0.60093 0.38234 
vt 0.60093 0.38234 
vt 0.25242 0.64148 
vt 0.5969 0.37799 
vt 0.47238 0.64148 
vt 0.47238 0.64148 
vt 0.75078 0.40939 
vt 0.73653 0.41307 
vt 0.65708 0.41349 
vt 0.65708 0.41349 
vt 0.73653 0.41307 
vt 0.74128 0.41195 
vt 0.25103 0.64148 
vt 0.74603 0.41073 
vt 0.27482 0.64148 
vt 0.47826 0.64148 
vt 0.66909 0.41592 
vt 0.74603 0.41073 
vt 0.66909 0.41592 
vt 0.47826 0.64148 
vt 0.66909 0.41592 
vt 0.75078 0.40939 
vt 0.75078 0.40939 
vt 0.66303 0.41483 
vt 0.27753 0.64148 
vt 0.24796 0.64148 
vt 0.64551 0.41007 
vt 0.40005 0.64148 
vt 0.40005 0.64148 
vt 0.66303 0.41483 
vt 0.66303 0.41483 
vt 0.65123 0.4119 
vt 0.74128 0.41195 
vt 0.2544 0.64148 
vt 0.75078 0.40939 
vt 0.74128 0.41195 
vt 0.78358 0.39693 
vt 0.39347 0.64148 
vt 0.41902 0.64148 
vt 0.64551 0.41007 
vt 0.63446 0.40567 
vt 0.26051 0.64148 
vt 0.72703 0.41495 
vt 0.38673 0.64148 
vt 0.38673 0.64148 
vt 0.65123 0.4119 
vt 0.73178 0.41406 
vt 0.4065 0.64148 
vt 0.73653 0.41307 
vt 0.4065 0.64148 
vt 0.57157 0.3272 
vt 0.26724 0.64148 
vt 0.26724 0.64148 
vt 0.08741 0.64148 
vt 0.57012 0.32024 
vt 0.57012 0.32024 
vt 0.57157 0.3272 
vt 0.56765 0.29778 
vt 0.58952 0.36852 
vt 0.13235 0.64148 
vt 0.2722 0.64148 
vt 0.26491 0.64148 
vt 0.26491 0.64148 
vt 0.56748 0.28976 
vt 0.28322 0.64148 
vt 0.56898 0.31302 
vt 0.08004 0.64148 
vt 0.56826 0.27827 
vt 0.28033 0.64148 
vt 0.56815 0.30554 
vt 0.28033 0.64148 
vt 0.56768 0.28417 
vt 0.56815 0.30554 
vt 0.24479 0.64148 
vt 0.81055 0.38207 
vt 0.77896 0.39904 
vt 0.68782 0.41773 
vt 0.77896 0.39904 
vt 0.69883 0.41779 
vt 0.69421 0.41785 
vt 0.67525 0.41677 
vt 0.81918 0.37629 
vt 0.81918 0.37629 
vt 0.75551 0.40794 
vt 0.27482 0.64148 
vt 0.68782 0.41773 
vt 0.08367 0.64148 
vt 0.56898 0.31302 
vt 0.28322 0.64148 
vt 0.67525 0.41677 
vt 0.68149 0.41737 
vt 0.34208 0.64148 
vt 0.23812 0.64148 
vt 0.76964 0.40293 
vt 0.76964 0.40293 
vt 0.76495 0.40471 
vt 0.67525 0.41677 
vt 0.81055 0.38207 
vt 0.81055 0.38207 
vt 0.81489 0.37923 
vt 0.68149 0.41737 
vt 0.76495 0.40471 
vt 0.82341 0.37325 
vt 0.76495 0.40471 
vt 0.68782 0.41773 
vt 0.76024 0.40638 
vt 0.82341 0.37325 
vt 0.23462 0.64148 
vt 0.75551 0.40794 
vt 0.80173 0.38745 
vt 0.37982 0.64148 
vt 0.80173 0.38745 
vt 0.3501 0.64148 
vt 0.69421 0.41785 
vt 0.76024 0.40638 
vt 0.76024 0.40638 
vt 0.68149 0.41737 
vt 0.3501 0.64148 
vt 0.81489 0.37923 
vt 0.81489 0.37923 
vt 0.75551 0.40794 
vt 0.19388 0.64148 
vt 0.34208 0.64148 
vt 0.85119 0.34916 
vt 0.85119 0.34916 
vt 0.85486 0.34533 
vt 0.80173 0.38745 
vt 0.80173 0.38745 
vt 0.18935 0.64148 
vt 0.33933 0.64148 
vt 0.33933 0.64148 
vt 0.80616 0.38481 
vt 0.80616 0.38481 
vt 0.19834 0.64148 
vt 0.85119 0.34916 
vt 0.33649 0.64148 
vt 0.33649 0.64148 
vt 0.18477 0.64148 
vt 0.79725 0.38998 
vt 0.37982 0.64148 
vt 0.21543 0.64148 
vt 0.79273 0.3924 
vt 0.85486 0.34533 
vt 0.79725 0.38998 
vt 0.85119 0.34916 
vt 0.79273 0.3924 
vt 0.37272 0.64148 
vt 0.37272 0.64148 
vt 0.85486 0.34533 
vt 0.84744 0.35289 
vt 0.89983 0.27158 
vt 0.36541 0.64148 
vt 0.20705 0.64148 
vt 0.36541 0.64148 
vt 0.84744 0.35289 
vt 0.31801 0.64148 
vt 0.31801 0.64148 
vt 0.84361 0.35653 
vt 0.35787 0.64148 
vt 0.84744 0.35289 
vt 0.84361 0.35653 
vt 0.21129 0.64148 
vt 0.35787 0.64148 
vt 0.79725 0.38998 
vt 0.84361 0.35653 
vt 0.89347 0.11011 
vt 0.89347 0.11011 
vt 0.90969 0.17171 
vt 0.08504 0.69456 
vt 0.11034 0.69456 
vt 0.30181 0.64148 
vt 0.88705 0.09683 
vt 0.89726 0.11944 
vt 0.0951 0.69456 
vt 0.0951 0.69456 
vt 0.26967 0.64148 
vt 0.30828 0.64148 
vt 0.88705 0.09683 
vt 0.90969 0.17171 
vt 0.88929 0.10116 
vt 0.90969 0.17171 
vt 0.90716 0.15504 
vt 0.88929 0.10116 
vt 0.90812 0.1605 
vt 0.88929 0.10116 
vt 0.89542 0.11473 
vt 0.10524 0.69456 
vt 0.10524 0.69456 
vt 0.2986 0.64148 
vt 0.89542 0.11473 
vt 0.11034 0.69456 
vt 0.44307 0.64148 
vt 0.44307 0.64148 
vt 0.83169 0.36686 
vt 0.39347 0.64148 
vt 0.86534 0.33327 
vt 0.86864 0.32906 
vt 0.52038 0.64148 
vt 0.52038 0.64148 
vt 0.86864 0.32906 
vt 0.86534 0.33327 
vt 0.86534 0.33327 
vt 0.07507 0.69456 
vt 0.89542 0.11473 
vt 0.89726 0.11944 
vt 0.10016 0.69456 
vt 0.10016 0.69456 
vt 0.07507 0.69456 
vt 0.08504 0.69456 
vt 0.89726 0.11944 
vt 0.08004 0.69456 
vt 0.08004 0.69456 
vt 0.43715 0.64148 
vt 0.89143 0.10559 
vt 0.87497 0.32037 
vt 0.89365 0.28713 
vt 0.83169 0.36686 
vt 0.43715 0.64148 
vt 0.90934 0.2324 
vt 0.85844 0.3414 
vt 0.90934 0.2324 
vt 0.86193 0.33738 
vt 0.86193 0.33738 
vt 0.49605 0.64148 
vt 0.49605 0.64148 
vt 0.90934 0.2324 
vt 0.89584 0.28204 
vt 0.90736 0.244 
vt 0.90736 0.244 
vt 0.50206 0.64148 
vt 0.90736 0.244 
vt 0.50206 0.64148 
vt 0.34208 0.64148 
vt 0.50812 0.64148 
vt 0.86864 0.32906 
vt 0.91009 0.22648 
vt 0.91009 0.22648 
vt 0.85844 0.3414 
vt 0.91009 0.22648 
vt 0.89134 0.29215 
vt 0.50812 0.64148 
vt 0.51422 0.64148 
vt 0.41281 0.64148 
vt 0.51422 0.64148 
vt 0.86864 0.32906 
vt 0.85844 0.3414 
vt 0.86193 0.33738 
vt 0.89134 0.29215 
vt 0.90615 0.24968 
vt 0.02669 0.69456 
vt 0.0314 0.69456 
vt 0.0314 0.69456 
vt 0.90615 0.24968 
vt 0.89134 0.29215 
vt 0.37272 0.64148 
vt 0.33933 0.64148 
vt 0.90615 0.24968 
vt 0.90162 0.26623 
vt 0.01735 0.69456 
vt 0.91029 0.17745 
vt 0.37982 0.64148 
vt 0.88366 0.30666 
vt 0.90162 0.26623 
vt 0.88634 0.30191 
vt 0.88366 0.30666 
vt 0.90162 0.26623 
vt 0.91029 0.17745 
vt 0.89365 0.28713 
vt 0.90843 0.23824 
vt 0.90843 0.23824 
vt 0.3501 0.64148 
vt 0.48416 0.64148 
vt 0.89365 0.28713 
vt 0.90843 0.23824 
vt 0.8889 0.29707 
vt 0.90478 0.25528 
vt 0.8889 0.29707 
vt 0.48416 0.64148 
vt 0.49008 0.64148 
vt 0.49008 0.64148 
vt 0.90478 0.25528 
vt 0.02669 0.69456 
vt 0.90478 0.25528 
vt 0.8889 0.29707 
vt 0.33649 0.64148 
vt 0.63992 0.40799 
vt 0.63446 0.40567 
vt 0.23101 0.64148 
vt 0.63446 0.40567 
vt 0.69883 0.41779 
vt 0.73178 0.41406 
vt 0.2564 0.64148 
vt 0.77431 0.40104 
vt 0.65123 0.4119 
vt 0.22727 0.64148 
vt 0.78817 0.39472 
vt 0.73178 0.41406 
vt 0.26267 0.64148 
vt 0.72703 0.41495 
vt 0.72703 0.41495 
vt 0.64551 0.41007 
vt 0.39347 0.64148 
vt 0.78817 0.39472 
vt 0.72703 0.41495 
vt 0.41902 0.64148 
vt 0.78817 0.39472 
vt 0.22343 0.64148 
vt 0.78817 0.39472 
vt 0.72229 0.41571 
vt 0.72229 0.41571 
vt 0.72229 0.41571 
vt 0.41281 0.64148 
vt 0.81918 0.37629 
vt 0.42514 0.64148 
vt 0.81918 0.37629 
vt 0.68782 0.41773 
vt 0.42514 0.64148 
vt 0.21948 0.64148 
vt 0.78358 0.39693 
vt 0.41281 0.64148 
vt 0.78358 0.39693 
vt 0.71757 0.41636 
vt 0.63992 0.40799 
vt 0.63992 0.40799 
vt 0.70348 0.41761 
vt 0.25842 0.64148 
vt 0.77896 0.39904 
vt 0.71757 0.41636 
vt 0.71757 0.41636 
vt 0.43117 0.64148 
vt 0.43117 0.64148 
vt 0.91136 0.20826 
vt 0.07011 0.69456 
vt 0.91136 0.20826 
vt 0.07011 0.69456 
vt 0.91136 0.20826 
vt 0.0554 0.69456 
vt 0.0554 0.69456 
vt 0.69421 0.41785 
vt 0.90358 0.13922 
vt 0.77431 0.40104 
vt 0.33056 0.64148 
vt 0.76964 0.40293 
vt 0.90358 0.13922 
vt 0.76964 0.40293 
vt 0.77431 0.40104 
vt 0.90488 0.1444 
vt 0.24151 0.64148 
vt 0.90488 0.1444 
vt 0.82341 0.37325 
vt 0.90488 0.1444 
vt 0.90358 0.13922 
vt 0.06028 0.69456 
vt 0.9111 0.21441 
vt 0.9111 0.21441 
vt 0.06518 0.69456 
vt 0.06518 0.69456 
vt 0.9111 0.21441 
vt 0.91068 0.22048 
vt 0.31478 0.64148 
vt 0.32749 0.64148 
vt 0.05055 0.69456 
vt 0.90608 0.14968 
vt 0.05055 0.69456 
vt 0.90608 0.14968 
vt 0.90896 0.16606 
vt 0.03615 0.69456 
vt 0.03615 0.69456 
vt 0.90216 0.13414 
vt 0.91068 0.22048 
vt 0.33356 0.64148 
vt 0.06028 0.69456 
vt 0.90216 0.13414 
vt 0.04572 0.69456 
vt 0.90716 0.15504 
vt 0.04572 0.69456 
vt 0.32437 0.64148 
vt 0.90716 0.15504 
vt 0.28618 0.64148 
vt 0.2892 0.64148 
vt 0.90896 0.16606 
vt 0.30504 0.64148 
vt 0.89143 0.10559 
vt 0.89143 0.10559 
vt 0.90812 0.1605 
vt 0.29228 0.64148 
vt 0.04092 0.69456 
vt 0.04092 0.69456 
vt 0.29542 0.64148 
vt 0.90608 0.14968 
vt 0.90812 0.1605 
vt 0.88705 0.09683 
vt 0.82494 0.02999 
vt 0.26957 0.69456 
vt 0.26957 0.69456 
vt 0.82871 0.03243 
vt 0.76695 0.00583 
vt 0.5266 0.64148 
vt 0.43117 0.64148 
vt 0.25301 0.69456 
vt 0.76695 0.00583 
vt 0.01272 0.69456 
vt 0.25301 0.69456 
vt 0.40005 0.64148 
vt 0.26402 0.69456 
vt 0.26402 0.69456 
vt 0.28076 0.69456 
vt 0.28076 0.69456 
vt 0.2044 0.69456 
vt 0.01735 0.69456 
vt 0.2044 0.69456 
vt 0.41902 0.64148 
vt 0.00633 0.69456 
vt 0.022 0.69456 
vt 0.27515 0.69456 
vt 0.83608 0.0376 
vt 0.27515 0.69456 
vt 0.899 0.12424 
vt 0.90063 0.12914 
vt 0.899 0.12424 
vt 0.87448 0.07657 
vt 0.87448 0.07657 
vt 0.8717 0.0728 
vt 0.86884 0.06913 
vt 0.77135 0.00693 
vt 0.4065 0.64148 
vt 0.77135 0.00693 
vt 0.83608 0.0376 
vt 0.2585 0.69456 
vt 0.42514 0.64148 
vt 0.2585 0.69456 
vt 0.53287 0.64148 
vt 0.77135 0.00693 
vt 0.90063 0.12914 
vt 0.86884 0.06913 
vt 0.09006 0.69456 
vt 0.09006 0.69456 
vt 0.899 0.12424 
vt 0.38673 0.64148 
vt 0.13606 0.69456 
vt 0.13606 0.69456 
vt 0.87717 0.08043 
vt 0.88229 0.08844 
vt 0.14124 0.69456 
vt 0.90063 0.12914 
vt 0.8659 0.06555 
vt 0.14644 0.69456 
vt 0.86884 0.06913 
vt 0.8659 0.06555 
vt 0.14644 0.69456 
vt 0.8717 0.0728 
vt 0.87717 0.08043 
vt 0.15165 0.69456 
vt 0.87977 0.08439 
vt 0.87977 0.08439 
vt 0.15165 0.69456 
vt 0.88472 0.09259 
vt 0.12572 0.69456 
vt 0.88472 0.09259 
vt 0.12572 0.69456 
vt 0.83967 0.04033 
vt 0.84665 0.04606 
vt 0.85004 0.04907 
vt 0.85004 0.04907 
vt 0.13088 0.69456 
vt 0.13088 0.69456 
vt 0.87448 0.07657 
vt 0.88229 0.08844 
vt 0.14124 0.69456 
vt 0.87977 0.08439 
vt 0.8717 0.0728 
vt 0.91077 0.18328 
vt 0.31801 0.64148 
vt 0.88366 0.30666 
vt 0.5266 0.64148 
vt 0.01272 0.69456 
vt 0.91145 0.20203 
vt 0.91145 0.20203 
vt 0.01272 0.69456 
vt 0.91145 0.20203 
vt 0.5266 0.64148 
vt 0.90327 0.2608 
vt 0.90327 0.2608 
vt 0.01735 0.69456 
vt 0.022 0.69456 
vt 0.022 0.69456 
vt 0.90327 0.2608 
vt 0.88634 0.30191 
vt 0.88634 0.30191 
vt 0.00633 0.69456 
vt 0.00633 0.69456 
vt 0.35787 0.64148 
vt 0.88366 0.30666 
vt 0.91112 0.18921 
vt 0.91029 0.17745 
vt 0.91112 0.18921 
vt 0.36541 0.64148 
vt 0.91077 0.18328 
vt 0.15688 0.69456 
vt 0.15688 0.69456 
vt 0.52038 0.64148 
vt 0.81328 0.02324 
vt 0.86288 0.06207 
vt 0.86288 0.06207 
vt 0.81328 0.02324 
vt 0.16736 0.69456 
vt 0.16211 0.69456 
vt 0.16211 0.69456 
vt 0.23665 0.69456 
vt 0.23665 0.69456 
vt 0.85978 0.05868 
vt 0.85978 0.05868 
vt 0.91135 0.19523 
vt 0.53287 0.64148 
vt 0 0.69456 
vt 0.91135 0.19523 
vt 0.91135 0.19523 
vt 0.31153 0.64148 
vt 0.91112 0.18921 
vt 0.91077 0.18328 
vt 0.32121 0.64148 
vt 0.17262 0.69456 
vt 0.86288 0.06207 
vt 0.17262 0.69456 
vt 0.85978 0.05868 
vt 0.81722 0.0254 
vt 0.46068 0.64148 
vt 0.49605 0.64148 
vt 0.81328 0.02324 
vt 0.22584 0.69456 
vt 0.82494 0.02999 
vt 0.22584 0.69456 
vt 0.50206 0.64148 
vt 0.83242 0.03497 
vt 0.23124 0.69456 
vt 0.23124 0.69456 
vt 0.50812 0.64148 
vt 0.22046 0.69456 
vt 0.22046 0.69456 
vt 0.81722 0.0254 
vt 0.80929 0.02118 
vt 0.80929 0.02118 
vt 0.82111 0.02765 
vt 0.51422 0.64148 
vt 0.82111 0.02765 
vt 0.83242 0.03497 
vt 0.02669 0.69456 
vt 0.21509 0.69456 
vt 0.21509 0.69456 
vt 0.82871 0.03243 
vt 0.19908 0.69456 
vt 0.0314 0.69456 
vt 0.19908 0.69456 
vt 0.47826 0.64148 
vt 0.82871 0.03243 
vt 0.82494 0.02999 
vt 0.48416 0.64148 
vt 0.80929 0.02118 
vt 0.82111 0.02765 
vt 0.47238 0.64148 
vt 0.20974 0.69456 
vt 0.49008 0.64148 
vt 0.20974 0.69456 
vt 0.83608 0.0376 
vt 0.68527 0.00254 
vt 0.70102 0.00065 
vt 0.72146 0.00006 
vt 0.71681 0.00001 
vt 0.45089 0.69456 
vt 0.45089 0.69456 
vt 0.70891 0.00017 
vt 0.70891 0.00017 
vt 0.46069 0.69456 
vt 0.46069 0.69456 
vt 0.68527 0.00254 
vt 0.70891 0.00017 
vt 0.17262 0.69456 
vt 0.68527 0.00254 
vt 0.382 0.69456 
vt 0.16211 0.69456 
vt 0.382 0.69456 
vt 0.15688 0.69456 
vt 0.73072 0.00045 
vt 0.18317 0.69456 
vt 0.39332 0.69456 
vt 0.73072 0.00045 
vt 0.7261 0.0002 
vt 0.39332 0.69456 
vt 0.06518 0.69456 
vt 0.75804 0.00391 
vt 0.24753 0.69456 
vt 0.24753 0.69456 
vt 0.24208 0.69456 
vt 0.24208 0.69456 
vt 0.75355 0.00309 
vt 0.76251 0.00482 
vt 0.76251 0.00482 
vt 0.80525 0.01921 
vt 0.71681 0.00001 
vt 0.45581 0.69456 
vt 0.45581 0.69456 
vt 0.75804 0.00391 
vt 0.75355 0.00309 
vt 0.23665 0.69456 
vt 0.75804 0.00391 
vt 0.72146 0.00006 
vt 0.30938 0.69456 
vt 0.74448 0.00174 
vt 0.05055 0.69456 
vt 0.74902 0.00237 
vt 0.30938 0.69456 
vt 0.74902 0.00237 
vt 0.73991 0.00122 
vt 0.73991 0.00122 
vt 0.73991 0.00122 
vt 0.32711 0.69456 
vt 0.32711 0.69456 
vt 0.04572 0.69456 
vt 0.30357 0.69456 
vt 0.30357 0.69456 
vt 0.80525 0.01921 
vt 0.06028 0.69456 
vt 0.0554 0.69456 
vt 0.07011 0.69456 
vt 0.31524 0.69456 
vt 0.76251 0.00482 
vt 0.2864 0.69456 
vt 0.10524 0.69456 
vt 0.78436 0.01082 
vt 0.80116 0.01735 
vt 0.80525 0.01921 
vt 0.2864 0.69456 
vt 0.79285 0.01389 
vt 0.78863 0.01231 
vt 0.78863 0.01231 
vt 0.78863 0.01231 
vt 0.32115 0.69456 
vt 0.04092 0.69456 
vt 0.32115 0.69456 
vt 0.2978 0.69456 
vt 0.2978 0.69456 
vt 0.75355 0.00309 
vt 0.31524 0.69456 
vt 0.03615 0.69456 
vt 0.74448 0.00174 
vt 0.29208 0.69456 
vt 0.29208 0.69456 
vt 0.74902 0.00237 
vt 0.84319 0.04315 
vt 0.45483 0.64148 
vt 0.17789 0.69456 
vt 0.17789 0.69456 
vt 0.84319 0.04315 
vt 0.85336 0.05218 
vt 0.85336 0.05218 
vt 0.18317 0.69456 
vt 0.18317 0.69456 
vt 0.88229 0.08844 
vt 0.12058 0.69456 
vt 0.84665 0.04606 
vt 0.46653 0.64148 
vt 0.18846 0.69456 
vt 0.83967 0.04033 
vt 0.18846 0.69456 
vt 0.11545 0.69456 
vt 0.11545 0.69456 
vt 0.44896 0.64148 
vt 0.19376 0.69456 
vt 0.19376 0.69456 
vt 0.85661 0.05538 
vt 0.12058 0.69456 
vt 0.14124 0.69456 
vt 0.12572 0.69456 
vt 0.07507 0.69456 
vt 0.35841 0.69456 
vt 0.35841 0.69456 
vt 0.84665 0.04606 
vt 0.85004 0.04907 
vt 0.16736 0.69456 
vt 0.85336 0.05218 
vt 0.83967 0.04033 
vt 0.35162 0.69456 
vt 0.35162 0.69456 
vt 0.13606 0.69456 
vt 0.85661 0.05538 
vt 0.43715 0.64148 
vt 0.08004 0.69456 
vt 0.44307 0.64148 
vt 0.33314 0.69456 
vt 0.33314 0.69456 
vt 0.40974 0.69456 
vt 0.42037 0.69456 
vt 0.42037 0.69456 
vt 0.12058 0.69456 
vt 0.73533 0.00078 
vt 0.73533 0.00078 
vt 0.34539 0.69456 
vt 0.33923 0.69456 
vt 0.33923 0.69456 
vt 0.34539 0.69456 
vt 0.13088 0.69456 
vt 0.7261 0.0002 
vt 0.73533 0.00078 
vt 0.3877 0.69456 
vt 0.73072 0.00045 
vt 0.3877 0.69456 
vt 0.16736 0.69456 
vt 0.19376 0.69456 
vt 0.72146 0.00006 
vt 0.17789 0.69456 
vt 0.40434 0.69456 
vt 0.7261 0.0002 
vt 0.71681 0.00001 
vt 0.40434 0.69456 
vt 0.18846 0.69456 
vt 0.41509 0.69456 
vt 0.41509 0.69456 
vt 0.40974 0.69456 
vt 0.39886 0.69456 
vt 0.39886 0.69456 
vt 0.11545 0.69456 
vt 0.35841 0.69456 
vt 0.53143 0.09121 
vt 0.0135 0.74764 
vt 0.60094 0.03416 
vt 0.0135 0.74764 
vt 0.51877 0.10553 
vt 0.34539 0.69456 
vt 0.37623 0.69456 
vt 0.52504 0.09825 
vt 0.00901 0.74764 
vt 0.52504 0.09825 
vt 0.52504 0.09825 
vt 0.60094 0.03416 
vt 0.00901 0.74764 
vt 0.52504 0.09825 
vt 0.33923 0.69456 
vt 0.37038 0.69456 
vt 0.61583 0.02586 
vt 0.55127 0.07148 
vt 0.61583 0.02586 
vt 0.61583 0.02586 
vt 0.55127 0.07148 
vt 0.61583 0.02586 
vt 0.5581 0.06539 
vt 0.62336 0.02212 
vt 0.01799 0.74764 
vt 0.01799 0.74764 
vt 0.62336 0.02212 
vt 0.43075 0.69456 
vt 0.22046 0.69456 
vt 0.44593 0.69456 
vt 0.44593 0.69456 
vt 0.67741 0.00395 
vt 0.65402 0.00999 
vt 0.22584 0.69456 
vt 0.44092 0.69456 
vt 0.23124 0.69456 
vt 0.67741 0.00395 
vt 0.66178 0.00768 
vt 0.44092 0.69456 
vt 0.66178 0.00768 
vt 0.66178 0.00768 
vt 0.00451 0.74764 
vt 0.00451 0.74764 
vt 0.53143 0.09121 
vt 0.51877 0.10553 
vt 0.60835 0.02987 
vt 0.36444 0.69456 
vt 0.51877 0.10553 
vt 0.33314 0.69456 
vt 0.53793 0.08439 
vt 0.07206 0.74764 
vt 0.00001 0.74764 
vt 0.07206 0.74764 
vt 0.53948 0.69456 
vt 0.28076 0.69456 
vt 0.64629 0.01259 
vt 0.63095 0.01866 
vt 0.64629 0.01259 
vt 0.19908 0.69456 
vt 0.6386 0.01548 
vt 0.42559 0.69456 
vt 0.42559 0.69456 
vt 0.6386 0.01548 
vt 0.63095 0.01866 
vt 0.49851 0.69456 
vt 0.49851 0.69456 
vt 0.21509 0.69456 
vt 0.49388 0.69456 
vt 0.6386 0.01548 
vt 0.49388 0.69456 
vt 0.20974 0.69456 
vt 0.66959 0.00567 
vt 0.43586 0.69456 
vt 0.66959 0.00567 
vt 0.66959 0.00567 
vt 0.43586 0.69456 
vt 0.43075 0.69456 
vt 0.67741 0.00395 
vt 0.67741 0.00395 
vt 0.65402 0.00999 
vt 0.48454 0.69456 
vt 0.48454 0.69456 
vt 0.47984 0.69456 
vt 0.47984 0.69456 
vt 0.26957 0.69456 
vt 0.65402 0.00999 
vt 0.48922 0.69456 
vt 0.48922 0.69456 
vt 0.27515 0.69456 
vt 0.2044 0.69456 
vt 0.36444 0.69456 
vt 0.36444 0.69456 
vt 0.78006 0.00943 
vt 0.09006 0.69456 
vt 0.14644 0.69456 
vt 0.78436 0.01082 
vt 0.10016 0.69456 
vt 0.37623 0.69456 
vt 0.37623 0.69456 
vt 0.08504 0.69456 
vt 0.79703 0.01557 
vt 0.79285 0.01389 
vt 0.0951 0.69456 
vt 0.79285 0.01389 
vt 0.79703 0.01557 
vt 0.11034 0.69456 
vt 0.79703 0.01557 
vt 0.80116 0.01735 
vt 0.50312 0.69456 
vt 0.50312 0.69456 
vt 0.53497 0.69456 
vt 0.32115 0.69456 
vt 0.51685 0.69456 
vt 0.51685 0.69456 
vt 0.31524 0.69456 
vt 0.37038 0.69456 
vt 0.37038 0.69456 
vt 0.77573 0.00813 
vt 0.77573 0.00813 
vt 0.51229 0.69456 
vt 0.51229 0.69456 
vt 0.78006 0.00943 
vt 0.78006 0.00943 
vt 0.77573 0.00813 
vt 0.15165 0.69456 
vt 0.2978 0.69456 
vt 0.2864 0.69456 
vt 0.29208 0.69456 
vt 0.55127 0.07148 
vt 0.02698 0.74764 
vt 0.02698 0.74764 
vt 0.30938 0.69456 
vt 0.50772 0.69456 
vt 0.50772 0.69456 
vt 0.30357 0.69456 
vt 0.53143 0.09121 
vt 0.60094 0.03416 
vt 0.53793 0.08439 
vt 0.54455 0.07782 
vt 0.53793 0.08439 
vt 0.60835 0.02987 
vt 0.54455 0.07782 
vt 0.54455 0.07782 
vt 0.60835 0.02987 
vt 0.55127 0.07148 
vt 0.62336 0.02212 
vt 0.02249 0.74764 
vt 0.02249 0.74764 
vt 0.5581 0.06539 
vt 0.5581 0.06539 
vt 0.03147 0.74764 
vt 0.56502 0.05955 
vt 0.03147 0.74764 
vt 0.56502 0.05955 
vt 0.56502 0.05955 
vt 0.13509 0.74764 
vt 0.13509 0.74764 
vt 0.53046 0.69456 
vt 0.143 0.74764 
vt 0.143 0.74764 
vt 0.57914 0.04861 
vt 0.57914 0.04861 
vt 0.57914 0.04861 
vt 0.08116 0.74764 
vt 0.57204 0.05395 
vt 0.57204 0.05395 
vt 0.08116 0.74764 
vt 0.57204 0.05395 
vt 0.35162 0.69456 
vt 0.07661 0.74764 
vt 0.57914 0.04861 
vt 0.09029 0.74764 
vt 0.09029 0.74764 
vt 0.09487 0.74764 
vt 0.5936 0.03871 
vt 0.07661 0.74764 
vt 0.09487 0.74764 
vt 0.11328 0.74764 
vt 0.63459 0.05786 
vt 0.11328 0.74764 
vt 0.4751 0.69456 
vt 0.71621 0.05656 
vt 0.71621 0.05656 
vt 0.71621 0.05656 
vt 0.1179 0.74764 
vt 0.6406 0.0565 
vt 0.6406 0.0565 
vt 0.47984 0.69456 
vt 0.75966 0.07092 
vt 0.77405 0.07879 
vt 0.1179 0.74764 
vt 0.53497 0.69456 
vt 0.69496 0.05353 
vt 0.69496 0.05353 
vt 0.56974 0.08523 
vt 0.75966 0.07092 
vt 0.69496 0.05353 
vt 0.56974 0.08523 
vt 0.15093 0.74764 
vt 0.75593 0.06917 
vt 0.75966 0.07092 
vt 0.46553 0.69456 
vt 0.15093 0.74764 
vt 0.47033 0.69456 
vt 0.75966 0.07092 
vt 0.52593 0.69456 
vt 0.09945 0.74764 
vt 0.09945 0.74764 
vt 0.41509 0.69456 
vt 0.40434 0.69456 
vt 0.53083 0.11337 
vt 0.04946 0.74764 
vt 0.39332 0.69456 
vt 0.53083 0.11337 
vt 0.53623 0.10889 
vt 0.04946 0.74764 
vt 0.05397 0.74764 
vt 0.05397 0.74764 
vt 0.39886 0.69456 
vt 0.03596 0.74764 
vt 0.52021 0.12276 
vt 0.03596 0.74764 
vt 0.52021 0.12276 
vt 0.5936 0.03871 
vt 0.58633 0.04353 
vt 0.58633 0.04353 
vt 0.5936 0.03871 
vt 0.08572 0.74764 
vt 0.58633 0.04353 
vt 0.70102 0.00065 
vt 0.42037 0.69456 
vt 0.50986 0.13272 
vt 0.08572 0.74764 
vt 0.10405 0.74764 
vt 0.10405 0.74764 
vt 0.515 0.12767 
vt 0.40974 0.69456 
vt 0.50986 0.13272 
vt 0.50986 0.13272 
vt 0.515 0.12767 
vt 0.46553 0.69456 
vt 0.46553 0.69456 
vt 0.53497 0.69456 
vt 0.25301 0.69456 
vt 0.53046 0.69456 
vt 0.61662 0.06311 
vt 0.18292 0.74764 
vt 0.49499 0.13686 
vt 0.18292 0.74764 
vt 0.24753 0.69456 
vt 0.53046 0.69456 
vt 0.70355 0.05448 
vt 0.69314 0.00144 
vt 0.2585 0.69456 
vt 0.69314 0.00144 
vt 0.4751 0.69456 
vt 0.49499 0.13686 
vt 0.4751 0.69456 
vt 0.69314 0.00144 
vt 0.44092 0.69456 
vt 0.49499 0.13686 
vt 0.70355 0.05448 
vt 0.61067 0.06524 
vt 0.19102 0.74764 
vt 0.19102 0.74764 
vt 0.4894 0.14523 
vt 0.4894 0.14523 
vt 0.64629 0.01259 
vt 0.26402 0.69456 
vt 0.47033 0.69456 
vt 0.47033 0.69456 
vt 0.44593 0.69456 
vt 0.61662 0.06311 
vt 0.19918 0.74764 
vt 0.63095 0.01866 
vt 0.16685 0.74764 
vt 0.16685 0.74764 
vt 0.24208 0.69456 
vt 0.52593 0.69456 
vt 0.52593 0.69456 
vt 0.70102 0.00065 
vt 0.70102 0.00065 
vt 0.5214 0.69456 
vt 0.5214 0.69456 
vt 0.32711 0.69456 
vt 0.72036 0.05742 
vt 0.71202 0.05578 
vt 0.19918 0.74764 
vt 0.20739 0.74764 
vt 0.71202 0.05578 
vt 0.48922 0.69456 
vt 0.20739 0.74764 
vt 0.49488 0.14865 
vt 0.62259 0.06117 
vt 0.62259 0.06117 
vt 0.50479 0.1379 
vt 0.50479 0.1379 
vt 0.71202 0.05578 
vt 0.49388 0.69456 
vt 0.59882 0.07007 
vt 0.61662 0.06311 
vt 0.49979 0.14321 
vt 0.21567 0.74764 
vt 0.62858 0.05942 
vt 0.49979 0.14321 
vt 0.21567 0.74764 
vt 0.62858 0.05942 
vt 0.12254 0.74764 
vt 0.12254 0.74764 
vt 0.12719 0.74764 
vt 0.12719 0.74764 
vt 0.48454 0.69456 
vt 0.50661 0.12075 
vt 0.50661 0.12075 
vt 0.50661 0.12075 
vt 0.50661 0.12075 
vt 0.43075 0.69456 
vt 0.17486 0.74764 
vt 0.50073 0.1287 
vt 0.17486 0.74764 
vt 0.50073 0.1287 
vt 0.43586 0.69456 
vt 0.50073 0.1287 
vt 0.72036 0.05742 
vt 0.49851 0.69456 
vt 0.59882 0.07007 
vt 0.63459 0.05786 
vt 0.63459 0.05786 
vt 0.50479 0.1379 
vt 0.59882 0.07007 
vt 0.62259 0.06117 
vt 0.61067 0.06524 
vt 0.72036 0.05742 
vt 0.61067 0.06524 
vt 0.7078 0.05508 
vt 0.7078 0.05508 
vt 0.49979 0.14321 
vt 0.60473 0.06756 
vt 0.7078 0.05508 
vt 0.6406 0.0565 
vt 0.42559 0.69456 
vt 0.10866 0.74764 
vt 0.60473 0.06756 
vt 0.10866 0.74764 
vt 0.60473 0.06756 
vt 0.84325 0.16966 
vt 0.15887 0.74764 
vt 0.8472 0.18387 
vt 0.84598 0.17904 
vt 0.79704 0.09601 
vt 0.39815 0.74764 
vt 0.39815 0.74764 
vt 0.59294 0.07275 
vt 0.59294 0.07275 
vt 0.16685 0.74764 
vt 0.40822 0.74764 
vt 0.40822 0.74764 
vt 0.76334 0.07275 
vt 0.02698 0.74764 
vt 0.57549 0.08186 
vt 0.76696 0.07467 
vt 0.76334 0.07275 
vt 0.58709 0.07561 
vt 0.30256 0.74764 
vt 0.30256 0.74764 
vt 0.03147 0.74764 
vt 0.56404 0.08878 
vt 0.76696 0.07467 
vt 0.77752 0.08098 
vt 0.3117 0.74764 
vt 0.76696 0.07467 
vt 0.3117 0.74764 
vt 0.5214 0.69456 
vt 0.57549 0.08186 
vt 0.56974 0.08523 
vt 0.69927 0.05396 
vt 0.57549 0.08186 
vt 0.47908 0.74764 
vt 0.063 0.74764 
vt 0.78427 0.08563 
vt 0.80593 0.10473 
vt 0.79704 0.09601 
vt 0.47908 0.74764 
vt 0.80593 0.10473 
vt 0.80593 0.10473 
vt 0.3685 0.74764 
vt 0.3685 0.74764 
vt 0.78755 0.08809 
vt 0.79704 0.09601 
vt 0.78755 0.08809 
vt 0.17486 0.74764 
vt 0.84598 0.17904 
vt 0.84325 0.16966 
vt 0.84598 0.17904 
vt 0.41468 0.74764 
vt 0.41468 0.74764 
vt 0.8472 0.18387 
vt 0.8472 0.18387 
vt 0.18292 0.74764 
vt 0.42202 0.74764 
vt 0.42202 0.74764 
vt 0.77405 0.07879 
vt 0.78092 0.08326 
vt 0.78092 0.08326 
vt 0.58709 0.07561 
vt 0.77054 0.07669 
vt 0.32094 0.74764 
vt 0.77054 0.07669 
vt 0.32094 0.74764 
vt 0.02249 0.74764 
vt 0.67674 0.05268 
vt 0.73259 0.06055 
vt 0.77405 0.07879 
vt 0.33027 0.74764 
vt 0.33027 0.74764 
vt 0.58709 0.07561 
vt 0.77054 0.07669 
vt 0.73659 0.06176 
vt 0.81679 0.11763 
vt 0.81151 0.111 
vt 0.81151 0.111 
vt 0.01799 0.74764 
vt 0.73259 0.06055 
vt 0.64662 0.05535 
vt 0.64662 0.05535 
vt 0.67674 0.05268 
vt 0.80875 0.10782 
vt 0.67674 0.05268 
vt 0.73659 0.06176 
vt 0.81419 0.11427 
vt 0.0135 0.74764 
vt 0.74055 0.06307 
vt 0.65265 0.05439 
vt 0.65867 0.05365 
vt 0.65265 0.05439 
vt 0.65265 0.05439 
vt 0.24091 0.74764 
vt 0.73259 0.06055 
vt 0.80875 0.10782 
vt 0.74446 0.06446 
vt 0.78092 0.08326 
vt 0.69063 0.05319 
vt 0.75593 0.06917 
vt 0.55276 0.09635 
vt 0.50772 0.69456 
vt 0.58127 0.07865 
vt 0.76334 0.07275 
vt 0.58127 0.07865 
vt 0.58127 0.07865 
vt 0.55276 0.09635 
vt 0.55276 0.09635 
vt 0.72855 0.05942 
vt 0.33969 0.74764 
vt 0.72855 0.05942 
vt 0.72855 0.05942 
vt 0.51685 0.69456 
vt 0.2935 0.74764 
vt 0.2935 0.74764 
vt 0.55838 0.09249 
vt 0.55838 0.09249 
vt 0.69063 0.05319 
vt 0.69063 0.05319 
vt 0.75593 0.06917 
vt 0.78092 0.08326 
vt 0.55838 0.09249 
vt 0.51229 0.69456 
vt 0.56404 0.08878 
vt 0.22401 0.74764 
vt 0.33969 0.74764 
vt 0.22401 0.74764 
vt 0.77752 0.08098 
vt 0.23243 0.74764 
vt 0.77752 0.08098 
vt 0.77054 0.07669 
vt 0.23243 0.74764 
vt 0.50312 0.69456 
vt 0.3492 0.74764 
vt 0.3492 0.74764 
vt 0.05848 0.74764 
vt 0.45089 0.69456 
vt 0.53083 0.11337 
vt 0.05848 0.74764 
vt 0.063 0.74764 
vt 0.063 0.74764 
vt 0.45581 0.69456 
vt 0.53623 0.10889 
vt 0.44376 0.74764 
vt 0.78755 0.08809 
vt 0.03596 0.74764 
vt 0.44376 0.74764 
vt 0.82645 0.13199 
vt 0.45092 0.74764 
vt 0.82645 0.13199 
vt 0.45092 0.74764 
vt 0.382 0.69456 
vt 0.04046 0.74764 
vt 0.52549 0.118 
vt 0.52549 0.118 
vt 0.52549 0.118 
vt 0.04495 0.74764 
vt 0.3877 0.69456 
vt 0.04046 0.74764 
vt 0.04495 0.74764 
vt 0.52021 0.12276 
vt 0.06753 0.74764 
vt 0.06753 0.74764 
vt 0.5472 0.10038 
vt 0.5472 0.10038 
vt 0.46069 0.69456 
vt 0.51262 0.11303 
vt 0.51262 0.11303 
vt 0.15887 0.74764 
vt 0.15887 0.74764 
vt 0.54168 0.10456 
vt 0.51262 0.11303 
vt 0.54168 0.10456 
vt 0.54168 0.10456 
vt 0.5472 0.10038 
vt 0.79078 0.09064 
vt 0.79394 0.09328 
vt 0.45803 0.74764 
vt 0.45803 0.74764 
vt 0.04495 0.74764 
vt 0.80007 0.09882 
vt 0.78427 0.08563 
vt 0.69927 0.05396 
vt 0.06753 0.74764 
vt 0.47212 0.74764 
vt 0.4651 0.74764 
vt 0.4651 0.74764 
vt 0.70355 0.05448 
vt 0.37829 0.74764 
vt 0.37829 0.74764 
vt 0.79078 0.09064 
vt 0.79078 0.09064 
vt 0.84466 0.1743 
vt 0.80303 0.10173 
vt 0.05848 0.74764 
vt 0.84598 0.17904 
vt 0.79394 0.09328 
vt 0.38818 0.74764 
vt 0.79394 0.09328 
vt 0.38818 0.74764 
vt 0.80303 0.10173 
vt 0.82415 0.12827 
vt 0.82415 0.12827 
vt 0.27564 0.74764 
vt 0.81932 0.12109 
vt 0.09945 0.74764 
vt 0.28452 0.74764 
vt 0.27564 0.74764 
vt 0.28452 0.74764 
vt 0.43656 0.74764 
vt 0.74833 0.06594 
vt 0.80303 0.10173 
vt 0.10405 0.74764 
vt 0.04946 0.74764 
vt 0.68626 0.05293 
vt 0.68188 0.05276 
vt 0.82178 0.12463 
vt 0.43656 0.74764 
vt 0.82178 0.12463 
vt 0.79704 0.09601 
vt 0.47212 0.74764 
vt 0.05397 0.74764 
vt 0.80007 0.09882 
vt 0.78427 0.08563 
vt 0.486 0.74764 
vt 0.486 0.74764 
vt 0.80007 0.09882 
vt 0.04046 0.74764 
vt 0.80593 0.10473 
vt 0.79078 0.09064 
vt 0.06313 0.80072 
vt 0.85358 0.23155 
vt 0.06923 0.80072 
vt 0.85381 0.24318 
vt 0.85358 0.23155 
vt 0.85072 0.27222 
vt 0.8533 0.22588 
vt 0.85381 0.24318 
vt 0.06313 0.80072 
vt 0.85381 0.24318 
vt 0.83079 0.13972 
vt 0.02579 0.80072 
vt 0.02579 0.80072 
vt 0.84325 0.16966 
vt 0.84935 0.19382 
vt 0.10866 0.74764 
vt 0.83079 0.13972 
vt 0.03211 0.80072 
vt 0.83479 0.14781 
vt 0.06923 0.80072 
vt 0.21567 0.74764 
vt 0.82866 0.13581 
vt 0.84935 0.19382 
vt 0.03211 0.80072 
vt 0.84833 0.1888 
vt 0.84935 0.19382 
vt 0.83479 0.14781 
vt 0.27564 0.74764 
vt 0.12459 0.80072 
vt 0.12459 0.80072 
vt 0.13736 0.80072 
vt 0.26683 0.74764 
vt 0.35881 0.74764 
vt 0.13736 0.80072 
vt 0.08136 0.80072 
vt 0.85375 0.23732 
vt 0.8533 0.22588 
vt 0.8533 0.22588 
vt 0.08136 0.80072 
vt 0.07531 0.80072 
vt 0.07531 0.80072 
vt 0.85375 0.23732 
vt 0.85375 0.23732 
vt 0.83283 0.14372 
vt 0.84833 0.1888 
vt 0.84466 0.1743 
vt 0.83283 0.14372 
vt 0.1179 0.74764 
vt 0.83479 0.14781 
vt 0.83283 0.14372 
vt 0.03839 0.80072 
vt 0.11328 0.74764 
vt 0.84833 0.1888 
vt 0.85336 0.2542 
vt 0.143 0.74764 
vt 0.85302 0.25784 
vt 0.057 0.80072 
vt 0.49287 0.74764 
vt 0.057 0.80072 
vt 0.85336 0.2542 
vt 0.49287 0.74764 
vt 0.05084 0.80072 
vt 0.51317 0.74764 
vt 0.51317 0.74764 
vt 0.85336 0.2542 
vt 0.05084 0.80072 
vt 0.84014 0.16064 
vt 0.013 0.80072 
vt 0.013 0.80072 
vt 0.84014 0.16064 
vt 0.20739 0.74764 
vt 0.82866 0.13581 
vt 0.83079 0.13972 
vt 0.19918 0.74764 
vt 0.01942 0.80072 
vt 0.01942 0.80072 
vt 0.83079 0.13972 
vt 0.42931 0.74764 
vt 0.82866 0.13581 
vt 0.84014 0.16064 
vt 0.42931 0.74764 
vt 0.19102 0.74764 
vt 0.12254 0.74764 
vt 0.85027 0.19893 
vt 0.84466 0.1743 
vt 0.85027 0.19893 
vt 0.85027 0.19893 
vt 0.81679 0.11763 
vt 0.74446 0.06446 
vt 0.65867 0.05365 
vt 0.73259 0.06055 
vt 0.81932 0.12109 
vt 0.75215 0.06751 
vt 0.68626 0.05293 
vt 0.24947 0.74764 
vt 0.81932 0.12109 
vt 0.74446 0.06446 
vt 0.24947 0.74764 
vt 0.75215 0.06751 
vt 0.85205 0.26507 
vt 0.74833 0.06594 
vt 0.85241 0.21482 
vt 0.67072 0.05278 
vt 0.67072 0.05278 
vt 0.67072 0.05278 
vt 0.25811 0.74764 
vt 0.82178 0.12463 
vt 0.80875 0.10782 
vt 0.25811 0.74764 
vt 0.75215 0.06751 
vt 0.85291 0.2203 
vt 0.85291 0.2203 
vt 0.32094 0.74764 
vt 0.85205 0.26507 
vt 0.22401 0.74764 
vt 0.85241 0.21482 
vt 0.85241 0.21482 
vt 0.85291 0.2203 
vt 0.85291 0.2203 
vt 0.3117 0.74764 
vt 0.85205 0.26507 
vt 0.72447 0.05838 
vt 0.24091 0.74764 
vt 0.6647 0.05311 
vt 0.07661 0.74764 
vt 0.6647 0.05311 
vt 0.35881 0.74764 
vt 0.6647 0.05311 
vt 0.64662 0.05535 
vt 0.72447 0.05838 
vt 0.00451 0.74764 
vt 0.81151 0.111 
vt 0.73659 0.06176 
vt 0.35881 0.74764 
vt 0.81151 0.111 
vt 0.07206 0.74764 
vt 0.72447 0.05838 
vt 0.00901 0.74764 
vt 0.82415 0.12827 
vt 0.08572 0.74764 
vt 0.82645 0.13199 
vt 0.09029 0.74764 
vt 0.81932 0.12109 
vt 0.81419 0.11427 
vt 0.82415 0.12827 
vt 0.81419 0.11427 
vt 0.68188 0.05276 
vt 0.68626 0.05293 
vt 0.74055 0.06307 
vt 0.74833 0.06594 
vt 0.26683 0.74764 
vt 0.08116 0.74764 
vt 0.26683 0.74764 
vt 0.09487 0.74764 
vt 0.81679 0.11763 
vt 0.74833 0.06594 
vt 0.65867 0.05365 
vt 0.53948 0.69456 
vt 0.74055 0.06307 
vt 0.11165 0.80072 
vt 0.11165 0.80072 
vt 0.33969 0.74764 
vt 0.24091 0.74764 
vt 0.85258 0.26146 
vt 0.1073 0.80072 
vt 0.1073 0.80072 
vt 0.85143 0.26865 
vt 0.33027 0.74764 
vt 0.23243 0.74764 
vt 0.85072 0.27222 
vt 0.85258 0.26146 
vt 0.85072 0.27222 
vt 0.85258 0.26146 
vt 0.13312 0.80072 
vt 0.13312 0.80072 
vt 0.28452 0.74764 
vt 0.85358 0.23155 
vt 0.8518 0.20943 
vt 0.00002 0.80072 
vt 0.8518 0.20943 
vt 0.53301 0.74764 
vt 0.8518 0.20943 
vt 0.30256 0.74764 
vt 0.85109 0.20413 
vt 0.85109 0.20413 
vt 0.85109 0.20413 
vt 0.2935 0.74764 
vt 0.1203 0.80072 
vt 0.1203 0.80072 
vt 0.3492 0.74764 
vt 0.85143 0.26865 
vt 0.25811 0.74764 
vt 0.11599 0.80072 
vt 0.85361 0.25054 
vt 0.85361 0.25054 
vt 0.11599 0.80072 
vt 0.85361 0.25054 
vt 0.12887 0.80072 
vt 0.24947 0.74764 
vt 0.12887 0.80072 
vt 0.22005 0.80072 
vt 0.51317 0.74764 
vt 0.80753 0.34993 
vt 0.22005 0.80072 
vt 0.21594 0.80072 
vt 0.21594 0.80072 
vt 0.50645 0.74764 
vt 0.52645 0.74764 
vt 0.80495 0.35242 
vt 0.80495 0.35242 
vt 0.79964 0.35722 
vt 0.45803 0.74764 
vt 0.10293 0.80072 
vt 0.09854 0.80072 
vt 0.09854 0.80072 
vt 0.17901 0.80072 
vt 0.27083 0.80072 
vt 0.17901 0.80072 
vt 0.45092 0.74764 
vt 0.25352 0.80072 
vt 0.78842 0.36603 
vt 0.78842 0.36603 
vt 0.25352 0.80072 
vt 0.79129 0.36393 
vt 0.79691 0.35952 
vt 0.24926 0.80072 
vt 0.24926 0.80072 
vt 0.05084 0.80072 
vt 0.79412 0.36176 
vt 0.26211 0.80072 
vt 0.22832 0.80072 
vt 0.80753 0.34993 
vt 0.22832 0.80072 
vt 0.22418 0.80072 
vt 0.80753 0.34993 
vt 0.11165 0.80072 
vt 0.51983 0.74764 
vt 0.79964 0.35722 
vt 0.22418 0.80072 
vt 0.79964 0.35722 
vt 0.17489 0.80072 
vt 0.17489 0.80072 
vt 0.18722 0.80072 
vt 0.18722 0.80072 
vt 0.4651 0.74764 
vt 0.832 0.31897 
vt 0.832 0.31897 
vt 0.832 0.31897 
vt 0.39815 0.74764 
vt 0.38818 0.74764 
vt 0.84805 0.28276 
vt 0.83384 0.31587 
vt 0.83384 0.31587 
vt 0.1458 0.80072 
vt 0.82813 0.32505 
vt 0.37829 0.74764 
vt 0.1458 0.80072 
vt 0.83384 0.31587 
vt 0.84045 0.30305 
vt 0.44376 0.74764 
vt 0.8356 0.31272 
vt 0.08739 0.80072 
vt 0.83729 0.30954 
vt 0.08739 0.80072 
vt 0.43656 0.74764 
vt 0.10293 0.80072 
vt 0.18312 0.80072 
vt 0.18312 0.80072 
vt 0.19542 0.80072 
vt 0.19542 0.80072 
vt 0.47212 0.74764 
vt 0.09341 0.80072 
vt 0.09341 0.80072 
vt 0.50645 0.74764 
vt 0.50645 0.74764 
vt 0.84461 0.29304 
vt 0.83845 0.15627 
vt 0.83845 0.15627 
vt 0.83845 0.15627 
vt 0.52645 0.74764 
vt 0.52645 0.74764 
vt 0.84584 0.28965 
vt 0.84461 0.29304 
vt 0.16664 0.80072 
vt 0.03211 0.80072 
vt 0.16664 0.80072 
vt 0.84584 0.28965 
vt 0.84461 0.29304 
vt 0.013 0.80072 
vt 0.85376 0.24687 
vt 0.13509 0.74764 
vt 0.85376 0.24687 
vt 0.85376 0.24687 
vt 0.04463 0.80072 
vt 0.04463 0.80072 
vt 0.85302 0.25784 
vt 0.12719 0.74764 
vt 0.15093 0.74764 
vt 0.85302 0.25784 
vt 0.03839 0.80072 
vt 0.49969 0.74764 
vt 0.49969 0.74764 
vt 0.83666 0.152 
vt 0.51983 0.74764 
vt 0.00653 0.80072 
vt 0.83666 0.152 
vt 0.84174 0.1651 
vt 0.51983 0.74764 
vt 0.83845 0.15627 
vt 0.84174 0.1651 
vt 0.00653 0.80072 
vt 0.84174 0.1651 
vt 0.83666 0.152 
vt 0.84192 0.29975 
vt 0.84192 0.29975 
vt 0.04463 0.80072 
vt 0.8433 0.29641 
vt 0.24504 0.80072 
vt 0.8433 0.29641 
vt 0.84192 0.29975 
vt 0.24504 0.80072 
vt 0.02579 0.80072 
vt 0.26211 0.80072 
vt 0.49969 0.74764 
vt 0.21182 0.80072 
vt 0.79691 0.35952 
vt 0.21182 0.80072 
vt 0.79129 0.36393 
vt 0.26645 0.80072 
vt 0.26645 0.80072 
vt 0.79691 0.35952 
vt 0.2578 0.80072 
vt 0.2578 0.80072 
vt 0.49287 0.74764 
vt 0.27083 0.80072 
vt 0.20772 0.80072 
vt 0.80495 0.35242 
vt 0.20772 0.80072 
vt 0.80232 0.35485 
vt 0.01942 0.80072 
vt 0.15834 0.80072 
vt 0.80232 0.35485 
vt 0.17077 0.80072 
vt 0.17077 0.80072 
vt 0.8433 0.29641 
vt 0.03839 0.80072 
vt 0.24083 0.80072 
vt 0.057 0.80072 
vt 0.84991 0.27575 
vt 0.24083 0.80072 
vt 0.84699 0.28621 
vt 0.84902 0.27927 
vt 0.84902 0.27927 
vt 0.15834 0.80072 
vt 0.81005 0.34739 
vt 0.81005 0.34739 
vt 0.81252 0.34478 
vt 0.81252 0.34478 
vt 0.76713 0.37874 
vt 0.41598 0.80072 
vt 0.17077 0.80072 
vt 0.41598 0.80072 
vt 0.77341 0.37549 
vt 0.40507 0.80072 
vt 0.76394 0.38025 
vt 0.40507 0.80072 
vt 0.77028 0.37715 
vt 0.24504 0.80072 
vt 0.3941 0.80072 
vt 0.34755 0.80072 
vt 0.77341 0.37549 
vt 0.3941 0.80072 
vt 0.76713 0.37874 
vt 0.41235 0.80072 
vt 0.41235 0.80072 
vt 0.77028 0.37715 
vt 0.16664 0.80072 
vt 0.35832 0.80072 
vt 0.35832 0.80072 
vt 0.14999 0.80072 
vt 0.36383 0.80072 
vt 0.36383 0.80072 
vt 0.34755 0.80072 
vt 0.15417 0.80072 
vt 0.33197 0.80072 
vt 0.75745 0.38303 
vt 0.23664 0.80072 
vt 0.13736 0.80072 
vt 0.33197 0.80072 
vt 0.06313 0.80072 
vt 0.75417 0.3843 
vt 0.33709 0.80072 
vt 0.33709 0.80072 
vt 0.09341 0.80072 
vt 0.76071 0.38169 
vt 0.76071 0.38169 
vt 0.06923 0.80072 
vt 0.81958 0.33663 
vt 0.32194 0.80072 
vt 0.32194 0.80072 
vt 0.82398 0.33094 
vt 0.13312 0.80072 
vt 0.82609 0.32802 
vt 0.82398 0.33094 
vt 0.82398 0.33094 
vt 0.12459 0.80072 
vt 0.79129 0.36393 
vt 0.82181 0.33381 
vt 0.82609 0.32802 
vt 0.81005 0.34739 
vt 0.81493 0.34212 
vt 0.82181 0.33381 
vt 0.79412 0.36176 
vt 0.82181 0.33381 
vt 0.32692 0.80072 
vt 0.32692 0.80072 
vt 0.81958 0.33663 
vt 0.81958 0.33663 
vt 0.11599 0.80072 
vt 0.12887 0.80072 
vt 0.81729 0.3394 
vt 0.81252 0.34478 
vt 0.53301 0.74764 
vt 0.23247 0.80072 
vt 0.23247 0.80072 
vt 0.81729 0.3394 
vt 0.79412 0.36176 
vt 0.81729 0.3394 
vt 0.1203 0.80072 
vt 0.23664 0.80072 
vt 0.00653 0.80072 
vt 0.1073 0.80072 
vt 0.81493 0.34212 
vt 0.82813 0.32505 
vt 0.84902 0.27927 
vt 0.14159 0.80072 
vt 0.78254 0.37003 
vt 0.78254 0.37003 
vt 0.14159 0.80072 
vt 0.78254 0.37003 
vt 0.41468 0.74764 
vt 0.18312 0.80072 
vt 0.7475 0.38657 
vt 0.2933 0.80072 
vt 0.15417 0.80072 
vt 0.15417 0.80072 
vt 0.8301 0.32203 
vt 0.7855 0.36807 
vt 0.8301 0.32203 
vt 0.2933 0.80072 
vt 0.84991 0.27575 
vt 0.77953 0.37192 
vt 0.40822 0.74764 
vt 0.18722 0.80072 
vt 0.8301 0.32203 
vt 0.39776 0.80072 
vt 0.77953 0.37192 
vt 0.14999 0.80072 
vt 0.39776 0.80072 
vt 0.14999 0.80072 
vt 0.29794 0.80072 
vt 0.29794 0.80072 
vt 0.82813 0.32505 
vt 0.3685 0.74764 
vt 0.47908 0.74764 
vt 0.19133 0.80072 
vt 0.20362 0.80072 
vt 0.20362 0.80072 
vt 0.84699 0.28621 
vt 0.486 0.74764 
vt 0.19952 0.80072 
vt 0.19952 0.80072 
vt 0.84699 0.28621 
vt 0.84805 0.28276 
vt 0.84805 0.28276 
vt 0.42931 0.74764 
vt 0.8356 0.31272 
vt 0.83891 0.30631 
vt 0.83891 0.30631 
vt 0.83891 0.30631 
vt 0.84991 0.27575 
vt 0.84045 0.30305 
vt 0.42202 0.74764 
vt 0.16249 0.80072 
vt 0.83729 0.30954 
vt 0.16249 0.80072 
vt 0.8356 0.31272 
vt 0.19133 0.80072 
vt 0.84045 0.30305 
vt 0.73732 0.38932 
vt 0.77649 0.37374 
vt 0.19542 0.80072 
vt 0.40871 0.80072 
vt 0.77341 0.37549 
vt 0.16249 0.80072 
vt 0.40871 0.80072 
vt 0.15834 0.80072 
vt 0.77028 0.37715 
vt 0.20362 0.80072 
vt 0.27969 0.80072 
vt 0.27969 0.80072 
vt 0.77649 0.37374 
vt 0.74074 0.3885 
vt 0.7475 0.38657 
vt 0.30262 0.80072 
vt 0.74074 0.3885 
vt 0.30262 0.80072 
vt 0.19133 0.80072 
vt 0.30736 0.80072 
vt 0.7475 0.38657 
vt 0.74413 0.38758 
vt 0.30736 0.80072 
vt 0.74413 0.38758 
vt 0.14159 0.80072 
vt 0.75745 0.38303 
vt 0.73732 0.38932 
vt 0.74074 0.3885 
vt 0.75745 0.38303 
vt 0.19952 0.80072 
vt 0.27524 0.80072 
vt 0.27524 0.80072 
vt 0.73732 0.38932 
vt 0.1458 0.80072 
vt 0.76394 0.38025 
vt 0.40142 0.80072 
vt 0.40142 0.80072 
vt 0.17489 0.80072 
vt 0.77953 0.37192 
vt 0.76713 0.37874 
vt 0.39042 0.80072 
vt 0.7855 0.36807 
vt 0.17901 0.80072 
vt 0.7855 0.36807 
vt 0.39042 0.80072 
vt 0.76394 0.38025 
vt 0.3751 0.80072 
vt 0.53116 0.80072 
vt 0.53116 0.80072 
vt 0.50973 0.80072 
vt 0.50973 0.80072 
vt 0.24926 0.80072 
vt 0.3751 0.80072 
vt 0.51689 0.80072 
vt 0.51689 0.80072 
vt 0.34228 0.80072 
vt 0.33197 0.80072 
vt 0.50615 0.80072 
vt 0.50615 0.80072 
vt 0.31702 0.80072 
vt 0.52403 0.80072 
vt 0.64216 0.35638 
vt 0.52403 0.80072 
vt 0.43771 0.80072 
vt 0.51331 0.80072 
vt 0.51331 0.80072 
vt 0.28418 0.80072 
vt 0.6445 0.35988 
vt 0.52046 0.80072 
vt 0.63995 0.35274 
vt 0.63995 0.35274 
vt 0.64216 0.35638 
vt 0.64216 0.35638 
vt 0.52046 0.80072 
vt 0.28872 0.80072 
vt 0.70002 0.39207 
vt 0.71283 0.39246 
vt 0.47018 0.80072 
vt 0.22832 0.80072 
vt 0.71283 0.39246 
vt 0.47018 0.80072 
vt 0.71283 0.39246 
vt 0.47379 0.80072 
vt 0.70928 0.39251 
vt 0.47379 0.80072 
vt 0.69558 0.39152 
vt 0.27083 0.80072 
vt 0.70928 0.39251 
vt 0.70928 0.39251 
vt 0.70002 0.39207 
vt 0.21594 0.80072 
vt 0.38673 0.80072 
vt 0.38673 0.80072 
vt 0.70459 0.3924 
vt 0.36942 0.80072 
vt 0.36942 0.80072 
vt 0.70459 0.3924 
vt 0.2578 0.80072 
vt 0.70459 0.3924 
vt 0.70002 0.39207 
vt 0.38087 0.80072 
vt 0.38087 0.80072 
vt 0.3529 0.80072 
vt 0.3529 0.80072 
vt 0.72343 0.3917 
vt 0.25352 0.80072 
vt 0.24083 0.80072 
vt 0.73041 0.3907 
vt 0.44132 0.80072 
vt 0.44132 0.80072 
vt 0.68303 0.3886 
vt 0.68708 0.38978 
vt 0.09854 0.80072 
vt 0.34228 0.80072 
vt 0.07531 0.80072 
vt 0.10293 0.80072 
vt 0.34228 0.80072 
vt 0.75085 0.38548 
vt 0.75085 0.38548 
vt 0.08739 0.80072 
vt 0.28872 0.80072 
vt 0.28872 0.80072 
vt 0.75417 0.3843 
vt 0.31702 0.80072 
vt 0.31702 0.80072 
vt 0.75085 0.38548 
vt 0.08136 0.80072 
vt 0.28418 0.80072 
vt 0.28418 0.80072 
vt 0.31216 0.80072 
vt 0.31216 0.80072 
vt 0.75417 0.3843 
vt 0.63995 0.35274 
vt 0.63995 0.35274 
vt 0.68708 0.38978 
vt 0.68708 0.38978 
vt 0.33709 0.80072 
vt 0.5276 0.80072 
vt 0.5276 0.80072 
vt 0.6791 0.38723 
vt 0.42686 0.80072 
vt 0.32692 0.80072 
vt 0.6791 0.38723 
vt 0.68303 0.3886 
vt 0.70002 0.39207 
vt 0.67529 0.38565 
vt 0.6791 0.38723 
vt 0.32194 0.80072 
vt 0.67529 0.38565 
vt 0.42324 0.80072 
vt 0.43409 0.80072 
vt 0.43048 0.80072 
vt 0.67529 0.38565 
vt 0.43048 0.80072 
vt 0.68303 0.3886 
vt 0.31216 0.80072 
vt 0.42324 0.80072 
vt 0.43409 0.80072 
vt 0.44493 0.80072 
vt 0.43771 0.80072 
vt 0.44493 0.80072 
vt 0.63788 0.34895 
vt 0.66467 0.37977 
vt 0.49897 0.80072 
vt 0.63788 0.34895 
vt 0.09937 0.8538 
vt 0.2933 0.80072 
vt 0.64698 0.36322 
vt 0.49897 0.80072 
vt 0.6325 0.33674 
vt 0.66139 0.37745 
vt 0.62434 0.29867 
vt 0.09499 0.8538 
vt 0.62729 0.31863 
vt 0.62434 0.29867 
vt 0.09937 0.8538 
vt 0.47379 0.80072 
vt 0.64202 0.25982 
vt 0.09499 0.8538 
vt 0.637 0.25975 
vt 0.46658 0.80072 
vt 0.64857 0.26137 
vt 0.47018 0.80072 
vt 0.637 0.25975 
vt 0.44854 0.80072 
vt 0.62416 0.28265 
vt 0.62961 0.32793 
vt 0.63872 0.25962 
vt 0.63872 0.25962 
vt 0.62961 0.32793 
vt 0.46297 0.80072 
vt 0.63385 0.26077 
vt 0.64202 0.25982 
vt 0.62633 0.3138 
vt 0.63099 0.3324 
vt 0.11617 0.8538 
vt 0.11617 0.8538 
vt 0.43048 0.80072 
vt 0.637 0.25975 
vt 0.63099 0.3324 
vt 0.11206 0.8538 
vt 0.64038 0.25967 
vt 0.63243 0.26166 
vt 0.42686 0.80072 
vt 0.62434 0.29867 
vt 0.64202 0.25982 
vt 0.63243 0.26166 
vt 0.63099 0.3324 
vt 0.09052 0.8538 
vt 0.63872 0.25962 
vt 0.64038 0.25967 
vt 0.63111 0.26277 
vt 0.11206 0.8538 
vt 0.04242 0.8538 
vt 0.04242 0.8538 
vt 0.65523 0.37226 
vt 0.40507 0.80072 
vt 0.65824 0.37494 
vt 0.62416 0.28265 
vt 0.65234 0.36941 
vt 0.6325 0.33674 
vt 0.64698 0.36322 
vt 0.64698 0.36322 
vt 0.65523 0.37226 
vt 0.6325 0.33674 
vt 0.48099 0.80072 
vt 0.63416 0.34094 
vt 0.48099 0.80072 
vt 0.30736 0.80072 
vt 0.6445 0.35988 
vt 0.48819 0.80072 
vt 0.48819 0.80072 
vt 0.63595 0.34502 
vt 0.47739 0.80072 
vt 0.63416 0.34094 
vt 0.47739 0.80072 
vt 0.30262 0.80072 
vt 0.48459 0.80072 
vt 0.27969 0.80072 
vt 0.66808 0.38192 
vt 0.66808 0.38192 
vt 0.6445 0.35988 
vt 0.40142 0.80072 
vt 0.48459 0.80072 
vt 0.27524 0.80072 
vt 0.66467 0.37977 
vt 0.66139 0.37745 
vt 0.39776 0.80072 
vt 0.49538 0.80072 
vt 0.03538 0.8538 
vt 0.49538 0.80072 
vt 0.03538 0.8538 
vt 0.50256 0.80072 
vt 0.63595 0.34502 
vt 0.29794 0.80072 
vt 0.50256 0.80072 
vt 0.49178 0.80072 
vt 0.49178 0.80072 
vt 0.0389 0.8538 
vt 0.0389 0.8538 
vt 0.67162 0.38388 
vt 0.67162 0.38388 
vt 0.63416 0.34094 
vt 0.64857 0.26137 
vt 0.45937 0.80072 
vt 0.3751 0.80072 
vt 0.02127 0.8538 
vt 0.62391 0.2892 
vt 0.64367 0.26007 
vt 0.62391 0.2892 
vt 0.02127 0.8538 
vt 0.22418 0.80072 
vt 0.45215 0.80072 
vt 0.6453 0.26042 
vt 0.01774 0.8538 
vt 0.62402 0.2938 
vt 0.36942 0.80072 
vt 0.62447 0.27964 
vt 0.62447 0.27964 
vt 0.01774 0.8538 
vt 0.23664 0.80072 
vt 0.45937 0.80072 
vt 0.45937 0.80072 
vt 0.73387 0.39006 
vt 0.73387 0.39006 
vt 0.72693 0.39125 
vt 0.45215 0.80072 
vt 0.73387 0.39006 
vt 0.44854 0.80072 
vt 0.44854 0.80072 
vt 0.69127 0.39075 
vt 0.72693 0.39125 
vt 0.41961 0.80072 
vt 0.21182 0.80072 
vt 0.41961 0.80072 
vt 0.23247 0.80072 
vt 0.72693 0.39125 
vt 0.72343 0.3917 
vt 0.45576 0.80072 
vt 0.45576 0.80072 
vt 0.73041 0.3907 
vt 0.73041 0.3907 
vt 0.46297 0.80072 
vt 0.71991 0.39205 
vt 0.46297 0.80072 
vt 0.71991 0.39205 
vt 0.26645 0.80072 
vt 0.69558 0.39152 
vt 0.42686 0.80072 
vt 0.71991 0.39205 
vt 0.71638 0.3923 
vt 0.71638 0.3923 
vt 0.69127 0.39075 
vt 0.46658 0.80072 
vt 0.46658 0.80072 
vt 0.71638 0.3923 
vt 0.69558 0.39152 
vt 0.26211 0.80072 
vt 0.20772 0.80072 
vt 0.22005 0.80072 
vt 0.63538 0.26014 
vt 0.62552 0.30886 
vt 0.63111 0.26277 
vt 0.63111 0.26277 
vt 0.08594 0.8538 
vt 0.09052 0.8538 
vt 0.62838 0.32334 
vt 0.62486 0.30382 
vt 0.62486 0.30382 
vt 0.63099 0.3324 
vt 0 0.8538 
vt 0.53472 0.80072 
vt 0.45576 0.80072 
vt 0.62633 0.3138 
vt 0.62402 0.2938 
vt 0.62402 0.2938 
vt 0.38673 0.80072 
vt 0.63385 0.26077 
vt 0.63111 0.26277 
vt 0.62961 0.32793 
vt 0.63111 0.26277 
vt 0.08594 0.8538 
vt 0.62552 0.30886 
vt 0.62397 0.28584 
vt 0.38087 0.80072 
vt 0.62397 0.28584 
vt 0.62397 0.28584 
vt 0.00711 0.8538 
vt 0.04594 0.8538 
vt 0.62545 0.27418 
vt 0.0248 0.8538 
vt 0.0248 0.8538 
vt 0.00356 0.8538 
vt 0.6249 0.27681 
vt 0.62391 0.2892 
vt 0.62391 0.2892 
vt 0.00711 0.8538 
vt 0.62447 0.27964 
vt 0.62397 0.28584 
vt 0.62545 0.27418 
vt 0.62545 0.27418 
vt 0.00356 0.8538 
vt 0.3529 0.80072 
vt 0.6249 0.27681 
vt 0.62729 0.31863 
vt 0.64694 0.26085 
vt 0.62729 0.31863 
vt 0.64367 0.26007 
vt 0.0142 0.8538 
vt 0.0142 0.8538 
vt 0.64694 0.26085 
vt 0.64694 0.26085 
vt 0.64367 0.26007 
vt 0.6249 0.27681 
vt 0.62838 0.32334 
vt 0.6453 0.26042 
vt 0.62838 0.32334 
vt 0.45215 0.80072 
vt 0.67419 0.27895 
vt 0.43771 0.80072 
vt 0.62689 0.26953 
vt 0.05649 0.8538 
vt 0.43409 0.80072 
vt 0.05649 0.8538 
vt 0.62689 0.26953 
vt 0.67101 0.27602 
vt 0.6726 0.27747 
vt 0.51689 0.80072 
vt 0.04242 0.8538 
vt 0.67101 0.27602 
vt 0.62989 0.26413 
vt 0.14041 0.8538 
vt 0.69485 0.29994 
vt 0.72088 0.32277 
vt 0.13637 0.8538 
vt 0.13637 0.8538 
vt 0.71922 0.32167 
vt 0.14041 0.8538 
vt 0.05297 0.8538 
vt 0.04594 0.8538 
vt 0.04945 0.8538 
vt 0.00356 0.8538 
vt 0.23485 0.8538 
vt 0.23485 0.8538 
vt 0.72088 0.32277 
vt 0.69805 0.3032 
vt 0.72423 0.32479 
vt 0.69645 0.30158 
vt 0.72591 0.3257 
vt 0.69485 0.29994 
vt 0.24913 0.8538 
vt 0.24913 0.8538 
vt 0.23148 0.8538 
vt 0.23148 0.8538 
vt 0.53472 0.80072 
vt 0.72255 0.32381 
vt 0.69645 0.30158 
vt 0.72423 0.32479 
vt 0.01065 0.8538 
vt 0.68529 0.29002 
vt 0.15681 0.8538 
vt 0.15681 0.8538 
vt 0.15266 0.8538 
vt 0.15266 0.8538 
vt 0.48459 0.80072 
vt 0.48819 0.80072 
vt 0.18295 0.8538 
vt 0.18295 0.8538 
vt 0.67419 0.27895 
vt 0.06707 0.8538 
vt 0.65986 0.26719 
vt 0.67419 0.27895 
vt 0.65986 0.26719 
vt 0.51331 0.80072 
vt 0.63538 0.26014 
vt 0.44493 0.80072 
vt 0.63538 0.26014 
vt 0.62633 0.3138 
vt 0.44132 0.80072 
vt 0.06707 0.8538 
vt 0.06354 0.8538 
vt 0.63385 0.26077 
vt 0.63385 0.26077 
vt 0.06354 0.8538 
vt 0.63243 0.26166 
vt 0.63243 0.26166 
vt 0.42324 0.80072 
vt 0.62778 0.26751 
vt 0.10789 0.8538 
vt 0.62486 0.30382 
vt 0.66942 0.27462 
vt 0.10789 0.8538 
vt 0.62689 0.26953 
vt 0.41961 0.80072 
vt 0.62552 0.30886 
vt 0.62689 0.26953 
vt 0.10367 0.8538 
vt 0.63111 0.26277 
vt 0.10367 0.8538 
vt 0.62989 0.26413 
vt 0.69645 0.30158 
vt 0.67101 0.27602 
vt 0.08125 0.8538 
vt 0.08125 0.8538 
vt 0.62878 0.26571 
vt 0.62878 0.26571 
vt 0.50973 0.80072 
vt 0.07769 0.8538 
vt 0.07769 0.8538 
vt 0.62778 0.26751 
vt 0.06001 0.8538 
vt 0.50615 0.80072 
vt 0.06001 0.8538 
vt 0.66942 0.27462 
vt 0.62778 0.26751 
vt 0.62778 0.26751 
vt 0.03186 0.8538 
vt 0.1243 0.8538 
vt 0.1243 0.8538 
vt 0.03538 0.8538 
vt 0.12025 0.8538 
vt 0.12025 0.8538 
vt 0.6496 0.36639 
vt 0.62611 0.27175 
vt 0.41598 0.80072 
vt 0.62611 0.27175 
vt 0.6496 0.36639 
vt 0.65234 0.36941 
vt 0.41235 0.80072 
vt 0.3941 0.80072 
vt 0.66808 0.38192 
vt 0.66139 0.37745 
vt 0.63595 0.34502 
vt 0.6496 0.36639 
vt 0.65523 0.37226 
vt 0.67162 0.38388 
vt 0.66467 0.37977 
vt 0.02833 0.8538 
vt 0.02833 0.8538 
vt 0.65824 0.37494 
vt 0.05297 0.8538 
vt 0.05297 0.8538 
vt 0.63788 0.34895 
vt 0.39042 0.80072 
vt 0.03186 0.8538 
vt 0.03186 0.8538 
vt 0.34755 0.80072 
vt 0.04945 0.8538 
vt 0.04945 0.8538 
vt 0.01065 0.8538 
vt 0.36383 0.80072 
vt 0.65824 0.37494 
vt 0.62416 0.28265 
vt 0.04594 0.8538 
vt 0.40871 0.80072 
vt 0.65234 0.36941 
vt 0.62611 0.27175 
vt 0.35832 0.80072 
vt 0.62545 0.27418 
vt 0.01065 0.8538 
vt 0.62416 0.28265 
vt 0.6249 0.27681 
vt 0.72591 0.3257 
vt 0.71427 0.31802 
vt 0.71427 0.31802 
vt 0.69965 0.30481 
vt 0.23804 0.8538 
vt 0.00711 0.8538 
vt 0.69965 0.30481 
vt 0.72255 0.32381 
vt 0.23804 0.8538 
vt 0.71099 0.31534 
vt 0.13235 0.8538 
vt 0.69805 0.3032 
vt 0.65343 0.26342 
vt 0.65019 0.26197 
vt 0.13235 0.8538 
vt 0.65181 0.26266 
vt 0.0389 0.8538 
vt 0.65181 0.26266 
vt 0.66146 0.26829 
vt 0.12833 0.8538 
vt 0.65019 0.26197 
vt 0.49538 0.80072 
vt 0.12833 0.8538 
vt 0.49178 0.80072 
vt 0.17398 0.8538 
vt 0.17398 0.8538 
vt 0.65343 0.26342 
vt 0.65504 0.26426 
vt 0.65504 0.26426 
vt 0.1696 0.8538 
vt 0.50256 0.80072 
vt 0.1696 0.8538 
vt 0.65343 0.26342 
vt 0.02833 0.8538 
vt 0.14446 0.8538 
vt 0.14446 0.8538 
vt 0.14854 0.8538 
vt 0.14854 0.8538 
vt 0.18755 0.8538 
vt 0.18755 0.8538 
vt 0.67578 0.28046 
vt 0.24107 0.8538 
vt 0.70936 0.31394 
vt 0.24107 0.8538 
vt 0.67578 0.28046 
vt 0.68371 0.28839 
vt 0.21174 0.8538 
vt 0.70773 0.31249 
vt 0.21174 0.8538 
vt 0.68371 0.28839 
vt 0.69325 0.29829 
vt 0.71099 0.31534 
vt 0.71099 0.31534 
vt 0.70611 0.31102 
vt 0.21683 0.8538 
vt 0.68529 0.29002 
vt 0.21683 0.8538 
vt 0.70449 0.3095 
vt 0.68529 0.29002 
vt 0.71922 0.32167 
vt 0.70936 0.31394 
vt 0.20181 0.8538 
vt 0.20181 0.8538 
vt 0.69006 0.29498 
vt 0.69166 0.29664 
vt 0.71922 0.32167 
vt 0.02127 0.8538 
vt 0.68053 0.28515 
vt 0.69325 0.29829 
vt 0.69166 0.29664 
vt 0.68212 0.28676 
vt 0.22688 0.8538 
vt 0.71591 0.31929 
vt 0.22688 0.8538 
vt 0.0248 0.8538 
vt 0.71591 0.31929 
vt 0.70126 0.3064 
vt 0.0142 0.8538 
vt 0.19222 0.8538 
vt 0.19222 0.8538 
vt 0.24392 0.8538 
vt 0.71756 0.32051 
vt 0.19698 0.8538 
vt 0.70287 0.30796 
vt 0.24392 0.8538 
vt 0.71756 0.32051 
vt 0.67736 0.282 
vt 0.69006 0.29498 
vt 0.68847 0.29332 
vt 0.68847 0.29332 
vt 0.19698 0.8538 
vt 0.70611 0.31102 
vt 0.24661 0.8538 
vt 0.01774 0.8538 
vt 0.75815 0.32732 
vt 0.24661 0.8538 
vt 0.11617 0.8538 
vt 0.06354 0.8538 
vt 0.76097 0.32612 
vt 0.2746 0.8538 
vt 0.2746 0.8538 
vt 0.30286 0.8538 
vt 0.78508 0.30441 
vt 0.7938 0.28746 
vt 0.30286 0.8538 
vt 0.73271 0.32859 
vt 0.79061 0.29469 
vt 0.18295 0.8538 
vt 0.79226 0.29115 
vt 0.7293 0.3273 
vt 0.73271 0.32859 
vt 0.15266 0.8538 
vt 0.79061 0.29469 
vt 0.25575 0.8538 
vt 0.25575 0.8538 
vt 0.79226 0.29115 
vt 0.25768 0.8538 
vt 0.7276 0.32654 
vt 0.7276 0.32654 
vt 0.78508 0.30441 
vt 0.25768 0.8538 
vt 0.0706 0.8538 
vt 0.16528 0.8538 
vt 0.70126 0.3064 
vt 0.70126 0.3064 
vt 0.25149 0.8538 
vt 0.25149 0.8538 
vt 0.73789 0.32989 
vt 0.73789 0.32989 
vt 0.7938 0.28746 
vt 0.73963 0.33014 
vt 0.70287 0.30796 
vt 0.7293 0.3273 
vt 0.79523 0.28364 
vt 0.25369 0.8538 
vt 0.25369 0.8538 
vt 0.73963 0.33014 
vt 0.70773 0.31249 
vt 0.222 0.8538 
vt 0.71262 0.3167 
vt 0.71262 0.3167 
vt 0.68688 0.29167 
vt 0.68212 0.28676 
vt 0.26456 0.8538 
vt 0.79061 0.29469 
vt 0.26456 0.8538 
vt 0.73615 0.32955 
vt 0.73443 0.32911 
vt 0.74627 0.33018 
vt 0.73443 0.32911 
vt 0.74627 0.33018 
vt 0.74627 0.33018 
vt 0.2595 0.8538 
vt 0.74627 0.33018 
vt 0.2595 0.8538 
vt 0.07414 0.8538 
vt 0.66624 0.27194 
vt 0.66305 0.26946 
vt 0.66305 0.26946 
vt 0.16528 0.8538 
vt 0.62989 0.26413 
vt 0.16528 0.8538 
vt 0.07769 0.8538 
vt 0.66465 0.27067 
vt 0.66305 0.26946 
vt 0.62878 0.26571 
vt 0.62878 0.26571 
vt 0.26124 0.8538 
vt 0.26124 0.8538 
vt 0.68847 0.29332 
vt 0.06707 0.8538 
vt 0.16102 0.8538 
vt 0.74627 0.33018 
vt 0.74627 0.33018 
vt 0.16102 0.8538 
vt 0.62989 0.26413 
vt 0.52403 0.80072 
vt 0.74627 0.33018 
vt 0.26961 0.8538 
vt 0.26961 0.8538 
vt 0.07414 0.8538 
vt 0.5276 0.80072 
vt 0.74138 0.33029 
vt 0.52046 0.80072 
vt 0.74932 0.32975 
vt 0.66624 0.27194 
vt 0.74932 0.32975 
vt 0.66783 0.27326 
vt 0.27127 0.8538 
vt 0.27127 0.8538 
vt 0.07414 0.8538 
vt 0.10367 0.8538 
vt 0.53116 0.80072 
vt 0.66783 0.27326 
vt 0.66465 0.27067 
vt 0.74138 0.33029 
vt 0.75815 0.32732 
vt 0.0706 0.8538 
vt 0.66624 0.27194 
vt 0.0706 0.8538 
vt 0.69166 0.29664 
vt 0.62989 0.26413 
vt 0.26623 0.8538 
vt 0.26623 0.8538 
vt 0.65665 0.26517 
vt 0.48099 0.80072 
vt 0.49897 0.80072 
vt 0.6726 0.27747 
vt 0.65825 0.26615 
vt 0.74314 0.33034 
vt 0.26796 0.8538 
vt 0.26796 0.8538 
vt 0.65825 0.26615 
vt 0.17843 0.8538 
vt 0.17843 0.8538 
vt 0.47739 0.80072 
vt 0.65665 0.26517 
vt 0.15681 0.8538 
vt 0.78508 0.30441 
vt 0.65665 0.26517 
vt 0.80203 0.21528 
vt 0.65986 0.26719 
vt 0.78304 0.30733 
vt 0.731 0.32799 
vt 0.66146 0.26829 
vt 0.80203 0.21528 
vt 0.65019 0.26197 
vt 0.16102 0.8538 
vt 0.731 0.32799 
vt 0.73615 0.32955 
vt 0.26291 0.8538 
vt 0.73443 0.32911 
vt 0.26291 0.8538 
vt 0.08125 0.8538 
vt 0.803 0.22703 
vt 0.80284 0.24322 
vt 0.80312 0.23291 
vt 0.80312 0.23291 
vt 0.12025 0.8538 
vt 0.80016 0.20363 
vt 0.803 0.22703 
vt 0.29666 0.8538 
vt 0.7787 0.3127 
vt 0.77402 0.31741 
vt 0.78092 0.3101 
vt 0.29666 0.8538 
vt 0.78092 0.3101 
vt 0.28694 0.8538 
vt 0.28694 0.8538 
vt 0.14854 0.8538 
vt 0.2987 0.8538 
vt 0.7764 0.31514 
vt 0.2987 0.8538 
vt 0.7764 0.31514 
vt 0.14446 0.8538 
vt 0.28882 0.8538 
vt 0.76902 0.32143 
vt 0.28882 0.8538 
vt 0.7938 0.28746 
vt 0.80263 0.22115 
vt 0.17398 0.8538 
vt 0.80305 0.23812 
vt 0.80284 0.24322 
vt 0.77402 0.31741 
vt 0.13235 0.8538 
vt 0.8012 0.20943 
vt 0.80203 0.21528 
vt 0.80305 0.23812 
vt 0.78702 0.30132 
vt 0.78702 0.30132 
vt 0.8012 0.20943 
vt 0.17843 0.8538 
vt 0.29466 0.8538 
vt 0.29466 0.8538 
vt 0.30498 0.8538 
vt 0.30498 0.8538 
vt 0.78887 0.29808 
vt 0.1243 0.8538 
vt 0.78887 0.29808 
vt 0.80016 0.20363 
vt 0.80263 0.22115 
vt 0.30929 0.8538 
vt 0.1696 0.8538 
vt 0.30929 0.8538 
vt 0.30713 0.8538 
vt 0.30713 0.8538 
vt 0.80263 0.22115 
vt 0.79523 0.28364 
vt 0.80016 0.20363 
vt 0.7787 0.3127 
vt 0.78304 0.30733 
vt 0.12833 0.8538 
vt 0.24661 0.8538 
vt 0.22688 0.8538 
vt 0.80202 0.25307 
vt 0.37927 0.8538 
vt 0.37927 0.8538 
vt 0.78745 0.16504 
vt 0.78745 0.16504 
vt 0.78745 0.16504 
vt 0.3137 0.8538 
vt 0.3137 0.8538 
vt 0.79891 0.19787 
vt 0.37345 0.8538 
vt 0.37345 0.8538 
vt 0.26796 0.8538 
vt 0.78979 0.17025 
vt 0.79197 0.17558 
vt 0.31593 0.8538 
vt 0.79745 0.19217 
vt 0.79891 0.19787 
vt 0.78496 0.15997 
vt 0.79197 0.17558 
vt 0.37542 0.8538 
vt 0.78496 0.15997 
vt 0.37542 0.8538 
vt 0.79197 0.17558 
vt 0.26961 0.8538 
vt 0.31817 0.8538 
vt 0.31817 0.8538 
vt 0.20673 0.8538 
vt 0.78979 0.17025 
vt 0.78979 0.17025 
vt 0.27629 0.8538 
vt 0.31149 0.8538 
vt 0.31149 0.8538 
vt 0.77665 0.14569 
vt 0.77665 0.14569 
vt 0.2746 0.8538 
vt 0.21174 0.8538 
vt 0.77665 0.14569 
vt 0.278 0.8538 
vt 0.26623 0.8538 
vt 0.77363 0.14128 
vt 0.78232 0.15505 
vt 0.77363 0.14128 
vt 0.77363 0.14128 
vt 0.80069 0.26245 
vt 0.8012 0.20943 
vt 0.31593 0.8538 
vt 0.76394 0.12928 
vt 0.30076 0.8538 
vt 0.30076 0.8538 
vt 0.8012 0.20943 
vt 0.7787 0.3127 
vt 0.80142 0.25782 
vt 0.80142 0.25782 
vt 0.80069 0.26245 
vt 0.80284 0.24322 
vt 0.29074 0.8538 
vt 0.19698 0.8538 
vt 0.3227 0.8538 
vt 0.3227 0.8538 
vt 0.27293 0.8538 
vt 0.21683 0.8538 
vt 0.76727 0.13306 
vt 0.222 0.8538 
vt 0.18755 0.8538 
vt 0.32498 0.8538 
vt 0.32498 0.8538 
vt 0.76727 0.13306 
vt 0.7705 0.13707 
vt 0.79777 0.27556 
vt 0.33646 0.8538 
vt 0.7705 0.13707 
vt 0.79656 0.27967 
vt 0.33646 0.8538 
vt 0.24107 0.8538 
vt 0.79656 0.27967 
vt 0.32043 0.8538 
vt 0.32043 0.8538 
vt 0.79656 0.27967 
vt 0.33186 0.8538 
vt 0.76052 0.12573 
vt 0.76727 0.13306 
vt 0.79984 0.26695 
vt 0.24392 0.8538 
vt 0.79777 0.27556 
vt 0.33186 0.8538 
vt 0.33416 0.8538 
vt 0.33416 0.8538 
vt 0.20181 0.8538 
vt 0.79745 0.19217 
vt 0.79891 0.19787 
vt 0.37736 0.8538 
vt 0.37736 0.8538 
vt 0.27127 0.8538 
vt 0.278 0.8538 
vt 0.278 0.8538 
vt 0.08594 0.8538 
vt 0.27293 0.8538 
vt 0.27293 0.8538 
vt 0.10789 0.8538 
vt 0.05649 0.8538 
vt 0.75527 0.32832 
vt 0.70449 0.3095 
vt 0.76097 0.32612 
vt 0.70611 0.31102 
vt 0.75232 0.32914 
vt 0.06001 0.8538 
vt 0.75527 0.32832 
vt 0.11206 0.8538 
vt 0.75232 0.32914 
vt 0.27629 0.8538 
vt 0.27629 0.8538 
vt 0.09937 0.8538 
vt 0.68053 0.28515 
vt 0.68053 0.28515 
vt 0.222 0.8538 
vt 0.20673 0.8538 
vt 0.20673 0.8538 
vt 0.74932 0.32975 
vt 0.09052 0.8538 
vt 0.68688 0.29167 
vt 0.67736 0.282 
vt 0.67736 0.282 
vt 0.67895 0.28356 
vt 0.77955 0.15029 
vt 0.78232 0.15505 
vt 0.09499 0.8538 
vt 0.67895 0.28356 
vt 0.77955 0.15029 
vt 0.76394 0.12928 
vt 0.19222 0.8538 
vt 0.77955 0.15029 
vt 0.32727 0.8538 
vt 0.32727 0.8538 
vt 0.78232 0.15505 
vt 0.76052 0.12573 
vt 0.76052 0.12573 
vt 0.73485 0.1084 
vt 0.35674 0.8538 
vt 0.73485 0.1084 
vt 0.35674 0.8538 
vt 0.72335 0.10568 
vt 0.3632 0.8538 
vt 0.7124 0.10567 
vt 0.72335 0.10568 
vt 0.25768 0.8538 
vt 0.3632 0.8538 
vt 0.26291 0.8538 
vt 0.79581 0.18655 
vt 0.36943 0.8538 
vt 0.74242 0.11188 
vt 0.74242 0.11188 
vt 0.36943 0.8538 
vt 0.25369 0.8538 
vt 0.73103 0.10715 
vt 0.72335 0.10568 
vt 0.35892 0.8538 
vt 0.35892 0.8538 
vt 0.25575 0.8538 
vt 0.7124 0.10567 
vt 0.73103 0.10715 
vt 0.2595 0.8538 
vt 0.3653 0.8538 
vt 0.3653 0.8538 
vt 0.74983 0.11659 
vt 0.79398 0.18102 
vt 0.79398 0.18102 
vt 0.79398 0.18102 
vt 0.73865 0.10998 
vt 0.37146 0.8538 
vt 0.26456 0.8538 
vt 0.79581 0.18655 
vt 0.79581 0.18655 
vt 0.25149 0.8538 
vt 0.74983 0.11659 
vt 0.37146 0.8538 
vt 0.73865 0.10998 
vt 0.29666 0.8538 
vt 0.40657 0.8538 
vt 0.26124 0.8538 
vt 0.36738 0.8538 
vt 0.75703 0.12242 
vt 0.74615 0.11409 
vt 0.36738 0.8538 
vt 0.73865 0.10998 
vt 0.74615 0.11409 
vt 0.79745 0.19217 
vt 0.75703 0.12242 
vt 0.75346 0.11937 
vt 0.34104 0.8538 
vt 0.38667 0.8538 
vt 0.75703 0.12242 
vt 0.38667 0.8538 
vt 0.38485 0.8538 
vt 0.38485 0.8538 
vt 0.33875 0.8538 
vt 0.38302 0.8538 
vt 0.38302 0.8538 
vt 0.70599 0.10599 
vt 0.38116 0.8538 
vt 0.38116 0.8538 
vt 0.72719 0.10624 
vt 0.36107 0.8538 
vt 0.36107 0.8538 
vt 0.72719 0.10624 
vt 0.2851 0.8538 
vt 0.7124 0.10567 
vt 0.39201 0.8538 
vt 0.39201 0.8538 
vt 0.29268 0.8538 
vt 0.41267 0.8538 
vt 0.41267 0.8538 
vt 0.39024 0.8538 
vt 0.27973 0.8538 
vt 0.39024 0.8538 
vt 0.38846 0.8538 
vt 0.38846 0.8538 
vt 0.28882 0.8538 
vt 0.40657 0.8538 
vt 0.69962 0.10646 
vt 0.4035 0.8538 
vt 0.69962 0.10646 
vt 0.4035 0.8538 
vt 0.28149 0.8538 
vt 0.40042 0.8538 
vt 0.40042 0.8538 
vt 0.69962 0.10646 
vt 0.39729 0.8538 
vt 0.30076 0.8538 
vt 0.39729 0.8538 
vt 0.29074 0.8538 
vt 0.41573 0.8538 
vt 0.41573 0.8538 
vt 0.39553 0.8538 
vt 0.39553 0.8538 
vt 0.74983 0.11659 
vt 0.75346 0.11937 
vt 0.40962 0.8538 
vt 0.28694 0.8538 
vt 0.40962 0.8538 
vt 0.8025 0.2482 
vt 0.34559 0.8538 
vt 0.34559 0.8538 
vt 0.23148 0.8538 
vt 0.32956 0.8538 
vt 0.32956 0.8538 
vt 0.79984 0.26695 
vt 0.34104 0.8538 
vt 0.79984 0.26695 
vt 0.34104 0.8538 
vt 0.79886 0.27132 
vt 0.80069 0.26245 
vt 0.79886 0.27132 
vt 0.34332 0.8538 
vt 0.80142 0.25782 
vt 0.34332 0.8538 
vt 0.28328 0.8538 
vt 0.8025 0.2482 
vt 0.79777 0.27556 
vt 0.28328 0.8538 
vt 0.803 0.22703 
vt 0.76902 0.32143 
vt 0.13637 0.8538 
vt 0.76902 0.32143 
vt 0.29268 0.8538 
vt 0.29268 0.8538 
vt 0.33875 0.8538 
vt 0.14041 0.8538 
vt 0.77156 0.31951 
vt 0.80202 0.25307 
vt 0.2851 0.8538 
vt 0.80305 0.23812 
vt 0.76372 0.32474 
vt 0.76372 0.32474 
vt 0.23485 0.8538 
vt 0.80312 0.23291 
vt 0.80202 0.25307 
vt 0.2851 0.8538 
vt 0.33875 0.8538 
vt 0.28149 0.8538 
vt 0.76641 0.32318 
vt 0.76641 0.32318 
vt 0.77156 0.31951 
vt 0.23804 0.8538 
vt 0.39377 0.8538 
vt 0.28328 0.8538 
vt 0.24913 0.8538 
vt 0.39377 0.8538 
vt 0.8025 0.2482 
vt 0.29074 0.8538 
vt 0.27973 0.8538 
vt 0.27973 0.8538 
vt 0.28149 0.8538 
vt 0.46769 0.8538 
vt 0.31149 0.8538 
vt 0.6566 0.11376 
vt 0.33646 0.8538 
vt 0.63908 0.11894 
vt 0.62774 0.12305 
vt 0.63908 0.11894 
vt 0.4486 0.8538 
vt 0.4486 0.8538 
vt 0.31817 0.8538 
vt 0.63908 0.11894 
vt 0.45979 0.8538 
vt 0.45979 0.8538 
vt 0.33186 0.8538 
vt 0.3137 0.8538 
vt 0.6566 0.11376 
vt 0.47177 0.8538 
vt 0.47177 0.8538 
vt 0.6566 0.11376 
vt 0.46769 0.8538 
vt 0.6507 0.11535 
vt 0.6507 0.11535 
vt 0.6507 0.11535 
vt 0.68084 0.10875 
vt 0.66257 0.1123 
vt 0.34332 0.8538 
vt 0.66257 0.1123 
vt 0.66257 0.1123 
vt 0.46369 0.8538 
vt 0.6686 0.11098 
vt 0.46369 0.8538 
vt 0.33416 0.8538 
vt 0.32727 0.8538 
vt 0.32498 0.8538 
vt 0.6686 0.11098 
vt 0.6686 0.11098 
vt 0.3227 0.8538 
vt 0.32956 0.8538 
vt 0.34559 0.8538 
vt 0.68084 0.10875 
vt 0.68084 0.10875 
vt 0.32043 0.8538 
vt 0.50315 0.8538 
vt 0.50315 0.8538 
vt 0.35233 0.8538 
vt 0.50804 0.8538 
vt 0.35455 0.8538 
vt 0.68705 0.10784 
vt 0.68705 0.10784 
vt 0.69331 0.10708 
vt 0.48024 0.8538 
vt 0.48024 0.8538 
vt 0.49368 0.8538 
vt 0.49368 0.8538 
vt 0.50804 0.8538 
vt 0.47275 0.36307 
vt 0.47275 0.36307 
vt 0.3632 0.8538 
vt 0.52924 0.8538 
vt 0.52924 0.8538 
vt 0.52335 0.8538 
vt 0.3501 0.8538 
vt 0.52335 0.8538 
vt 0.34785 0.8538 
vt 0.49836 0.8538 
vt 0.49836 0.8538 
vt 0.31593 0.8538 
vt 0.64485 0.11708 
vt 0.64485 0.11708 
vt 0.63337 0.12093 
vt 0.44503 0.8538 
vt 0.44503 0.8538 
vt 0.51304 0.8538 
vt 0.51304 0.8538 
vt 0.47275 0.36307 
vt 0.01776 0.90687 
vt 0.53632 0.18536 
vt 0.54437 0.177 
vt 0.54437 0.177 
vt 0.47334 0.34867 
vt 0.37146 0.8538 
vt 0.01186 0.90687 
vt 0.01186 0.90687 
vt 0.36107 0.8538 
vt 0.47334 0.34867 
vt 0.47328 0.3535 
vt 0.47328 0.3535 
vt 0.00595 0.90687 
vt 0.55282 0.16902 
vt 0.55282 0.16902 
vt 0.55282 0.16902 
vt 0.36738 0.8538 
vt 0.00595 0.90687 
vt 0.00006 0.90687 
vt 0.53245 0.18969 
vt 0.53513 0.8538 
vt 0.35674 0.8538 
vt 0.01776 0.90687 
vt 0.54029 0.18113 
vt 0.54029 0.18113 
vt 0.42506 0.8538 
vt 0.42506 0.8538 
vt 0.53245 0.18969 
vt 0.37542 0.8538 
vt 0.36943 0.8538 
vt 0.53632 0.18536 
vt 0.54437 0.177 
vt 0.54854 0.17296 
vt 0.54029 0.18113 
vt 0.54854 0.17296 
vt 0.69331 0.10708 
vt 0.09639 0.90687 
vt 0.69331 0.10708 
vt 0.67469 0.10979 
vt 0.40962 0.8538 
vt 0.37927 0.8538 
vt 0.67469 0.10979 
vt 0.67469 0.10979 
vt 0.47596 0.8538 
vt 0.47596 0.8538 
vt 0.09639 0.90687 
vt 0.42825 0.8538 
vt 0.37736 0.8538 
vt 0.56166 0.16145 
vt 0.55719 0.16519 
vt 0.56166 0.16145 
vt 0.56166 0.16145 
vt 0.3653 0.8538 
vt 0.42825 0.8538 
vt 0.2987 0.8538 
vt 0.35233 0.8538 
vt 0.35233 0.8538 
vt 0.30498 0.8538 
vt 0.29466 0.8538 
vt 0.71951 0.10549 
vt 0.34785 0.8538 
vt 0.34785 0.8538 
vt 0.70599 0.10599 
vt 0.71951 0.10549 
vt 0.30713 0.8538 
vt 0.30929 0.8538 
vt 0.70599 0.10599 
vt 0.35455 0.8538 
vt 0.35455 0.8538 
vt 0.53632 0.18536 
vt 0.35892 0.8538 
vt 0.51814 0.8538 
vt 0.51814 0.8538 
vt 0.3501 0.8538 
vt 0.47308 0.35831 
vt 0.47328 0.3535 
vt 0.71887 0.1055 
vt 0.47334 0.34867 
vt 0.47308 0.35831 
vt 0.3501 0.8538 
vt 0.30286 0.8538 
vt 0.71887 0.1055 
vt 0.45325 0.42968 
vt 0.45325 0.42968 
vt 0.40042 0.8538 
vt 0.45921 0.41721 
vt 0.46098 0.41295 
vt 0.45921 0.41721 
vt 0.45921 0.41721 
vt 0.06971 0.90687 
vt 0.46562 0.39987 
vt 0.06971 0.90687 
vt 0.45733 0.42142 
vt 0.39024 0.8538 
vt 0.5955 0.13834 
vt 0.08065 0.90687 
vt 0.08065 0.90687 
vt 0.45325 0.42968 
vt 0.45534 0.42558 
vt 0.4035 0.8538 
vt 0.45534 0.42558 
vt 0.086 0.90687 
vt 0.086 0.90687 
vt 0.45534 0.42558 
vt 0.40657 0.8538 
vt 0.46098 0.41295 
vt 0.09125 0.90687 
vt 0.46264 0.40863 
vt 0.4891 0.8538 
vt 0.46098 0.41295 
vt 0.4925 0.25375 
vt 0.46693 0.39541 
vt 0.48624 0.27037 
vt 0.09125 0.90687 
vt 0.4925 0.25375 
vt 0.41267 0.8538 
vt 0.4925 0.25375 
vt 0.4891 0.8538 
vt 0.55719 0.16519 
vt 0.48624 0.27037 
vt 0.55719 0.16519 
vt 0.46769 0.8538 
vt 0.39553 0.8538 
vt 0.45733 0.42142 
vt 0.07522 0.90687 
vt 0.07522 0.90687 
vt 0.48819 0.26476 
vt 0.10144 0.90687 
vt 0.10144 0.90687 
vt 0.39729 0.8538 
vt 0.48624 0.27037 
vt 0.10637 0.90687 
vt 0.46813 0.39091 
vt 0.48819 0.26476 
vt 0.48819 0.26476 
vt 0.48462 0.8538 
vt 0.48462 0.8538 
vt 0.46264 0.40863 
vt 0.46264 0.40863 
vt 0.41573 0.8538 
vt 0.10637 0.90687 
vt 0.471 0.37717 
vt 0.47016 0.38179 
vt 0.50265 0.23259 
vt 0.50265 0.23259 
vt 0.50846 0.22247 
vt 0.46813 0.39091 
vt 0.50265 0.23259 
vt 0.47171 0.37251 
vt 0.47229 0.36781 
vt 0.50846 0.22247 
vt 0.47171 0.37251 
vt 0.50846 0.22247 
vt 0.51475 0.21267 
vt 0.49992 0.23776 
vt 0.49992 0.23776 
vt 0.49992 0.23776 
vt 0.50549 0.22749 
vt 0.471 0.37717 
vt 0.16679 0.90687 
vt 0.16679 0.90687 
vt 0.47171 0.37251 
vt 0.41881 0.8538 
vt 0.46562 0.39987 
vt 0.46813 0.39091 
vt 0.49732 0.24302 
vt 0.49732 0.24302 
vt 0.46419 0.40427 
vt 0.46419 0.40427 
vt 0.01776 0.90687 
vt 0.49028 0.25922 
vt 0.471 0.37717 
vt 0.42506 0.8538 
vt 0.49485 0.24835 
vt 0.53513 0.8538 
vt 0.49485 0.24835 
vt 0.00595 0.90687 
vt 0.47016 0.38179 
vt 0.49485 0.24835 
vt 0.51155 0.21753 
vt 0.14553 0.90687 
vt 0.14553 0.90687 
vt 0.47229 0.36781 
vt 0.45105 0.43373 
vt 0.5215 0.20321 
vt 0.5215 0.20321 
vt 0.45105 0.43373 
vt 0.5215 0.20321 
vt 0.45105 0.43373 
vt 0.14941 0.90687 
vt 0.47229 0.36781 
vt 0.15326 0.90687 
vt 0.15326 0.90687 
vt 0.51475 0.21267 
vt 0.42192 0.8538 
vt 0.51475 0.21267 
vt 0.42825 0.8538 
vt 0.51155 0.21753 
vt 0.50549 0.22749 
vt 0.1539 0.90687 
vt 0.1539 0.90687 
vt 0.51155 0.21753 
vt 0.43148 0.8538 
vt 0.12923 0.90687 
vt 0.40648 0.48677 
vt 0.12923 0.90687 
vt 0.43477 0.8538 
vt 0.13345 0.90687 
vt 0.45225 0.8538 
vt 0.13345 0.90687 
vt 0.40648 0.48677 
vt 0.40281 0.48973 
vt 0.52504 0.19861 
vt 0.13757 0.90687 
vt 0.13757 0.90687 
vt 0.40281 0.48973 
vt 0.52869 0.1941 
vt 0.44154 0.8538 
vt 0.417 0.47742 
vt 0.52869 0.1941 
vt 0.41007 0.48373 
vt 0.14159 0.90687 
vt 0.14159 0.90687 
vt 0.52504 0.19861 
vt 0.41358 0.48062 
vt 0.52504 0.19861 
vt 0.04122 0.90687 
vt 0.17317 0.90687 
vt 0.17317 0.90687 
vt 0.11118 0.90687 
vt 0.417 0.47742 
vt 0.11118 0.90687 
vt 0.4486 0.8538 
vt 0.46921 0.38637 
vt 0.46693 0.39541 
vt 0.02365 0.90687 
vt 0.02365 0.90687 
vt 0.11587 0.90687 
vt 0.46562 0.39987 
vt 0.11587 0.90687 
vt 0.46921 0.38637 
vt 0.46693 0.39541 
vt 0.49028 0.25922 
vt 0.46921 0.38637 
vt 0.41358 0.48062 
vt 0.16036 0.90687 
vt 0.41358 0.48062 
vt 0.41007 0.48373 
vt 0.16036 0.90687 
vt 0.12044 0.90687 
vt 0.12044 0.90687 
vt 0.03539 0.90687 
vt 0.03539 0.90687 
vt 0.45597 0.8538 
vt 0.1249 0.90687 
vt 0.42034 0.47416 
vt 0.1249 0.90687 
vt 0.417 0.47742 
vt 0.4236 0.47082 
vt 0.44503 0.8538 
vt 0.42034 0.47416 
vt 0.04122 0.90687 
vt 0.42192 0.8538 
vt 0.61127 0.13015 
vt 0.61127 0.13015 
vt 0.43813 0.8538 
vt 0.43813 0.8538 
vt 0.41881 0.8538 
vt 0.41881 0.8538 
vt 0.42192 0.8538 
vt 0.61127 0.13015 
vt 0.62218 0.12529 
vt 0.43148 0.8538 
vt 0.62218 0.12529 
vt 0.43148 0.8538 
vt 0.44154 0.8538 
vt 0.37345 0.8538 
vt 0.44154 0.8538 
vt 0.63337 0.12093 
vt 0.63337 0.12093 
vt 0.61669 0.12766 
vt 0.40648 0.48677 
vt 0.60594 0.13276 
vt 0.41007 0.48373 
vt 0.43477 0.8538 
vt 0.60594 0.13276 
vt 0.61669 0.12766 
vt 0.52869 0.1941 
vt 0.14941 0.90687 
vt 0.43477 0.8538 
vt 0.51807 0.2079 
vt 0.51807 0.2079 
vt 0.43813 0.8538 
vt 0.62218 0.12529 
vt 0.45597 0.8538 
vt 0.45597 0.8538 
vt 0.62774 0.12305 
vt 0.62774 0.12305 
vt 0.60594 0.13276 
vt 0.45225 0.8538 
vt 0.45225 0.8538 
vt 0.47556 0.31747 
vt 0.20454 0.90687 
vt 0.47395 0.33605 
vt 0.19073 0.52168 
vt 0.47434 0.3298 
vt 0.49368 0.8538 
vt 0.47395 0.33605 
vt 0.44874 0.43772 
vt 0.52335 0.8538 
vt 1 0.53052 
vt 0.47487 0.32361 
vt 0.36642 0.51261 
vt 0.47434 0.3298 
vt 0.22125 0.53013 
vt 0.47487 0.32361 
vt 0.21071 0.90687 
vt 0.21071 0.90687 
vt 0.18573 0.51988 
vt 0.18573 0.51988 
vt 0.49836 0.8538 
vt 0.35307 0.51861 
vt 0.52924 0.8538 
vt 0.47556 0.31747 
vt 0.19073 0.52168 
vt 0.47556 0.31747 
vt 0.20454 0.90687 
vt 0.19073 0.52168 
vt 0.375 0.50814 
vt 0.47434 0.3298 
vt 0.44383 0.44552 
vt 0.22643 0.53114 
vt 0.37074 0.51042 
vt 0.21686 0.90687 
vt 1 0.52088 
vt 0.21686 0.90687 
vt 0.50315 0.8538 
vt 0.44383 0.44552 
vt 0.35758 0.5167 
vt 0.20587 0.52641 
vt 0.3485 0.52042 
vt 0.20587 0.52641 
vt 0.22297 0.90687 
vt 0.22297 0.90687 
vt 0.22125 0.53013 
vt 0.50804 0.8538 
vt 0.47487 0.32361 
vt 1 0.52569 
vt 0.4764 0.31138 
vt 0.47395 0.33605 
vt 0.22125 0.53013 
vt 0.01186 0.90687 
vt 0.4764 0.31138 
vt 0.35758 0.5167 
vt 0.35758 0.5167 
vt 0.17951 0.90687 
vt 0.19833 0.90687 
vt 0.17951 0.90687 
vt 0.2008 0.52495 
vt 0.42984 0.46393 
vt 0.42677 0.46741 
vt 0.18582 0.90687 
vt 0.47738 0.30535 
vt 0.18582 0.90687 
vt 0.2008 0.52495 
vt 0.51304 0.8538 
vt 0.18077 0.51798 
vt 0.18077 0.51798 
vt 0.47738 0.30535 
vt 0.4764 0.31138 
vt 0.19209 0.90687 
vt 0.19209 0.90687 
vt 0.18077 0.51798 
vt 0.36203 0.5147 
vt 0.36203 0.5147 
vt 0.19833 0.90687 
vt 0.19575 0.52337 
vt 0.19575 0.52337 
vt 0.48118 0.28758 
vt 0.51814 0.8538 
vt 0.47738 0.30535 
vt 0.2008 0.52495 
vt 0.48441 0.27604 
vt 0.47487 0.32361 
vt 0.36642 0.51261 
vt 0.375 0.50814 
vt 0.375 0.50814 
vt 0.17094 0.51384 
vt 0.48273 0.28178 
vt 0.17094 0.51384 
vt 0.17094 0.51384 
vt 0.48118 0.28758 
vt 0.39133 0.49813 
vt 0.39133 0.49813 
vt 0.03539 0.90687 
vt 0.48273 0.28178 
vt 0.38735 0.50076 
vt 0.39133 0.49813 
vt 0.48273 0.28178 
vt 0.4785 0.29937 
vt 0.4785 0.29937 
vt 0.3833 0.50331 
vt 0.48118 0.28758 
vt 0.4785 0.29937 
vt 0.36642 0.51261 
vt 0.37919 0.50577 
vt 0.48441 0.27604 
vt 0.24733 0.53402 
vt 0.24733 0.53402 
vt 0.17584 0.51596 
vt 0.37919 0.50577 
vt 0.17584 0.51596 
vt 0.3833 0.50331 
vt 0.2161 0.529 
vt 0.2161 0.529 
vt 0.39523 0.49541 
vt 0.39523 0.49541 
vt 0.02953 0.90687 
vt 0.3588 0.90687 
vt 0.3588 0.90687 
vt 0.23513 0.90687 
vt 0.47372 0.34234 
vt 1 0.5161 
vt 0.21097 0.52776 
vt 0.47372 0.34234 
vt 0.47372 0.34234 
vt 0.23513 0.90687 
vt 0.44634 0.44165 
vt 0.21097 0.52776 
vt 0.21097 0.52776 
vt 0.44874 0.43772 
vt 0.44634 0.44165 
vt 0.3646 0.90687 
vt 0.3646 0.90687 
vt 0.05848 0.90687 
vt 0.36203 0.5147 
vt 0.04122 0.90687 
vt 0.3833 0.50331 
vt 0.38735 0.50076 
vt 0.38735 0.50076 
vt 0.39523 0.49541 
vt 0.39906 0.49261 
vt 0.39906 0.49261 
vt 0.39906 0.49261 
vt 0.02365 0.90687 
vt 0.34138 0.90687 
vt 0.34138 0.90687 
vt 1 0.45084 
vt 0.05277 0.90687 
vt 0.33557 0.90687 
vt 0.32393 0.90687 
vt 0.08531 0.4542 
vt 0.32393 0.90687 
vt 1 0.46006 
vt 0.08065 0.90687 
vt 0.08941 0.45821 
vt 0.10637 0.90687 
vt 0.09356 0.46212 
vt 0.353 0.90687 
vt 0.06413 0.90687 
vt 1 0.44162 
vt 0.353 0.90687 
vt 0.34719 0.90687 
vt 0.34719 0.90687 
vt 0.33557 0.90687 
vt 0.04701 0.90687 
vt 1 0.45545 
vt 0.10144 0.90687 
vt 1 0.46467 
vt 0.08941 0.45821 
vt 0.09356 0.46212 
vt 0.31226 0.90687 
vt 0.2888 0.90687 
vt 0.06971 0.90687 
vt 0.31226 0.90687 
vt 0.08941 0.45821 
vt 0.47977 0.29344 
vt 0.47977 0.29344 
vt 0.37074 0.51042 
vt 0.37074 0.51042 
vt 0.3181 0.90687 
vt 0.07522 0.90687 
vt 0.3181 0.90687 
vt 0.32975 0.90687 
vt 0.08126 0.45011 
vt 0.32975 0.90687 
vt 0.08126 0.45011 
vt 0.086 0.90687 
vt 0.08531 0.4542 
vt 1 0.46929 
vt 0.09639 0.90687 
vt 0.58047 0.14758 
vt 0.47177 0.8538 
vt 0.38667 0.8538 
vt 0.56623 0.15782 
vt 0.06413 0.90687 
vt 0.45979 0.8538 
vt 0.58047 0.14758 
vt 0.04701 0.90687 
vt 0.5904 0.14131 
vt 0.5904 0.14131 
vt 0.38116 0.8538 
vt 0.58539 0.14439 
vt 0.46369 0.8538 
vt 0.04701 0.90687 
vt 0.58047 0.14758 
vt 0.58539 0.14439 
vt 0.60068 0.13549 
vt 0.05277 0.90687 
vt 0.38302 0.8538 
vt 0.57563 0.15089 
vt 0.05277 0.90687 
vt 0.57563 0.15089 
vt 0.02953 0.90687 
vt 0.02953 0.90687 
vt 0.57088 0.1543 
vt 0.57088 0.1543 
vt 0.38485 0.8538 
vt 0.05848 0.90687 
vt 0.05848 0.90687 
vt 0.56623 0.15782 
vt 0.56623 0.15782 
vt 0.60068 0.13549 
vt 0.06413 0.90687 
vt 0.39377 0.8538 
vt 0.38846 0.8538 
vt 1 0.44623 
vt 0.57563 0.15089 
vt 0.60068 0.13549 
vt 0.39201 0.8538 
vt 0.5904 0.14131 
vt 0.5955 0.13834 
vt 0.58539 0.14439 
vt 0.42866 0.90687 
vt 0.27912 0.53475 
vt 0.42866 0.90687 
vt 0.16036 0.90687 
vt 0.43453 0.90687 
vt 0.14159 0.90687 
vt 1 0.38603 
vt 0.30998 0.53122 
vt 0.04049 0.39928 
vt 0.30998 0.53122 
vt 0.30494 0.53209 
vt 0.29986 0.53285 
vt 0.29986 0.53285 
vt 0.0439 0.40432 
vt 0.13757 0.90687 
vt 1 0.37194 
vt 0.0439 0.40432 
vt 0.30494 0.53209 
vt 0.0439 0.40432 
vt 0.31497 0.53024 
vt 0.14941 0.90687 
vt 0.04737 0.40928 
vt 1 0.37665 
vt 0.44633 0.90687 
vt 0.04737 0.40928 
vt 0.30998 0.53122 
vt 0.44633 0.90687 
vt 0.29986 0.53285 
vt 1 0.36723 
vt 0.28437 0.53445 
vt 0.14553 0.90687 
vt 0.28957 0.53403 
vt 0.44042 0.90687 
vt 0.44042 0.90687 
vt 0.28437 0.53445 
vt 0.03715 0.39416 
vt 0.28957 0.53403 
vt 0.06945 0.43728 
vt 0.06945 0.43728 
vt 0.40527 0.90687 
vt 0.40527 0.90687 
vt 0.06945 0.43728 
vt 1 0.47855 
vt 0.1249 0.90687 
vt 0.4228 0.90687 
vt 0.4228 0.90687 
vt 1 0.3907 
vt 0.27385 0.53493 
vt 0.27912 0.53475 
vt 0.12044 0.90687 
vt 0.27912 0.53475 
vt 0.17317 0.90687 
vt 0.41694 0.90687 
vt 0.41694 0.90687 
vt 1 0.39536 
vt 0.13345 0.90687 
vt 1 0.38134 
vt 0.28437 0.53445 
vt 0.27385 0.53493 
vt 0.27385 0.53493 
vt 0.12923 0.90687 
vt 0.43453 0.90687 
vt 0.26321 0.53493 
vt 0.26321 0.53493 
vt 0.26853 0.53499 
vt 0.38201 0.90687 
vt 0.38201 0.90687 
vt 0.12395 0.48689 
vt 0.14228 0.4989 
vt 0.12847 0.49004 
vt 1 0.42779 
vt 0.12847 0.49004 
vt 1 0.52088 
vt 1 0.52088 
vt 0.26321 0.53493 
vt 0.39945 0.90687 
vt 0.25261 0.53444 
vt 0.25261 0.53444 
vt 0.14697 0.50165 
vt 0.16608 0.51161 
vt 0.14697 0.50165 
vt 0.39945 0.90687 
vt 1 0.41393 
vt 0.26513 0.90687 
vt 1 0.5161 
vt 1 0.5161 
vt 0.39363 0.90687 
vt 0.26853 0.53499 
vt 0.39363 0.90687 
vt 0.11118 0.90687 
vt 0.2579 0.53474 
vt 0.2579 0.53474 
vt 0.15169 0.50429 
vt 1 0.41856 
vt 0.2579 0.53474 
vt 0.11587 0.90687 
vt 0.25261 0.53444 
vt 0.15645 0.50684 
vt 0.15169 0.50429 
vt 0.13764 0.49604 
vt 0.4111 0.90687 
vt 0.4111 0.90687 
vt 1 0.40002 
vt 0.14228 0.4989 
vt 0.03715 0.39416 
vt 0.30494 0.53209 
vt 0.03715 0.39416 
vt 0.29474 0.5335 
vt 1 0.43241 
vt 0.29474 0.5335 
vt 0.45819 0.90687 
vt 0.45819 0.90687 
vt 0.28957 0.53403 
vt 0.04049 0.39928 
vt 0.29474 0.5335 
vt 0.37621 0.90687 
vt 0.25917 0.90687 
vt 0.13303 0.49309 
vt 0.37621 0.90687 
vt 0.24117 0.90687 
vt 1 0.42318 
vt 0.13303 0.49309 
vt 0.13303 0.49309 
vt 0.25319 0.90687 
vt 0.15169 0.50429 
vt 0.15645 0.50684 
vt 0.3704 0.90687 
vt 0.3704 0.90687 
vt 1 0.43701 
vt 0.13764 0.49604 
vt 0.38782 0.90687 
vt 0.27107 0.90687 
vt 0.38782 0.90687 
vt 0.11947 0.48364 
vt 0.11947 0.48364 
vt 0.12395 0.48689 
vt 0.12395 0.48689 
vt 1 0.52569 
vt 1 0.52569 
vt 0.03522 0.36187 
vt 0.04164 0.36996 
vt 0.21686 0.90687 
vt 0.04164 0.36996 
vt 0.04164 0.36996 
vt 0.04164 0.36996 
vt 1 0.53052 
vt 0.53151 0.90687 
vt 0.53151 0.90687 
vt 0.11064 0.47685 
vt 0.11064 0.47685 
vt 0.11503 0.48029 
vt 0.22906 0.90687 
vt 0.11503 0.48029 
vt 0.11503 0.48029 
vt 0.23513 0.90687 
vt 0.029 0.35353 
vt 0.24719 0.90687 
vt 0.102 0.46967 
vt 0.102 0.46967 
vt 0.02298 0.34496 
vt 0.02298 0.34496 
vt 0.02298 0.34496 
vt 0.16125 0.50928 
vt 0.16125 0.50928 
vt 0.16125 0.50928 
vt 0.51274 0.90687 
vt 0.17951 0.90687 
vt 0.51274 0.90687 
vt 0.14228 0.4989 
vt 1 0.29969 
vt 0.16608 0.51161 
vt 1 0.4093 
vt 1 0.40466 
vt 0.50656 0.90687 
vt 0.50656 0.90687 
vt 1 0.30953 
vt 1 0.30462 
vt 0.21071 0.90687 
vt 0.09775 0.46595 
vt 1 0.28976 
vt 0.19209 0.90687 
vt 0.52521 0.90687 
vt 0.52521 0.90687 
vt 0.20454 0.90687 
vt 0.09775 0.46595 
vt 0.09775 0.46595 
vt 0.029 0.35353 
vt 0.22297 0.90687 
vt 0.51896 0.90687 
vt 0.51896 0.90687 
vt 1 0.29473 
vt 0.03522 0.36187 
vt 0.03522 0.36187 
vt 0.43283 0.46038 
vt 0.42677 0.46741 
vt 0.27107 0.90687 
vt 0.27107 0.90687 
vt 0.43283 0.46038 
vt 0.43572 0.45676 
vt 0.43572 0.45676 
vt 0.23162 0.53203 
vt 0.23162 0.53203 
vt 0.33445 0.52525 
vt 0.25319 0.90687 
vt 0.25319 0.90687 
vt 0.23684 0.53281 
vt 0.34388 0.52213 
vt 0.23684 0.53281 
vt 0.42677 0.46741 
vt 0.4236 0.47082 
vt 0.4236 0.47082 
vt 0.09125 0.90687 
vt 0.42984 0.46393 
vt 0.42984 0.46393 
vt 0.44122 0.44933 
vt 0.26513 0.90687 
vt 0.24733 0.53402 
vt 0.26513 0.90687 
vt 0.1063 0.47331 
vt 0.44383 0.44552 
vt 0.33919 0.52374 
vt 0.22906 0.90687 
vt 0.33919 0.52374 
vt 0.43852 0.45308 
vt 0.22906 0.90687 
vt 0.1063 0.47331 
vt 0.43852 0.45308 
vt 0.33919 0.52374 
vt 0.24719 0.90687 
vt 0.24719 0.90687 
vt 0.029 0.35353 
vt 0.1063 0.47331 
vt 0.3485 0.52042 
vt 0.029 0.35353 
vt 0.47596 0.8538 
vt 0.44874 0.43772 
vt 0.34388 0.52213 
vt 0.3485 0.52042 
vt 0.48024 0.8538 
vt 0.02298 0.34496 
vt 0.22643 0.53114 
vt 0.24117 0.90687 
vt 0.25917 0.90687 
vt 0.43283 0.46038 
vt 0.43852 0.45308 
vt 0.25917 0.90687 
vt 0.33445 0.52525 
vt 0.24208 0.53347 
vt 0.48462 0.8538 
vt 0.24208 0.53347 
vt 0.33445 0.52525 
vt 0.23162 0.53203 
vt 0.44122 0.44933 
vt 0.34388 0.52213 
vt 0.44122 0.44933 
vt 0.4891 0.8538 
vt 0.24117 0.90687 
vt 0.35307 0.51861 
vt 0.01285 0.35037 
vt 0.01851 0.36177 
vt 1 0.46929 
vt 0.31226 0.90687 
vt 1 0.46929 
vt 0.02752 0.37831 
vt 1 0.20165 
vt 0.02752 0.37831 
vt 0.09135 0.41942 
vt 0.09135 0.41942 
vt 1 0.47392 
vt 1 0.47392 
vt 0.11484 0.43652 
vt 0.09135 0.41942 
vt 1 0.3625 
vt 0.11484 0.43652 
vt 0.32393 0.90687 
vt 0.11484 0.43652 
vt 0.09905 0.42541 
vt 1 0.46006 
vt 1 0.46006 
vt 0.11484 0.43652 
vt 1 0.46467 
vt 1 0.353 
vt 0.32975 0.90687 
vt 0.10689 0.43111 
vt 0.13108 0.44646 
vt 0.10689 0.43111 
vt 0.10689 0.43111 
vt 0.06197 0.39274 
vt 0.06197 0.39274 
vt 0.06197 0.39274 
vt 0.06909 0.39981 
vt 0.12291 0.44164 
vt 0.2888 0.90687 
vt 1 0.48785 
vt 1 0.48785 
vt 0.13108 0.44646 
vt 0.12291 0.44164 
vt 0.13108 0.44646 
vt 0.03067 0.38367 
vt 0.30641 0.90687 
vt 0.13108 0.44646 
vt 0.03067 0.38367 
vt 0.03067 0.38367 
vt 0.03388 0.38895 
vt 1 0.49252 
vt 1 0.49252 
vt 0.12291 0.44164 
vt 0.12291 0.44164 
vt 0.30055 0.90687 
vt 1 0.47855 
vt 1 0.18054 
vt 1 0.47855 
vt 0.03388 0.38895 
vt 1 0.19637 
vt 0.02445 0.37288 
vt 0.02445 0.37288 
vt 0.02445 0.37288 
vt 0.01851 0.36177 
vt 1 0.4832 
vt 1 0.4832 
vt 0.3181 0.90687 
vt 1 0.18581 
vt 1 0.19109 
vt 1 0.17 
vt 0.44633 0.90687 
vt 1 0.51135 
vt 1 0.51135 
vt 0.45819 0.90687 
vt 0.02144 0.36736 
vt 0.01285 0.35037 
vt 0.45225 0.90687 
vt 1 0.17527 
vt 0.00749 0.33867 
vt 0.277 0.90687 
vt 0.44042 0.90687 
vt 0.28291 0.90687 
vt 0.00749 0.33867 
vt 0.00749 0.33867 
vt 0.01565 0.35611 
vt 1 0.15944 
vt 0.02144 0.36736 
vt 0.01565 0.35611 
vt 0.02144 0.36736 
vt 1 0.4972 
vt 1 0.4972 
vt 1 0.5019 
vt 0.01565 0.35611 
vt 0.01014 0.34455 
vt 1 0.50661 
vt 0.01014 0.34455 
vt 1 0.5019 
vt 1 0.50661 
vt 1 0.16472 
vt 0.29468 0.90687 
vt 1 0.46467 
vt 1 0.35776 
vt 0.10689 0.43111 
vt 1 0.36723 
vt 1 0.14887 
vt 0.4228 0.90687 
vt 0.00492 0.33271 
vt 1 0.36723 
vt 1 0.15416 
vt 0.00492 0.33271 
vt 1 0.37194 
vt 0.00618 0.31785 
vt 1 0.37194 
vt 0.41694 0.90687 
vt 0.43453 0.90687 
vt 0.00618 0.31785 
vt 0.00002 0.32059 
vt 0.42866 0.90687 
vt 1 0.14357 
vt 1 0.2747 
vt 1 0.3907 
vt 1 0.38603 
vt 1 0.38603 
vt 0.01156 0.32711 
vt 0.01156 0.32711 
vt 0.01716 0.33615 
vt 0.39945 0.90687 
vt 0.01156 0.32711 
vt 0.01716 0.33615 
vt 0.01156 0.32711 
vt 1 0.3907 
vt 0.01716 0.33615 
vt 0.40527 0.90687 
vt 0.39363 0.90687 
vt 1 0.13295 
vt 1 0.38134 
vt 0.4111 0.90687 
vt 1 0.37665 
vt 1 0.37665 
vt 1 0.13827 
vt 1 0.38134 
vt 0.3704 0.90687 
vt 0.00243 0.32668 
vt 0.00243 0.32668 
vt 0.01014 0.34455 
vt 0.00243 0.32668 
vt 1 0.4093 
vt 1 0.12229 
vt 1 0.4093 
vt 1 0.27974 
vt 0.38201 0.90687 
vt 1 0.39536 
vt 1 0.39536 
vt 1 0.28476 
vt 1 0.41393 
vt 1 0.41393 
vt 1 0.12763 
vt 1 0.26455 
vt 1 0.40002 
vt 0.38782 0.90687 
vt 1 0.26964 
vt 1 0.40466 
vt 1 0.40466 
vt 1 0.40002 
vt 0.05449 0.41895 
vt 0.31992 0.52915 
vt 0.31497 0.53024 
vt 0.05449 0.41895 
vt 1 0.4832 
vt 0.29468 0.90687 
vt 0.05449 0.41895 
vt 0.29468 0.90687 
vt 0.07333 0.44164 
vt 0.08126 0.45011 
vt 0.07333 0.44164 
vt 0.2888 0.90687 
vt 1 0.48785 
vt 0.07727 0.44592 
vt 0.30641 0.90687 
vt 0.28291 0.90687 
vt 0.07727 0.44592 
vt 0.28291 0.90687 
vt 0.07727 0.44592 
vt 0.30641 0.90687 
vt 1 0.47392 
vt 0.277 0.90687 
vt 0.30055 0.90687 
vt 0.06562 0.43283 
vt 0.30055 0.90687 
vt 0.277 0.90687 
vt 0.06562 0.43283 
vt 1 0.5019 
vt 0.1539 0.90687 
vt 1 0.51135 
vt 0.15326 0.90687 
vt 0.32481 0.52796 
vt 0.32481 0.52796 
vt 0.06185 0.42829 
vt 0.32966 0.52666 
vt 0.31992 0.52915 
vt 0.05814 0.42366 
vt 0.32481 0.52796 
vt 0.45225 0.90687 
vt 0.45225 0.90687 
vt 0.05814 0.42366 
vt 1 0.50661 
vt 0.06185 0.42829 
vt 0.32966 0.52666 
vt 0.32966 0.52666 
vt 0.06185 0.42829 
vt 1 0.49252 
vt 0.04737 0.40928 
vt 0.31992 0.52915 
vt 0.16679 0.90687 
vt 0.0509 0.41416 
vt 1 0.4972 
vt 0.0509 0.41416 
vt 0.13935 0.45098 
vt 0.13935 0.45098 
vt 0.48216 0.90687 
vt 0.14772 0.45519 
vt 1 0.30462 
vt 0.13935 0.45098 
vt 1 0.01736 
vt 1 0.30462 
vt 1 0.29969 
vt 0.14772 0.45519 
vt 1 0.29969 
vt 0.48822 0.90687 
vt 0.14772 0.45519 
vt 0.14772 0.45519 
vt 1 0.0116 
vt 0.47013 0.90687 
vt 1 0.31443 
vt 1 0.31443 
vt 1 0.33384 
vt 1 0.33384 
vt 0.47613 0.90687 
vt 1 0.30953 
vt 1 0.02879 
vt 1 0.32902 
vt 1 0.30953 
vt 1 0.02309 
vt 0.50656 0.90687 
vt 0.51274 0.90687 
vt 1 0.21224 
vt 1 0.29473 
vt 1 0.29473 
vt 0.4943 0.90687 
vt 1 0.28976 
vt 0.50042 0.90687 
vt 1 0.28976 
vt 1 0.20694 
vt 0.13935 0.45098 
vt 0.28854 0.47678 
vt 0.17331 0.46594 
vt 0.28854 0.47678 
vt 0.18198 0.46889 
vt 0.18198 0.46889 
vt 0.02357 0.58802 
vt 1 0.3625 
vt 1 0.3625 
vt 0.17331 0.46594 
vt 0.18198 0.46889 
vt 0.18198 0.46889 
vt 0.27985 0.47826 
vt 0.26648 0.4797 
vt 0.02953 0.58802 
vt 1 0.35776 
vt 1 0.35776 
vt 0.27543 0.47884 
vt 0.27098 0.47932 
vt 0.27098 0.47932 
vt 0.15617 0.45909 
vt 0.16471 0.46268 
vt 0.27985 0.47826 
vt 0.26648 0.4797 
vt 0.27985 0.47826 
vt 0.01764 0.58802 
vt 0.26648 0.4797 
vt 0.16471 0.46268 
vt 1 0.32417 
vt 0.00587 0.58802 
vt 1 0.32417 
vt 1 0.34345 
vt 1 0.34345 
vt 0.27098 0.47932 
vt 0.01174 0.58802 
vt 0.46415 0.90687 
vt 1 0.33866 
vt 1 0.31931 
vt 1 0.31931 
vt 0.15617 0.45909 
vt 1 0.33866 
vt 0.15617 0.45909 
vt 0.15617 0.45909 
vt 1 0.00581 
vt 1 0.353 
vt 1 0.353 
vt 0.16471 0.46268 
vt 0.16471 0.46268 
vt 0.00003 0.58802 
vt 1 0.34824 
vt 1 0.34824 
vt 1 0.32902 
vt 0.27543 0.47884 
vt 0.27543 0.47884 
vt 0.28854 0.47678 
vt 0.17331 0.46594 
vt 0.17331 0.46594 
vt 0.30949 0.47136 
vt 0.22603 0.47856 
vt 0.31354 0.46999 
vt 0.23493 0.47946 
vt 0.22603 0.47856 
vt 1 0.11157 
vt 1 0.18581 
vt 0.22603 0.47856 
vt 0.30126 0.47382 
vt 1 0.18581 
vt 1 0.19637 
vt 0.23493 0.47946 
vt 0.23493 0.47946 
vt 1 0.19637 
vt 0.31354 0.46999 
vt 0.30126 0.47382 
vt 0.23493 0.47946 
vt 0.30126 0.47382 
vt 1 0.10619 
vt 0.20829 0.47572 
vt 0.30126 0.47382 
vt 0.3054 0.47264 
vt 0.21715 0.47731 
vt 0.3054 0.47264 
vt 0.29283 0.4759 
vt 0.20829 0.47572 
vt 0.20829 0.47572 
vt 0.20829 0.47572 
vt 0.3054 0.47264 
vt 0.26648 0.4797 
vt 1 0.19109 
vt 1 0.19109 
vt 1 0.11694 
vt 0.29706 0.47491 
vt 0.29283 0.4759 
vt 0.05368 0.58802 
vt 0.29706 0.47491 
vt 0.05979 0.58802 
vt 0.29283 0.4759 
vt 0.1907 0.4715 
vt 0.1907 0.4715 
vt 0.1907 0.4715 
vt 0.28422 0.47757 
vt 0.19948 0.47378 
vt 0.1907 0.4715 
vt 1 0.20165 
vt 1 0.20165 
vt 0.04154 0.58802 
vt 0.19948 0.47378 
vt 0.03552 0.58802 
vt 0.19948 0.47378 
vt 0.19948 0.47378 
vt 0.28422 0.47757 
vt 0.28422 0.47757 
vt 0.30949 0.47136 
vt 0.30949 0.47136 
vt 0.04759 0.58802 
vt 0.31354 0.46999 
vt 0.22603 0.47856 
vt 1 0.33866 
vt 0.09905 0.42541 
vt 0.48822 0.90687 
vt 1 0.32417 
vt 0.48822 0.90687 
vt 0.09905 0.42541 
vt 0.34719 0.90687 
vt 0.05502 0.3854 
vt 0.48216 0.90687 
vt 0.48216 0.90687 
vt 0.05502 0.3854 
vt 0.05502 0.3854 
vt 0.05502 0.3854 
vt 1 0.32902 
vt 0.04824 0.37781 
vt 0.3646 0.90687 
vt 0.04824 0.37781 
vt 0.04824 0.37781 
vt 1 0.31443 
vt 0.50042 0.90687 
vt 0.50042 0.90687 
vt 0.04824 0.37781 
vt 0.06909 0.39981 
vt 0.06909 0.39981 
vt 0.19833 0.90687 
vt 0.3588 0.90687 
vt 0.06909 0.39981 
vt 1 0.31931 
vt 0.4943 0.90687 
vt 0.18582 0.90687 
vt 0.21715 0.47731 
vt 0.4943 0.90687 
vt 0.29706 0.47491 
vt 0.21715 0.47731 
vt 0.21715 0.47731 
vt 1 0.45084 
vt 1 0.45084 
vt 0.46415 0.90687 
vt 0.46415 0.90687 
vt 0.08378 0.41316 
vt 0.08378 0.41316 
vt 1 0.34345 
vt 1 0.45545 
vt 1 0.45545 
vt 0.34138 0.90687 
vt 0.07636 0.40662 
vt 1 0.34824 
vt 1 0.44162 
vt 1 0.44162 
vt 0.07636 0.40662 
vt 0.47613 0.90687 
vt 0.08378 0.41316 
vt 0.08378 0.41316 
vt 1 0.33384 
vt 0.47613 0.90687 
vt 1 0.44623 
vt 1 0.44623 
vt 0.07636 0.40662 
vt 0.07636 0.40662 
vt 0.353 0.90687 
vt 0.47013 0.90687 
vt 0.33557 0.90687 
vt 0.47013 0.90687 
vt 0.09135 0.41942 
vt 0.25278 0.48019 
vt 1 0.26964 
vt 0.25278 0.48019 
vt 1 0.13295 
vt 0.25278 0.48019 
vt 1 0.26964 
vt 1 0.25944 
vt 1 0.25944 
vt 1 0.26455 
vt 1 0.26455 
vt 0.19147 0.58802 
vt 1 0.03447 
vt 1 0.2747 
vt 1 0.2747 
vt 1 0.12763 
vt 1 0.28476 
vt 1 0.28476 
vt 0.22245 0.58802 
vt 1 0.04575 
vt 1 0.27974 
vt 1 0.12229 
vt 1 0.12763 
vt 1 0.04012 
vt 1 0.06249 
vt 1 0.13827 
vt 1 0.13827 
vt 1 0.27974 
vt 1 0.12229 
vt 1 0.13295 
vt 1 0.05693 
vt 1 0.05135 
vt 0.24274 0.58802 
vt 1 0.22819 
vt 1 0.22819 
vt 1 0.22288 
vt 1 0.22288 
vt 0.25277 0.58802 
vt 1 0.23873 
vt 1 0.23873 
vt 1 0.23347 
vt 1 0.23347 
vt 0.23263 0.58802 
vt 1 0.24914 
vt 0.20187 0.58802 
vt 1 0.24395 
vt 0.25738 0.48013 
vt 1 0.24395 
vt 0.25738 0.48013 
vt 0.25738 0.48013 
vt 0.26195 0.47997 
vt 1 0.2543 
vt 0.26195 0.47997 
vt 0.26195 0.47997 
vt 1 0.24914 
vt 0.24385 0.48001 
vt 0.18099 0.58802 
vt 0.2122 0.58802 
vt 1 0.2543 
vt 0.08458 0.58802 
vt 0.00003 0.58802 
vt 1 0 
vt 0.38208 0.42437 
vt 0.00587 0.58802 
vt 0.00587 0.58802 
vt 0.32107 0.58802 
vt 0.06594 0.58802 
vt 0.3848 0.42126 
vt 0.33056 0.58802 
vt 1 0.0116 
vt 0.07212 0.58802 
vt 1 0.0116 
vt 1 0.00581 
vt 1 0.00581 
vt 0.39002 0.41485 
vt 0.3848 0.42126 
vt 0.3848 0.42126 
vt 0.30189 0.58802 
vt 1 0.20694 
vt 1 0.20694 
vt 0.38208 0.42437 
vt 0.39725 0.40473 
vt 0.31151 0.58802 
vt 0.28245 0.58802 
vt 0.39725 0.40473 
vt 0.39002 0.41485 
vt 1 0.01736 
vt 1 0.01736 
vt 0.39251 0.41155 
vt 0.29221 0.58802 
vt 1 0.02879 
vt 1 0.02879 
vt 0.3995 0.40123 
vt 0.39251 0.41155 
vt 0.3995 0.40123 
vt 0.38745 0.41809 
vt 1 0.21756 
vt 1 0.21756 
vt 0.38745 0.41809 
vt 0.26274 0.58802 
vt 0.39002 0.41485 
vt 0.39492 0.40817 
vt 1 0.02309 
vt 1 0.02309 
vt 1 0.21224 
vt 1 0.21224 
vt 0.27263 0.58802 
vt 0.53151 0.90687 
vt 1 0.22288 
vt 0.53784 0.95957 
vt 1 0.21756 
vt 1 0.43701 
vt 1 0.43701 
vt 0.51896 0.90687 
vt 1 0.23347 
vt 0.52521 0.90687 
vt 0.38745 0.41809 
vt 0.38745 0.41809 
vt 0.38208 0.42437 
vt 1 0.22819 
vt 0.39725 0.40473 
vt 1 0.42318 
vt 1 0.42318 
vt 1 0.24395 
vt 0.37621 0.90687 
vt 1 0.41856 
vt 1 0.41856 
vt 1 0.23873 
vt 1 0.43241 
vt 1 0.43241 
vt 1 0.25944 
vt 1 0.42779 
vt 1 0.42779 
vt 1 0.24914 
vt 1 0.2543 
vt 1 0.08449 
vt 1 0.08449 
vt 0.34034 0.45781 
vt 1 0.07902 
vt 0.40949 0.38279 
vt 0.40949 0.38279 
vt 0.40949 0.38279 
vt 0.1598 0.58802 
vt 0.47197 0.58802 
vt 0.17044 0.58802 
vt 0.41122 0.37892 
vt 0.34748 0.45355 
vt 1 0.09538 
vt 0.14234 0.58802 
vt 0.40949 0.38279 
vt 1 0.07902 
vt 1 0.11157 
vt 1 0.11157 
vt 0.34394 0.45572 
vt 1 0.09538 
vt 0.35437 0.44895 
vt 1 0.11694 
vt 1 0.10619 
vt 1 0.10619 
vt 0.35772 0.44653 
vt 1 0.11694 
vt 0.35437 0.44895 
vt 0.35772 0.44653 
vt 0.12926 0.58802 
vt 0.33668 0.45982 
vt 0.35437 0.44895 
vt 0.42367 0.27558 
vt 0.42367 0.27558 
vt 0.12277 0.58802 
vt 0.34748 0.45355 
vt 0.34748 0.45355 
vt 0.34748 0.45355 
vt 0.35772 0.44653 
vt 0.11632 0.58802 
vt 0.13578 0.58802 
vt 1 0.10079 
vt 1 0.10079 
vt 0.05979 0.58802 
vt 0.05979 0.58802 
vt 0.42367 0.27558 
vt 1 0.04575 
vt 1 0.03447 
vt 1 0.03447 
vt 0.37046 0.43605 
vt 0.42472 0.28288 
vt 0.49423 0.58802 
vt 0.36101 0.44403 
vt 1 0.04012 
vt 0.42235 0.2684 
vt 0.36738 0.43879 
vt 0.36738 0.43879 
vt 0.35096 0.45129 
vt 1 0.04012 
vt 0.42235 0.2684 
vt 0.37046 0.43605 
vt 0.35096 0.45129 
vt 0.48983 0.58802 
vt 0.36423 0.44144 
vt 0.42472 0.28288 
vt 0.36101 0.44403 
vt 0.36423 0.44144 
vt 0.37046 0.43605 
vt 0.36101 0.44403 
vt 1 0.04575 
vt 0.48541 0.58802 
vt 0.33296 0.46174 
vt 0.36738 0.43879 
vt 1 0.05135 
vt 0.48096 0.58802 
vt 1 0.05135 
vt 0.41672 0.24773 
vt 0.36423 0.44144 
vt 0.37929 0.4274 
vt 0.41432 0.24115 
vt 0.42074 0.26136 
vt 0.41432 0.24115 
vt 0.41432 0.24115 
vt 1 0.05693 
vt 0.37348 0.43324 
vt 0.40563 0.22247 
vt 0.41887 0.25447 
vt 0.40563 0.22247 
vt 0.37348 0.43324 
vt 1 0.05693 
vt 0.41887 0.25447 
vt 0.37929 0.4274 
vt 0.40563 0.22247 
vt 0.41672 0.24773 
vt 1 0.06249 
vt 1 0.06249 
vt 0.41672 0.24773 
vt 0.42074 0.26136 
vt 0.41432 0.24115 
vt 0.42074 0.26136 
vt 0.41887 0.25447 
vt 0.35096 0.45129 
vt 1 0.06802 
vt 0.42235 0.2684 
vt 1 0.06802 
vt 0.42235 0.2684 
vt 0.41887 0.25447 
vt 1 0.07353 
vt 1 0.07353 
vt 0.37929 0.4274 
vt 0.40226 0.21662 
vt 0.40226 0.21662 
vt 0.37642 0.43035 
vt 0.40226 0.21662 
vt 0.36423 0.44144 
vt 0.40563 0.22247 
vt 0.47648 0.58802 
vt 0.34935 0.58802 
vt 0.42547 0.29031 
vt 0.42547 0.29031 
vt 0.37642 0.43035 
vt 0.37642 0.43035 
vt 0.18099 0.58802 
vt 0.3908 0.20029 
vt 0.18099 0.58802 
vt 0.3908 0.20029 
vt 0.40877 0.22852 
vt 0.41167 0.23475 
vt 0.52441 0.58802 
vt 0.42472 0.28288 
vt 0.50296 0.58802 
vt 0.37348 0.43324 
vt 0.3908 0.20029 
vt 0.19147 0.58802 
vt 0.00002 0.64109 
vt 0.19147 0.58802 
vt 0.37642 0.43035 
vt 0.40877 0.22852 
vt 0.42547 0.29031 
vt 0.40877 0.22852 
vt 0.38656 0.19528 
vt 0.51589 0.58802 
vt 0.52865 0.58802 
vt 0.41167 0.23475 
vt 0.38656 0.19528 
vt 0.41167 0.23475 
vt 0.42472 0.28288 
vt 0.24953 0.15669 
vt 0.38656 0.19528 
vt 0.23345 0.16168 
vt 0.5116 0.58802 
vt 0.22833 0.16367 
vt 0.39866 0.21096 
vt 0.39484 0.20552 
vt 0.39484 0.20552 
vt 0.50729 0.58802 
vt 0.39484 0.20552 
vt 0.52016 0.58802 
vt 0.49861 0.58802 
vt 0.23345 0.16168 
vt 0.23345 0.16168 
vt 0.23345 0.16168 
vt 0.39866 0.21096 
vt 0.2387 0.15985 
vt 0.22833 0.16367 
vt 0.2387 0.15985 
vt 0.2387 0.15985 
vt 0.22833 0.16367 
vt 0.39484 0.20552 
vt 1 0.14887 
vt 1 0.14887 
vt 1 0.09538 
vt 1 0.14357 
vt 1 0.14357 
vt 1 0.07353 
vt 1 0.15944 
vt 1 0.15944 
vt 0.39866 0.21096 
vt 1 0.06802 
vt 0.22833 0.16367 
vt 1 0.07902 
vt 1 0.15416 
vt 1 0.15416 
vt 0.32535 0.46531 
vt 1 0.08449 
vt 0.32535 0.46531 
vt 1 0.08995 
vt 1 0.17 
vt 1 0.17 
vt 0.32919 0.46357 
vt 0.24385 0.48001 
vt 0.31753 0.46852 
vt 0.32919 0.46357 
vt 1 0.16472 
vt 0.32919 0.46357 
vt 1 0.16472 
vt 0.31753 0.46852 
vt 0.32535 0.46531 
vt 0.31753 0.46852 
vt 0.24385 0.48001 
vt 0.24385 0.48001 
vt 0.32147 0.46696 
vt 1 0.18054 
vt 1 0.18054 
vt 0.32147 0.46696 
vt 0.24385 0.48001 
vt 0.32919 0.46357 
vt 0.32147 0.46696 
vt 1 0.17527 
vt 1 0.10079 
vt 1 0.17527 
vt 0.41726 0.36291 
vt 0.41589 0.36699 
vt 0.09718 0.58802 
vt 0.41589 0.36699 
vt 0.41726 0.36291 
vt 0.09718 0.58802 
vt 0.09086 0.58802 
vt 0.25508 0.15537 
vt 0.41589 0.36699 
vt 0.09086 0.58802 
vt 0.28973 0.15158 
vt 0.24953 0.15669 
vt 0.41589 0.36699 
vt 0.28973 0.15158 
vt 0.21378 0.17053 
vt 0.21378 0.17053 
vt 0.26072 0.15424 
vt 0.21378 0.17053 
vt 0.30189 0.58802 
vt 0.07834 0.58802 
vt 0.42268 0.34173 
vt 0.25508 0.15537 
vt 0.46743 0.58802 
vt 0.07834 0.58802 
vt 0.25508 0.15537 
vt 0.33056 0.58802 
vt 0.33056 0.58802 
vt 0.24953 0.15669 
vt 0.41726 0.36291 
vt 0.32107 0.58802 
vt 0.32107 0.58802 
vt 0.26072 0.15424 
vt 0.41972 0.35459 
vt 0.26072 0.15424 
vt 0.26072 0.15424 
vt 0.46286 0.58802 
vt 0.28973 0.15158 
vt 0.4208 0.35035 
vt 0.28245 0.58802 
vt 0.28245 0.58802 
vt 0.31151 0.58802 
vt 0.45825 0.58802 
vt 0.31151 0.58802 
vt 0.07212 0.58802 
vt 0.07212 0.58802 
vt 0.42347 0.33736 
vt 0.26642 0.1533 
vt 0.26642 0.1533 
vt 0.42347 0.33736 
vt 0.4208 0.35035 
vt 0.42347 0.33736 
vt 0.06594 0.58802 
vt 0.06594 0.58802 
vt 0.13578 0.58802 
vt 0.13578 0.58802 
vt 0.42268 0.34173 
vt 0.42268 0.34173 
vt 0.4208 0.35035 
vt 0.26274 0.58802 
vt 0.26274 0.58802 
vt 0.4208 0.35035 
vt 0.42522 0.32396 
vt 0.44039 0.58802 
vt 0.29221 0.58802 
vt 0.29221 0.58802 
vt 0.42179 0.34607 
vt 0.42179 0.34607 
vt 0.43144 0.58802 
vt 0.42474 0.32847 
vt 0.42415 0.33293 
vt 0.14234 0.58802 
vt 0.42415 0.33293 
vt 0.42415 0.33293 
vt 0.42179 0.34607 
vt 0.42559 0.31941 
vt 0.08697 0.64109 
vt 0.42559 0.31941 
vt 0.07042 0.64109 
vt 0.26642 0.1533 
vt 0.42608 0.30552 
vt 0.12926 0.58802 
vt 0.12926 0.58802 
vt 0.42474 0.32847 
vt 0.16873 0.24046 
vt 0.42593 0.29786 
vt 0.16786 0.23732 
vt 0.42593 0.29786 
vt 0.17545 0.25183 
vt 0.11632 0.58802 
vt 0.09113 0.64109 
vt 0.42586 0.31482 
vt 0.42593 0.29786 
vt 0.42586 0.31482 
vt 0.42474 0.32847 
vt 0.42608 0.30552 
vt 0.11632 0.58802 
vt 0.06629 0.64109 
vt 0.42608 0.30552 
vt 0.07455 0.64109 
vt 0.16715 0.23085 
vt 0.42559 0.31941 
vt 0.1099 0.58802 
vt 0.1099 0.58802 
vt 0.42522 0.32396 
vt 0.08283 0.64109 
vt 0.42602 0.31019 
vt 0.42602 0.31019 
vt 0.10352 0.58802 
vt 0.07869 0.64109 
vt 0.12277 0.58802 
vt 0.12277 0.58802 
vt 0.42586 0.31482 
vt 0.10352 0.58802 
vt 0.09529 0.64109 
vt 0.16873 0.24046 
vt 0.42602 0.31019 
vt 0.1733 0.24921 
vt 0.10785 0.64109 
vt 0.16786 0.23732 
vt 0.16786 0.23732 
vt 0.16873 0.24046 
vt 0.16733 0.23411 
vt 0.16733 0.23411 
vt 0.16993 0.2435 
vt 0.14234 0.58802 
vt 0.16733 0.23411 
vt 0.42593 0.29786 
vt 0.16715 0.23085 
vt 0.09947 0.64109 
vt 0.36761 0.17762 
vt 0.17044 0.58802 
vt 0.11206 0.64109 
vt 0.17044 0.58802 
vt 0.1598 0.58802 
vt 0.1598 0.58802 
vt 0.16715 0.23085 
vt 0.36761 0.17762 
vt 0.36761 0.17762 
vt 0.38211 0.1905 
vt 0.32162 0.15533 
vt 0.14909 0.58802 
vt 0.14909 0.58802 
vt 0.34583 0.16414 
vt 0.38211 0.1905 
vt 0.34583 0.16414 
vt 0.34583 0.16414 
vt 0.1733 0.24921 
vt 0.37263 0.18166 
vt 0.37263 0.18166 
vt 0.17545 0.25183 
vt 0.37263 0.18166 
vt 0.17545 0.25183 
vt 0.04154 0.58802 
vt 0.04154 0.58802 
vt 0.1733 0.24921 
vt 0.37746 0.18596 
vt 0.10365 0.64109 
vt 0.37746 0.18596 
vt 0.17146 0.24642 
vt 0.16993 0.2435 
vt 0.17146 0.24642 
vt 0.32162 0.15533 
vt 0.17146 0.24642 
vt 0.37746 0.18596 
vt 0.32162 0.15533 
vt 0.1779 0.25427 
vt 0.1779 0.25427 
vt 0.32162 0.15533 
vt 0.38211 0.1905 
vt 0.35152 0.1671 
vt 0.35152 0.1671 
vt 0.16993 0.2435 
vt 0.40575 0.39034 
vt 0.1099 0.58802 
vt 0.39492 0.40817 
vt 0.05368 0.58802 
vt 0.05368 0.58802 
vt 0.41287 0.375 
vt 0.10352 0.58802 
vt 0.3995 0.40123 
vt 0.39251 0.41155 
vt 0.04759 0.58802 
vt 0.04759 0.58802 
vt 0.03552 0.58802 
vt 0.40766 0.38659 
vt 0.40766 0.38659 
vt 0.03552 0.58802 
vt 0.41443 0.37102 
vt 0.40766 0.38659 
vt 0.40575 0.39034 
vt 0.39492 0.40817 
vt 0.40575 0.39034 
vt 0.41287 0.375 
vt 0.41443 0.37102 
vt 0.40375 0.39403 
vt 0.09086 0.58802 
vt 0.41287 0.375 
vt 0.40375 0.39403 
vt 0.34394 0.45572 
vt 0.41122 0.37892 
vt 0.02357 0.58802 
vt 0.02953 0.58802 
vt 0.40167 0.39766 
vt 0.02357 0.58802 
vt 0.40167 0.39766 
vt 0.14909 0.58802 
vt 0.34034 0.45781 
vt 1 0.08995 
vt 1 0.08995 
vt 0.34034 0.45781 
vt 0.40167 0.39766 
vt 0.40375 0.39403 
vt 0.41443 0.37102 
vt 0.40375 0.39403 
vt 0.33668 0.45982 
vt 0.01764 0.58802 
vt 0.01764 0.58802 
vt 0.01174 0.58802 
vt 0.33668 0.45982 
vt 0.39492 0.40817 
vt 0.07834 0.58802 
vt 0.01174 0.58802 
vt 0.09718 0.58802 
vt 0.33296 0.46174 
vt 0.34394 0.45572 
vt 0.41122 0.37892 
vt 0.02953 0.58802 
vt 0.33296 0.46174 
vt 0.18007 0.19763 
vt 0.20272 0.2644 
vt 0.02503 0.64109 
vt 0.20272 0.2644 
vt 0.04569 0.64109 
vt 0.18007 0.19763 
vt 0.17131 0.21192 
vt 0.18366 0.25852 
vt 0.20488 0.17579 
vt 0.20488 0.17579 
vt 0.04981 0.64109 
vt 0.2007 0.1786 
vt 0.2007 0.1786 
vt 0.52865 0.58802 
vt 0.52865 0.58802 
vt 0.2007 0.1786 
vt 0.20488 0.17579 
vt 0.19671 0.18152 
vt 0.19671 0.18152 
vt 0.34935 0.58802 
vt 0.34935 0.58802 
vt 0.19671 0.18152 
vt 0.18696 0.26028 
vt 0.19052 0.26177 
vt 0.02089 0.64109 
vt 0.19293 0.18455 
vt 0.19293 0.18455 
vt 0.18007 0.19763 
vt 0.18696 0.26028 
vt 0.53708 0.58802 
vt 0.00002 0.64109 
vt 0.16733 0.22701 
vt 0.18937 0.18769 
vt 0.06217 0.64109 
vt 0.52441 0.58802 
vt 0.18603 0.19092 
vt 0.19052 0.26177 
vt 0.19052 0.26177 
vt 0.52441 0.58802 
vt 0.17514 0.20465 
vt 0.18603 0.19092 
vt 0.19052 0.26177 
vt 0.18937 0.18769 
vt 0.20272 0.2644 
vt 0.19434 0.26297 
vt 0.19841 0.26385 
vt 0.19434 0.26297 
vt 0.18293 0.19423 
vt 0.19434 0.26297 
vt 0.20272 0.2644 
vt 0.19841 0.26385 
vt 0.18603 0.19092 
vt 0.18293 0.19423 
vt 0.53287 0.58802 
vt 0.20272 0.2644 
vt 0.53287 0.58802 
vt 0.18293 0.19423 
vt 0.20272 0.2644 
vt 0.04156 0.64109 
vt 0.17308 0.20826 
vt 0.18937 0.18769 
vt 0.19841 0.26385 
vt 0.19841 0.26385 
vt 0.40445 0.58802 
vt 0.40445 0.58802 
vt 0.17747 0.20111 
vt 0.17747 0.20111 
vt 0.17747 0.20111 
vt 0.20272 0.2644 
vt 0.17514 0.20465 
vt 0.37712 0.58802 
vt 0.37712 0.58802 
vt 0.33998 0.58802 
vt 0.17514 0.20465 
vt 0.33998 0.58802 
vt 0.17308 0.20826 
vt 0.16868 0.21939 
vt 0.05393 0.64109 
vt 0.17308 0.20826 
vt 0.16784 0.22318 
vt 0.17131 0.21192 
vt 0.17131 0.21192 
vt 0.16733 0.22701 
vt 0.05805 0.64109 
vt 0.39538 0.58802 
vt 0.39538 0.58802 
vt 0.16984 0.21563 
vt 0.16984 0.21563 
vt 0.36792 0.58802 
vt 0.36792 0.58802 
vt 0.16868 0.21939 
vt 0.21115 0.64109 
vt 0.21862 0.64109 
vt 0.24766 0.64109 
vt 0.226 0.64109 
vt 0.16784 0.22318 
vt 0.38627 0.58802 
vt 0.38627 0.58802 
vt 0.16784 0.22318 
vt 0.2333 0.64109 
vt 0.16733 0.22701 
vt 0.35866 0.58802 
vt 0.35866 0.58802 
vt 0.07455 0.64109 
vt 0.07455 0.64109 
vt 0.26173 0.64109 
vt 0.44932 0.58802 
vt 0.24052 0.64109 
vt 0.44932 0.58802 
vt 0.16868 0.21939 
vt 0.45825 0.58802 
vt 0.45825 0.58802 
vt 0.27554 0.64109 
vt 0.30907 0.64109 
vt 0.42247 0.58802 
vt 0.42247 0.58802 
vt 0.06629 0.64109 
vt 0.46286 0.58802 
vt 0.46286 0.58802 
vt 0.25473 0.64109 
vt 0.07869 0.64109 
vt 0.07869 0.64109 
vt 0.46743 0.58802 
vt 0.46743 0.58802 
vt 0.28911 0.64109 
vt 0.44039 0.58802 
vt 0.44039 0.58802 
vt 0.41347 0.58802 
vt 0.26867 0.64109 
vt 0.41347 0.58802 
vt 0.37712 0.58802 
vt 0.28235 0.64109 
vt 0.43144 0.58802 
vt 0.43144 0.58802 
vt 0.20924 0.1731 
vt 0.42247 0.58802 
vt 0.24274 0.58802 
vt 0.24274 0.58802 
vt 0.22833 0.16367 
vt 0.27263 0.58802 
vt 0.27263 0.58802 
vt 0.41347 0.58802 
vt 0.2122 0.58802 
vt 0.2122 0.58802 
vt 0.33998 0.58802 
vt 0.23345 0.16168 
vt 0.40445 0.58802 
vt 0.20924 0.1731 
vt 0.22245 0.58802 
vt 0.22245 0.58802 
vt 0.21848 0.1681 
vt 0.2387 0.15985 
vt 0.25277 0.58802 
vt 0.39538 0.58802 
vt 0.25277 0.58802 
vt 0.2387 0.15985 
vt 0.20924 0.1731 
vt 0.22333 0.16581 
vt 0.24407 0.15818 
vt 0.22333 0.16581 
vt 0.278 0.15202 
vt 0.35866 0.58802 
vt 0.27218 0.15256 
vt 0.27218 0.15256 
vt 0.20924 0.1731 
vt 0.20187 0.58802 
vt 0.20187 0.58802 
vt 0.27218 0.15256 
vt 0.38627 0.58802 
vt 0.23263 0.58802 
vt 0.44932 0.58802 
vt 0.23263 0.58802 
vt 0.08458 0.58802 
vt 0.08458 0.58802 
vt 0.30189 0.58802 
vt 0.23345 0.16168 
vt 0.24407 0.15818 
vt 0.24407 0.15818 
vt 0.53287 0.58802 
vt 0.28385 0.15169 
vt 0.28385 0.15169 
vt 0.22333 0.16581 
vt 0.28385 0.15169 
vt 0.36792 0.58802 
vt 0.41972 0.35459 
vt 0.21378 0.17053 
vt 0.41854 0.35877 
vt 0.41972 0.35459 
vt 0.21848 0.1681 
vt 0.41854 0.35877 
vt 0.21848 0.1681 
vt 0.278 0.15202 
vt 0.278 0.15202 
vt 0.41854 0.35877 
vt 0.22333 0.16581 
vt 0.22626 0.26231 
vt 0.22626 0.26231 
vt 0.12477 0.64109 
vt 0.16395 0.64109 
vt 0.10365 0.64109 
vt 0.10365 0.64109 
vt 0.299 0.23082 
vt 0.299 0.23082 
vt 0.1595 0.64109 
vt 0.299 0.23082 
vt 0.12904 0.64109 
vt 0.12904 0.64109 
vt 0.2952 0.23287 
vt 0.12477 0.64109 
vt 0.2952 0.23287 
vt 0.00421 0.64109 
vt 0.17293 0.64109 
vt 0.00421 0.64109 
vt 0.231 0.26123 
vt 0.231 0.26123 
vt 0.2952 0.23287 
vt 0.30274 0.22884 
vt 0.09947 0.64109 
vt 0.23569 0.25998 
vt 0.23569 0.25998 
vt 0.09947 0.64109 
vt 0.24033 0.25857 
vt 0.27939 0.24139 
vt 0.30642 0.22692 
vt 0.20725 0.26458 
vt 0.20725 0.26458 
vt 0.01257 0.64109 
vt 0.01257 0.64109 
vt 0.18203 0.64109 
vt 0.27939 0.24139 
vt 0.299 0.23082 
vt 0.16843 0.64109 
vt 0.01673 0.64109 
vt 0.01673 0.64109 
vt 0.27939 0.24139 
vt 0.30642 0.22692 
vt 0.30642 0.22692 
vt 0.27939 0.24139 
vt 0.21168 0.26442 
vt 0.17747 0.64109 
vt 0.28741 0.2371 
vt 0.28343 0.23924 
vt 0.28741 0.2371 
vt 0.28343 0.23924 
vt 0.28343 0.23924 
vt 0.21168 0.26442 
vt 0.21659 0.26392 
vt 0.21659 0.26392 
vt 0.12051 0.64109 
vt 0.12051 0.64109 
vt 0.11628 0.64109 
vt 0.28741 0.2371 
vt 0.30274 0.22884 
vt 0.29134 0.23497 
vt 0.15508 0.64109 
vt 0.28741 0.2371 
vt 0.30274 0.22884 
vt 0.29134 0.23497 
vt 0.29134 0.23497 
vt 0.11628 0.64109 
vt 0.02917 0.64109 
vt 0.02917 0.64109 
vt 0.18663 0.64109 
vt 0.22145 0.26322 
vt 0.22145 0.26322 
vt 0.22145 0.26322 
vt 0.28343 0.23924 
vt 0.29134 0.23497 
vt 0.19127 0.64109 
vt 0.03331 0.64109 
vt 0.03331 0.64109 
vt 0.32388 0.21899 
vt 0.32719 0.21784 
vt 0.32719 0.21784 
vt 0.32388 0.21899 
vt 0.03744 0.64109 
vt 0.03744 0.64109 
vt 0.32388 0.21899 
vt 0.20725 0.26458 
vt 0.20359 0.64109 
vt 0.33043 0.21685 
vt 0.33043 0.21685 
vt 0.19593 0.64109 
vt 0.20725 0.26458 
vt 0.20725 0.26458 
vt 0.0084 0.64109 
vt 0.0084 0.64109 
vt 0.33361 0.21606 
vt 0.20725 0.26458 
vt 0.20725 0.26458 
vt 0.20725 0.26458 
vt 0.43697 0.64109 
vt 0.04569 0.64109 
vt 0.20725 0.26458 
vt 0.04569 0.64109 
vt 0.20725 0.26458 
vt 0.21168 0.26442 
vt 0.21168 0.26442 
vt 0.21168 0.26442 
vt 0.33361 0.21606 
vt 0.4311 0.64109 
vt 0.04981 0.64109 
vt 0.04981 0.64109 
vt 0.20725 0.26458 
vt 0.20725 0.26458 
vt 0.02089 0.64109 
vt 0.31359 0.22338 
vt 0.21659 0.26392 
vt 0.31004 0.2251 
vt 0.46014 0.64109 
vt 0.02503 0.64109 
vt 0.02503 0.64109 
vt 0.20725 0.26458 
vt 0.4428 0.64109 
vt 0.33043 0.21685 
vt 0.02089 0.64109 
vt 0.31708 0.22178 
vt 0.31359 0.22338 
vt 0.21659 0.26392 
vt 0.32051 0.22031 
vt 0.31708 0.22178 
vt 0.21659 0.26392 
vt 0.32051 0.22031 
vt 0.33043 0.21685 
vt 0.33361 0.21606 
vt 0.06217 0.64109 
vt 0.42522 0.64109 
vt 0.4544 0.64109 
vt 0.06217 0.64109 
vt 0.46585 0.64109 
vt 0.21168 0.26442 
vt 0.33361 0.21606 
vt 0.31004 0.2251 
vt 0.21168 0.26442 
vt 0.31004 0.2251 
vt 0.31708 0.22178 
vt 0.04156 0.64109 
vt 0.04156 0.64109 
vt 0.48269 0.64109 
vt 0.22145 0.26322 
vt 0.05805 0.64109 
vt 0.05805 0.64109 
vt 0.44861 0.64109 
vt 0.48819 0.64109 
vt 0.24033 0.25857 
vt 0.01673 0.64109 
vt 0.12051 0.64109 
vt 0.49423 0.58802 
vt 0.49423 0.58802 
vt 0.05393 0.64109 
vt 0.05393 0.64109 
vt 0.26262 0.24975 
vt 0.18064 0.25651 
vt 0.1779 0.25427 
vt 0.334 0.15912 
vt 0.12904 0.64109 
vt 0.18064 0.25651 
vt 0.3021 0.15208 
vt 0.11628 0.64109 
vt 0.29591 0.1517 
vt 0.29591 0.1517 
vt 0.29591 0.1517 
vt 0.50729 0.58802 
vt 0.50729 0.58802 
vt 0.334 0.15912 
vt 0.36242 0.17384 
vt 0.01257 0.64109 
vt 0.18366 0.25852 
vt 0.36242 0.17384 
vt 0.36242 0.17384 
vt 0.36242 0.17384 
vt 0.32788 0.15707 
vt 0.48983 0.58802 
vt 0.18064 0.25651 
vt 0.48983 0.58802 
vt 0.29591 0.1517 
vt 0.5116 0.58802 
vt 0.5116 0.58802 
vt 0.18366 0.25852 
vt 0.334 0.15912 
vt 0.35705 0.17033 
vt 0.35705 0.17033 
vt 0.12477 0.64109 
vt 0.51589 0.58802 
vt 0.51589 0.58802 
vt 0.18696 0.26028 
vt 0.18696 0.26028 
vt 0.38211 0.1905 
vt 0.49861 0.58802 
vt 0.49861 0.58802 
vt 0.35152 0.1671 
vt 0.32788 0.15707 
vt 0.32788 0.15707 
vt 0.3021 0.15208 
vt 0.3021 0.15208 
vt 0.52016 0.58802 
vt 0.52016 0.58802 
vt 0.35705 0.17033 
vt 0.0084 0.64109 
vt 0.19293 0.18455 
vt 0.02917 0.64109 
vt 0.48096 0.58802 
vt 0.19052 0.26177 
vt 0.48096 0.58802 
vt 0.31523 0.15392 
vt 0.47197 0.58802 
vt 0.19434 0.26297 
vt 0.47197 0.58802 
vt 0.19293 0.18455 
vt 0.19434 0.26297 
vt 0.03331 0.64109 
vt 0.31523 0.15392 
vt 0.33999 0.16148 
vt 0.31523 0.15392 
vt 0.48541 0.58802 
vt 0.48541 0.58802 
vt 0.19841 0.26385 
vt 0.19841 0.26385 
vt 0.47648 0.58802 
vt 0.47648 0.58802 
vt 0.30872 0.15283 
vt 0.20272 0.2644 
vt 0.03744 0.64109 
vt 0.33999 0.16148 
vt 0.20272 0.2644 
vt 0.33999 0.16148 
vt 0.33999 0.16148 
vt 0.1779 0.25427 
vt 0.00421 0.64109 
vt 0.30872 0.15283 
vt 0.18366 0.25852 
vt 0.50296 0.58802 
vt 0.50296 0.58802 
vt 0.30872 0.15283 
vt 0.24052 0.64109 
vt 0.24052 0.64109 
vt 0.36722 0.64109 
vt 0.34799 0.64109 
vt 0.26173 0.64109 
vt 0.36081 0.64109 
vt 0.26173 0.64109 
vt 0.25473 0.64109 
vt 0.25473 0.64109 
vt 0.24942 0.25536 
vt 0.37078 0.24739 
vt 0.35441 0.64109 
vt 0.36559 0.23612 
vt 0.2449 0.25703 
vt 0.26867 0.64109 
vt 0.26867 0.64109 
vt 0.24942 0.25536 
vt 0.14196 0.64109 
vt 0.27554 0.64109 
vt 0.27554 0.64109 
vt 0.39304 0.64109 
vt 0.38654 0.64109 
vt 0.37397 0.25654 
vt 0.2449 0.25703 
vt 0.37298 0.25345 
vt 0.28235 0.64109 
vt 0.25387 0.25358 
vt 0.25827 0.25171 
vt 0.28911 0.64109 
vt 0.28911 0.64109 
vt 0.37191 0.2504 
vt 0.25387 0.25358 
vt 0.2449 0.25703 
vt 0.14196 0.64109 
vt 0.41904 0.64109 
vt 0.30246 0.64109 
vt 0.28235 0.64109 
vt 0.30246 0.64109 
vt 0.37078 0.24739 
vt 0.37078 0.24739 
vt 0.29581 0.64109 
vt 0.29581 0.64109 
vt 0.37298 0.25345 
vt 0.37298 0.25345 
vt 0.36559 0.23612 
vt 0.41284 0.64109 
vt 0.36831 0.24159 
vt 0.37191 0.2504 
vt 0.31564 0.64109 
vt 0.38008 0.64109 
vt 0.31564 0.64109 
vt 0.36831 0.24159 
vt 0.30907 0.64109 
vt 0.13763 0.64109 
vt 0.13763 0.64109 
vt 0.1595 0.64109 
vt 0.37397 0.25654 
vt 0.36698 0.2388 
vt 0.1595 0.64109 
vt 0.37397 0.25654 
vt 0.36559 0.23612 
vt 0.36698 0.2388 
vt 0.13333 0.64109 
vt 0.37364 0.64109 
vt 0.30907 0.64109 
vt 0.13333 0.64109 
vt 0.36957 0.24445 
vt 0.36831 0.24159 
vt 0.40618 0.64109 
vt 0.39958 0.64109 
vt 0.37778 0.27216 
vt 0.14631 0.64109 
vt 0.14631 0.64109 
vt 0.05649 0.69417 
vt 0.17747 0.64109 
vt 0.17747 0.64109 
vt 0.36957 0.24445 
vt 0.15508 0.64109 
vt 0.37778 0.27216 
vt 0.05323 0.69417 
vt 0.04997 0.69417 
vt 0.37778 0.27216 
vt 0.15068 0.64109 
vt 0.15508 0.64109 
vt 0.16395 0.64109 
vt 0.16395 0.64109 
vt 0.05974 0.69417 
vt 0.37872 0.27827 
vt 0.37489 0.25965 
vt 0.37489 0.25965 
vt 0.15068 0.64109 
vt 0.34509 0.21556 
vt 0.06965 0.69417 
vt 0.3783 0.27524 
vt 0.06301 0.69417 
vt 0.06631 0.69417 
vt 0.17293 0.64109 
vt 0.17293 0.64109 
vt 0.3765 0.26592 
vt 0.35077 0.21815 
vt 0.3765 0.26592 
vt 0.34509 0.21556 
vt 0.16843 0.64109 
vt 0.37574 0.26279 
vt 0.37574 0.26279 
vt 0.16843 0.64109 
vt 0.37574 0.26279 
vt 0.18203 0.64109 
vt 0.18203 0.64109 
vt 0.08283 0.64109 
vt 0.34891 0.21706 
vt 0.33977 0.2151 
vt 0.08283 0.64109 
vt 0.07304 0.69417 
vt 0.34891 0.21706 
vt 0.33672 0.21547 
vt 0.33672 0.21547 
vt 0.34702 0.21619 
vt 0.37718 0.26905 
vt 0.37718 0.26905 
vt 0.34702 0.21619 
vt 0.09113 0.64109 
vt 0.09113 0.64109 
vt 0.29581 0.64109 
vt 0.09529 0.64109 
vt 0.09529 0.64109 
vt 0.30246 0.64109 
vt 0.31564 0.64109 
vt 0.06629 0.64109 
vt 0.11206 0.64109 
vt 0.11206 0.64109 
vt 0.13333 0.64109 
vt 0.13763 0.64109 
vt 0.07042 0.64109 
vt 0.07042 0.64109 
vt 0.10785 0.64109 
vt 0.10785 0.64109 
vt 0.14196 0.64109 
vt 0.15068 0.64109 
vt 0.14631 0.64109 
vt 0.08697 0.64109 
vt 0.08697 0.64109 
vt 0.36414 0.23354 
vt 0.3526 0.21946 
vt 0.00921 0.69417 
vt 0.47713 0.64109 
vt 0.47713 0.64109 
vt 0.36264 0.23108 
vt 0.35782 0.22452 
vt 0.51966 0.64109 
vt 0.36414 0.23354 
vt 0.35438 0.22096 
vt 0.51462 0.64109 
vt 0.48819 0.64109 
vt 0.35438 0.22096 
vt 0.48819 0.64109 
vt 0.3526 0.21946 
vt 0.01365 0.69417 
vt 0.50428 0.64109 
vt 0.35782 0.22452 
vt 0.35782 0.22452 
vt 0.02638 0.69417 
vt 0.50428 0.64109 
vt 0.49899 0.64109 
vt 0.35612 0.22265 
vt 0.49899 0.64109 
vt 0.35612 0.22265 
vt 0.02223 0.69417 
vt 0.00467 0.69417 
vt 0.47151 0.64109 
vt 0.47151 0.64109 
vt 0.00002 0.69417 
vt 0.03045 0.69417 
vt 0.50949 0.64109 
vt 0.50949 0.64109 
vt 0.04612 0.69417 
vt 0.04226 0.69417 
vt 0.01799 0.69417 
vt 0.49363 0.64109 
vt 0.49363 0.64109 
vt 0.32796 0.39718 
vt 0.32217 0.64109 
vt 0.32217 0.64109 
vt 0.31783 0.40309 
vt 0.32866 0.64109 
vt 0.32866 0.64109 
vt 0.20273 0.69417 
vt 0.03838 0.69417 
vt 0.33277 0.39385 
vt 0.33277 0.39385 
vt 0.34157 0.64109 
vt 0.34157 0.64109 
vt 0.33277 0.39385 
vt 0.34606 0.38234 
vt 0.32796 0.39718 
vt 0.03444 0.69417 
vt 0.32297 0.40026 
vt 0.32796 0.39718 
vt 0.31783 0.40309 
vt 0.31783 0.40309 
vt 0.33513 0.64109 
vt 0.34606 0.38234 
vt 0.21129 0.69417 
vt 0.33513 0.64109 
vt 0.32297 0.40026 
vt 0.33739 0.39027 
vt 0.35441 0.64109 
vt 0.35441 0.64109 
vt 0.32297 0.40026 
vt 0.33739 0.39027 
vt 0.34799 0.64109 
vt 0.34799 0.64109 
vt 0.34183 0.38643 
vt 0.34183 0.38643 
vt 0.35008 0.37799 
vt 0.34183 0.38643 
vt 0.20705 0.69417 
vt 0.21543 0.69417 
vt 0.35008 0.37799 
vt 0.36722 0.64109 
vt 0.36722 0.64109 
vt 0.33739 0.39027 
vt 0.28395 0.41483 
vt 0.36081 0.64109 
vt 0.36081 0.64109 
vt 0.19388 0.69417 
vt 0.28991 0.41349 
vt 0.41284 0.64109 
vt 0.41284 0.64109 
vt 0.28395 0.41483 
vt 0.18935 0.69417 
vt 0.28395 0.41483 
vt 0.27173 0.41677 
vt 0.38008 0.64109 
vt 0.38008 0.64109 
vt 0.27789 0.41592 
vt 0.18477 0.69417 
vt 0.40618 0.64109 
vt 0.40618 0.64109 
vt 0.35008 0.37799 
vt 0.28991 0.41349 
vt 0.28991 0.41349 
vt 0.39304 0.64109 
vt 0.39304 0.64109 
vt 0.37364 0.64109 
vt 0.37364 0.64109 
vt 0.27789 0.41592 
vt 0.27173 0.41677 
vt 0.38654 0.64109 
vt 0.27173 0.41677 
vt 0.19834 0.69417 
vt 0.38654 0.64109 
vt 0.41904 0.64109 
vt 0.41904 0.64109 
vt 0.30707 0.40799 
vt 0.226 0.64109 
vt 0.27789 0.41592 
vt 0.50428 0.64109 
vt 0.2669 0.24773 
vt 0.49899 0.64109 
vt 0.22626 0.26231 
vt 0.2669 0.24773 
vt 0.2669 0.24773 
vt 0.26262 0.24975 
vt 0.26262 0.24975 
vt 0.26262 0.24975 
vt 0.26262 0.24975 
vt 0.47713 0.64109 
vt 0.27528 0.24354 
vt 0.22626 0.26231 
vt 0.34157 0.64109 
vt 0.22626 0.26231 
vt 0.23569 0.25998 
vt 0.27112 0.24565 
vt 0.27528 0.24354 
vt 0.24033 0.25857 
vt 0.50949 0.64109 
vt 0.2669 0.24773 
vt 0.231 0.26123 
vt 0.231 0.26123 
vt 0.27112 0.24565 
vt 0.231 0.26123 
vt 0.23569 0.25998 
vt 0.47151 0.64109 
vt 0.21862 0.64109 
vt 0.21862 0.64109 
vt 0.27112 0.24565 
vt 0.27528 0.24354 
vt 0.27112 0.24565 
vt 0.21115 0.64109 
vt 0.21115 0.64109 
vt 0.24942 0.25536 
vt 0.2449 0.25703 
vt 0.27528 0.24354 
vt 0.24033 0.25857 
vt 0.49363 0.64109 
vt 0.24942 0.25536 
vt 0.2333 0.64109 
vt 0.32217 0.64109 
vt 0.2333 0.64109 
vt 0.25827 0.25171 
vt 0.33513 0.64109 
vt 0.22145 0.26322 
vt 0.25827 0.25171 
vt 0.25387 0.25358 
vt 0.24766 0.64109 
vt 0.24766 0.64109 
vt 0.25387 0.25358 
vt 0.2449 0.25703 
vt 0.226 0.64109 
vt 0.32866 0.64109 
vt 0.25827 0.25171 
vt 0.13209 0.37923 
vt 0.07834 0.32906 
vt 0.37883 0.30554 
vt 0.06901 0.31589 
vt 0.17267 0.40104 
vt 0.1194 0.3701 
vt 0.07834 0.32906 
vt 0.04798 0.12424 
vt 0.04635 0.12914 
vt 0.04798 0.12424 
vt 0.13209 0.37923 
vt 0.1194 0.3701 
vt 0.07513 0.32476 
vt 0.08108 0.06555 
vt 0.07834 0.32906 
vt 0.07513 0.32476 
vt 0.08108 0.06555 
vt 0.37883 0.30554 
vt 0.17734 0.40293 
vt 0.17734 0.40293 
vt 0.13235 0.69417 
vt 0.378 0.31302 
vt 0.05323 0.69417 
vt 0.24479 0.69417 
vt 0.1194 0.3701 
vt 0.04798 0.12424 
vt 0.22727 0.69417 
vt 0.12357 0.37325 
vt 0.05323 0.69417 
vt 0.07834 0.32906 
vt 0.1278 0.37629 
vt 0.07513 0.32476 
vt 0.378 0.31302 
vt 0.18674 0.40638 
vt 0.18203 0.40471 
vt 0.18203 0.40471 
vt 0.07814 0.06913 
vt 0.17267 0.40104 
vt 0.08505 0.33738 
vt 0.07251 0.07657 
vt 0.23101 0.69417 
vt 0.07251 0.07657 
vt 0.1278 0.37629 
vt 0.37686 0.32024 
vt 0.07528 0.0728 
vt 0.3793 0.28417 
vt 0.18203 0.40471 
vt 0.08505 0.33738 
vt 0.15881 0.39472 
vt 0.05649 0.69417 
vt 0.08165 0.33327 
vt 0.07251 0.07657 
vt 0.13209 0.37923 
vt 0.08165 0.33327 
vt 0.21948 0.69417 
vt 0.07528 0.0728 
vt 0.08165 0.33327 
vt 0.08505 0.33738 
vt 0.15881 0.39472 
vt 0.23812 0.69417 
vt 0.30148 0.41007 
vt 0.37883 0.30554 
vt 0.15425 0.3924 
vt 0.07304 0.69417 
vt 0.15881 0.39472 
vt 0.06721 0.08439 
vt 0.06721 0.08439 
vt 0.04997 0.69417 
vt 0.1278 0.37629 
vt 0.1278 0.37629 
vt 0.04997 0.69417 
vt 0.22343 0.69417 
vt 0.16802 0.39904 
vt 0.15881 0.39472 
vt 0.16802 0.39904 
vt 0.29575 0.4119 
vt 0.24151 0.69417 
vt 0.07528 0.0728 
vt 0.30148 0.41007 
vt 0.06981 0.08043 
vt 0.06981 0.08043 
vt 0.37542 0.3272 
vt 0.30148 0.41007 
vt 0.31252 0.40567 
vt 0.06721 0.08439 
vt 0.15425 0.3924 
vt 0.1634 0.39693 
vt 0.31252 0.40567 
vt 0.15425 0.3924 
vt 0.378 0.31302 
vt 0.29575 0.4119 
vt 0.06227 0.09259 
vt 0.06469 0.08844 
vt 0.1634 0.39693 
vt 0.06469 0.08844 
vt 0.23462 0.69417 
vt 0.30707 0.40799 
vt 0.39958 0.64109 
vt 0.39958 0.64109 
vt 0.06227 0.09259 
vt 0.16802 0.39904 
vt 0.1634 0.39693 
vt 0.29575 0.4119 
vt 0.05649 0.69417 
vt 0.30707 0.40799 
vt 0.31252 0.40567 
vt 0.05974 0.69417 
vt 0.05974 0.69417 
vt 0.11768 0.69417 
vt 0.11768 0.69417 
vt 0.12259 0.69417 
vt 0.16603 0.69417 
vt 0.16603 0.69417 
vt 0.47826 0.69417 
vt 0.12259 0.69417 
vt 0.11274 0.69417 
vt 0.11274 0.69417 
vt 0.46653 0.69417 
vt 0.46068 0.69417 
vt 0.10831 0.69417 
vt 0.10831 0.69417 
vt 0.14204 0.69417 
vt 0.1372 0.69417 
vt 0.1372 0.69417 
vt 0.14204 0.69417 
vt 0.26967 0.69417 
vt 0.23101 0.69417 
vt 0.23101 0.69417 
vt 0.12748 0.69417 
vt 0.12748 0.69417 
vt 0.13235 0.69417 
vt 0.13235 0.69417 
vt 0.2722 0.69417 
vt 0.26491 0.69417 
vt 0.22727 0.69417 
vt 0.22727 0.69417 
vt 0.26724 0.69417 
vt 0.22343 0.69417 
vt 0.22343 0.69417 
vt 0.24479 0.69417 
vt 0.28033 0.69417 
vt 0.24479 0.69417 
vt 0.21948 0.69417 
vt 0.21948 0.69417 
vt 0.28322 0.69417 
vt 0.23812 0.69417 
vt 0.23812 0.69417 
vt 0.27482 0.69417 
vt 0.24151 0.69417 
vt 0.24151 0.69417 
vt 0.27753 0.69417 
vt 0.2544 0.69417 
vt 0.4311 0.64109 
vt 0.4311 0.64109 
vt 0.19127 0.64109 
vt 0.19127 0.64109 
vt 0.25103 0.69417 
vt 0.08367 0.69417 
vt 0.35948 0.22656 
vt 0.43697 0.64109 
vt 0.37718 0.26905 
vt 0.23462 0.69417 
vt 0.23462 0.69417 
vt 0.08004 0.69417 
vt 0.20359 0.64109 
vt 0.20359 0.64109 
vt 0.19388 0.69417 
vt 0.19388 0.69417 
vt 0.35077 0.21815 
vt 0.35077 0.21815 
vt 0.18663 0.64109 
vt 0.18663 0.64109 
vt 0.25242 0.69417 
vt 0.33977 0.2151 
vt 0.33977 0.2151 
vt 0.43697 0.64109 
vt 0.18935 0.69417 
vt 0.18935 0.69417 
vt 0.19834 0.69417 
vt 0.37906 0.28125 
vt 0.19834 0.69417 
vt 0.19593 0.64109 
vt 0.19593 0.64109 
vt 0.36108 0.22875 
vt 0.24796 0.69417 
vt 0.08741 0.69417 
vt 0.33977 0.2151 
vt 0.4428 0.64109 
vt 0.4428 0.64109 
vt 0.33672 0.21547 
vt 0.37906 0.28125 
vt 0.21543 0.69417 
vt 0.4544 0.64109 
vt 0.37872 0.27827 
vt 0.33977 0.2151 
vt 0.4544 0.64109 
vt 0.33977 0.2151 
vt 0.26051 0.69417 
vt 0.33672 0.21547 
vt 0.52945 0.64109 
vt 0.09527 0.69417 
vt 0.09127 0.69417 
vt 0.34314 0.21517 
vt 0.44861 0.64109 
vt 0.44861 0.64109 
vt 0.5246 0.64109 
vt 0.34115 0.21503 
vt 0.18477 0.69417 
vt 0.18477 0.69417 
vt 0.34314 0.21517 
vt 0.24815 0.41779 
vt 0.25278 0.41785 
vt 0.46585 0.64109 
vt 0.46585 0.64109 
vt 0.10377 0.69417 
vt 0.2564 0.69417 
vt 0.0765 0.69417 
vt 0.20705 0.69417 
vt 0.25278 0.41785 
vt 0.3783 0.27524 
vt 0.26267 0.69417 
vt 0.20705 0.69417 
vt 0.35438 0.22096 
vt 0.36108 0.22875 
vt 0.46014 0.64109 
vt 0.26549 0.41737 
vt 0.36108 0.22875 
vt 0.20273 0.69417 
vt 0.25842 0.69417 
vt 0.46014 0.64109 
vt 0.20273 0.69417 
vt 0.26549 0.41737 
vt 0.36264 0.23108 
vt 0.42522 0.64109 
vt 0.42522 0.64109 
vt 0.09943 0.69417 
vt 0.35948 0.22656 
vt 0.35948 0.22656 
vt 0.37872 0.27827 
vt 0.48269 0.64109 
vt 0.31801 0.69417 
vt 0.48269 0.64109 
vt 0.21543 0.69417 
vt 0.04536 0.26623 
vt 0.04536 0.26623 
vt 0.04536 0.26623 
vt 0.01799 0.69417 
vt 0.01799 0.69417 
vt 0.06065 0.30191 
vt 0.04371 0.2608 
vt 0.04371 0.2608 
vt 0.06065 0.30191 
vt 0.04371 0.2608 
vt 0.28618 0.69417 
vt 0.02223 0.69417 
vt 0.02223 0.69417 
vt 0.19621 0.40939 
vt 0.19621 0.40939 
vt 0.19621 0.40939 
vt 0.19621 0.40939 
vt 0.2892 0.69417 
vt 0.20095 0.41073 
vt 0.02638 0.69417 
vt 0.06065 0.30191 
vt 0.30504 0.69417 
vt 0.2057 0.41195 
vt 0.19147 0.40794 
vt 0.05114 0.28204 
vt 0.19147 0.40794 
vt 0.04612 0.69417 
vt 0.04612 0.69417 
vt 0.2057 0.41195 
vt 0.30828 0.69417 
vt 0.19147 0.40794 
vt 0.05333 0.28713 
vt 0.05333 0.28713 
vt 0.2057 0.41195 
vt 0.53419 0.64109 
vt 0.00002 0.69417 
vt 0.20095 0.41073 
vt 0.20095 0.41073 
vt 0.00467 0.69417 
vt 0.00467 0.69417 
vt 0.30181 0.69417 
vt 0.00921 0.69417 
vt 0.02638 0.69417 
vt 0.03045 0.69417 
vt 0.03045 0.69417 
vt 0.23413 0.4169 
vt 0.23413 0.4169 
vt 0.2986 0.69417 
vt 0.23413 0.4169 
vt 0.09527 0.69417 
vt 0.22942 0.41636 
vt 0.16127 0.69417 
vt 0.22942 0.41636 
vt 0.05114 0.28204 
vt 0.22942 0.41636 
vt 0.05114 0.28204 
vt 0.09527 0.69417 
vt 0.05114 0.28204 
vt 0.36933 0.34648 
vt 0.51462 0.64109 
vt 0.51462 0.64109 
vt 0.2435 0.41761 
vt 0.2435 0.41761 
vt 0.36675 0.35238 
vt 0.36675 0.35238 
vt 0.05333 0.28713 
vt 0.36933 0.34648 
vt 0.51966 0.64109 
vt 0.51966 0.64109 
vt 0.09943 0.69417 
vt 0.09943 0.69417 
vt 0.00921 0.69417 
vt 0.23883 0.41732 
vt 0.14687 0.69417 
vt 0.37367 0.33389 
vt 0.15169 0.69417 
vt 0.23883 0.41732 
vt 0.09127 0.69417 
vt 0.01365 0.69417 
vt 0.01365 0.69417 
vt 0.23883 0.41732 
vt 0.09213 0.34533 
vt 0.09127 0.69417 
vt 0.37367 0.33389 
vt 0.37164 0.34031 
vt 0.14082 0.38481 
vt 0.04715 0.27158 
vt 0.04715 0.27158 
vt 0.04908 0.27685 
vt 0.15649 0.69417 
vt 0.09213 0.34533 
vt 0.08855 0.3414 
vt 0.08004 0.69417 
vt 0.08004 0.69417 
vt 0.04715 0.27158 
vt 0.08855 0.3414 
vt 0.17547 0.69417 
vt 0.09213 0.34533 
vt 0.04908 0.27685 
vt 0.04908 0.27685 
vt 0.37164 0.34031 
vt 0.08855 0.3414 
vt 0.09954 0.35289 
vt 0.35746 0.36852 
vt 0.18014 0.69417 
vt 0.08367 0.69417 
vt 0.08367 0.69417 
vt 0.35746 0.36852 
vt 0.0958 0.34916 
vt 0.09954 0.35289 
vt 0.36933 0.34648 
vt 0.10377 0.69417 
vt 0.16603 0.69417 
vt 0.0958 0.34916 
vt 0.09954 0.35289 
vt 0.5246 0.64109 
vt 0.52945 0.64109 
vt 0.52945 0.64109 
vt 0.0958 0.34916 
vt 0.35389 0.37338 
vt 0.5246 0.64109 
vt 0.10377 0.69417 
vt 0.0577 0.10116 
vt 0.36391 0.35802 
vt 0.0958 0.34916 
vt 0.35389 0.37338 
vt 0.0765 0.69417 
vt 0.0765 0.69417 
vt 0.17077 0.69417 
vt 0.05994 0.09683 
vt 0.36391 0.35802 
vt 0.0577 0.10116 
vt 0.10727 0.36007 
vt 0.05994 0.09683 
vt 0.11529 0.36686 
vt 0.3795 0.28976 
vt 0.10727 0.36007 
vt 0.36081 0.3634 
vt 0.36081 0.3634 
vt 0.37164 0.34031 
vt 0.10337 0.35653 
vt 0.37367 0.33389 
vt 0.3795 0.28976 
vt 0.0577 0.10116 
vt 0.35746 0.36852 
vt 0.10727 0.36007 
vt 0.11768 0.69417 
vt 0.14082 0.38481 
vt 0.14082 0.38481 
vt 0.05351 0.11011 
vt 0.10337 0.35653 
vt 0.06611 0.31132 
vt 0.14973 0.38998 
vt 0.05994 0.09683 
vt 0.37933 0.29778 
vt 0.14973 0.38998 
vt 0.12259 0.69417 
vt 0.10337 0.35653 
vt 0.05351 0.11011 
vt 0.37933 0.29778 
vt 0.08741 0.69417 
vt 0.08741 0.69417 
vt 0.35389 0.37338 
vt 0.06332 0.30666 
vt 0.11125 0.36351 
vt 0.13643 0.38207 
vt 0.13643 0.38207 
vt 0.11529 0.36686 
vt 0.06611 0.31132 
vt 0.11529 0.36686 
vt 0.14525 0.38745 
vt 0.05555 0.10559 
vt 0.11125 0.36351 
vt 0.37945 0.28701 
vt 0.11125 0.36351 
vt 0.05555 0.10559 
vt 0.14525 0.38745 
vt 0.06332 0.30666 
vt 0.06611 0.31132 
vt 0.37945 0.28701 
vt 0.3793 0.28417 
vt 0.3793 0.28417 
vt 0.11274 0.69417 
vt 0.14973 0.38998 
vt 0.36391 0.35802 
vt 0.04972 0.11944 
vt 0.05157 0.11473 
vt 0.04972 0.11944 
vt 0.3795 0.28976 
vt 0.14525 0.38745 
vt 0.06301 0.69417 
vt 0.14525 0.38745 
vt 0.07202 0.32037 
vt 0.06631 0.69417 
vt 0.06332 0.30666 
vt 0.05555 0.10559 
vt 0.1372 0.69417 
vt 0.06301 0.69417 
vt 0.07202 0.32037 
vt 0.06631 0.69417 
vt 0.05157 0.11473 
vt 0.06332 0.30666 
vt 0.14204 0.69417 
vt 0.13643 0.38207 
vt 0.04972 0.11944 
vt 0.36081 0.3634 
vt 0.06901 0.31589 
vt 0.04635 0.12914 
vt 0.07202 0.32037 
vt 0.06965 0.69417 
vt 0.17734 0.40293 
vt 0.10831 0.69417 
vt 0.37686 0.32024 
vt 0.06965 0.69417 
vt 0.06901 0.31589 
vt 0.37686 0.32024 
vt 0.11125 0.36351 
vt 0.37542 0.3272 
vt 0.05157 0.11473 
vt 0.17734 0.40293 
vt 0.07304 0.69417 
vt 0.07814 0.06913 
vt 0.12357 0.37325 
vt 0.04635 0.12914 
vt 0.12357 0.37325 
vt 0.07814 0.06913 
vt 0.18674 0.40638 
vt 0.18674 0.40638 
vt 0.12748 0.69417 
vt 0.37933 0.29778 
vt 0.37542 0.3272 
vt 0.17267 0.40104 
vt 0.15649 0.69417 
vt 0.15649 0.69417 
vt 0.30181 0.69417 
vt 0.16127 0.69417 
vt 0.2986 0.69417 
vt 0.2986 0.69417 
vt 0.52038 0.69417 
vt 0.30828 0.69417 
vt 0.28618 0.69417 
vt 0.28618 0.69417 
vt 0.30828 0.69417 
vt 0.50812 0.69417 
vt 0.30181 0.69417 
vt 0.5266 0.69417 
vt 0.16127 0.69417 
vt 0.15169 0.69417 
vt 0.15169 0.69417 
vt 0.51422 0.69417 
vt 0.43715 0.69417 
vt 0.45483 0.69417 
vt 0.18014 0.69417 
vt 0.18014 0.69417 
vt 0.17547 0.69417 
vt 0.44896 0.69417 
vt 0.17547 0.69417 
vt 0.14687 0.69417 
vt 0.14687 0.69417 
vt 0.44307 0.69417 
vt 0.17077 0.69417 
vt 0.17077 0.69417 
vt 0.47238 0.69417 
vt 0.03621 0.18328 
vt 0.3501 0.69417 
vt 0.03564 0.19523 
vt 0.27515 0.74725 
vt 0.03621 0.18328 
vt 0.28076 0.74725 
vt 0.03621 0.18328 
vt 0.34208 0.69417 
vt 0.34208 0.69417 
vt 0.06469 0.08844 
vt 0.03562 0.20826 
vt 0.03669 0.17745 
vt 0.03562 0.20826 
vt 0.49605 0.69417 
vt 0.49605 0.69417 
vt 0.03586 0.18921 
vt 0.03564 0.19523 
vt 0.3501 0.69417 
vt 0.03669 0.17745 
vt 0.03669 0.17745 
vt 0.03562 0.20826 
vt 0.48416 0.69417 
vt 0.48416 0.69417 
vt 0.0363 0.22048 
vt 0.04341 0.13922 
vt 0.04341 0.13922 
vt 0.33933 0.69417 
vt 0.33933 0.69417 
vt 0.33649 0.69417 
vt 0.0554 0.74725 
vt 0.37272 0.69417 
vt 0.33649 0.69417 
vt 0.37272 0.69417 
vt 0.03586 0.18921 
vt 0.03553 0.20203 
vt 0.03553 0.20203 
vt 0.03586 0.18921 
vt 0.50206 0.69417 
vt 0.50206 0.69417 
vt 0.03564 0.19523 
vt 0.05055 0.74725 
vt 0.0363 0.22048 
vt 0.35787 0.69417 
vt 0.03553 0.20203 
vt 0.04572 0.74725 
vt 0.49008 0.69417 
vt 0.49008 0.69417 
vt 0.04092 0.74725 
vt 0.04482 0.13414 
vt 0.03588 0.21441 
vt 0.35787 0.69417 
vt 0.03588 0.21441 
vt 0.37982 0.69417 
vt 0.37982 0.69417 
vt 0.04091 0.14968 
vt 0.04091 0.14968 
vt 0.50812 0.69417 
vt 0.04091 0.14968 
vt 0.50812 0.69417 
vt 0.07507 0.74725 
vt 0.0421 0.1444 
vt 0.03588 0.21441 
vt 0.5266 0.69417 
vt 0.5266 0.69417 
vt 0.36541 0.69417 
vt 0.36541 0.69417 
vt 0.52038 0.69417 
vt 0.52038 0.69417 
vt 0.07011 0.74725 
vt 0.04482 0.13414 
vt 0.04341 0.13922 
vt 0.01272 0.74725 
vt 0.0421 0.1444 
vt 0.51422 0.69417 
vt 0.03886 0.1605 
vt 0.03886 0.1605 
vt 0.06518 0.74725 
vt 0.0421 0.1444 
vt 0.51422 0.69417 
vt 0.06028 0.74725 
vt 0 0.74725 
vt 0.03886 0.1605 
vt 0.43715 0.69417 
vt 0.43715 0.69417 
vt 0.44896 0.69417 
vt 0.44896 0.69417 
vt 0.03983 0.15504 
vt 0.01735 0.74725 
vt 0.03983 0.15504 
vt 0.47826 0.69417 
vt 0.03729 0.17171 
vt 0.03983 0.15504 
vt 0.03729 0.17171 
vt 0.47826 0.69417 
vt 0.00633 0.74725 
vt 0.03802 0.16606 
vt 0.45483 0.69417 
vt 0.45483 0.69417 
vt 0.03615 0.74725 
vt 0.46068 0.69417 
vt 0.46068 0.69417 
vt 0.47238 0.69417 
vt 0.47238 0.69417 
vt 0.0314 0.74725 
vt 0.03802 0.16606 
vt 0.13088 0.74725 
vt 0.44307 0.69417 
vt 0.44307 0.69417 
vt 0.03729 0.17171 
vt 0.12572 0.74725 
vt 0.16692 0.00943 
vt 0.02669 0.74725 
vt 0.17126 0.00813 
vt 0.17126 0.00813 
vt 0.17126 0.00813 
vt 0.12058 0.74725 
vt 0.13606 0.74725 
vt 0.022 0.74725 
vt 0.15836 0.01231 
vt 0.16262 0.01082 
vt 0.16262 0.01082 
vt 0.14173 0.01921 
vt 0.16692 0.00943 
vt 0.46653 0.69417 
vt 0.46653 0.69417 
vt 0.16692 0.00943 
vt 0.32121 0.69417 
vt 0.26549 0.41737 
vt 0.25917 0.41773 
vt 0.25278 0.41785 
vt 0.21129 0.69417 
vt 0.21129 0.69417 
vt 0.24815 0.41779 
vt 0.25917 0.41773 
vt 0.25917 0.41773 
vt 0.05565 0.29215 
vt 0.03765 0.2324 
vt 0.31478 0.69417 
vt 0.03765 0.2324 
vt 0.03765 0.2324 
vt 0.31153 0.69417 
vt 0.25917 0.41773 
vt 0.03689 0.22648 
vt 0.03689 0.22648 
vt 0.03689 0.22648 
vt 0.2435 0.41761 
vt 0.03962 0.244 
vt 0.03962 0.244 
vt 0.33356 0.69417 
vt 0.03855 0.23824 
vt 0.03838 0.69417 
vt 0.2152 0.41406 
vt 0.03838 0.69417 
vt 0.2152 0.41406 
vt 0.03855 0.23824 
vt 0.03962 0.244 
vt 0.2152 0.41406 
vt 0.03444 0.69417 
vt 0.32749 0.69417 
vt 0.03444 0.69417 
vt 0.0422 0.25528 
vt 0.22469 0.41571 
vt 0.21045 0.41307 
vt 0.04226 0.69417 
vt 0.05809 0.29707 
vt 0.04226 0.69417 
vt 0.0422 0.25528 
vt 0.21045 0.41307 
vt 0.21045 0.41307 
vt 0.03855 0.23824 
vt 0.04084 0.24968 
vt 0.29228 0.69417 
vt 0.04084 0.24968 
vt 0.21995 0.41495 
vt 0.05565 0.29215 
vt 0.05809 0.29707 
vt 0.33056 0.69417 
vt 0.0422 0.25528 
vt 0.05809 0.29707 
vt 0.22469 0.41571 
vt 0.22469 0.41571 
vt 0.29542 0.69417 
vt 0.18448 0.00482 
vt 0.18448 0.00482 
vt 0.10732 0.04033 
vt 0.21995 0.41495 
vt 0.32437 0.69417 
vt 0.2025 0.00174 
vt 0.10016 0.74725 
vt 0.21995 0.41495 
vt 0.04084 0.24968 
vt 0.05565 0.29215 
vt 0.21995 0.41495 
vt 0.10033 0.04606 
vt 0.10379 0.04315 
vt 0.19796 0.00237 
vt 0.19344 0.00309 
vt 0.09694 0.04907 
vt 0.27753 0.69417 
vt 0.17563 0.00693 
vt 0.18448 0.00482 
vt 0.27753 0.69417 
vt 0.10033 0.04606 
vt 0.17563 0.00693 
vt 0.17563 0.00693 
vt 0.2544 0.69417 
vt 0.10033 0.04606 
vt 0.09694 0.04907 
vt 0.2544 0.69417 
vt 0.10732 0.04033 
vt 0.19344 0.00309 
vt 0.18894 0.00391 
vt 0.19796 0.00237 
vt 0.18894 0.00391 
vt 0.10524 0.74725 
vt 0.09362 0.05218 
vt 0.09362 0.05218 
vt 0.0841 0.06207 
vt 0.4065 0.69417 
vt 0.09038 0.05538 
vt 0.09038 0.05538 
vt 0.09694 0.04907 
vt 0.18004 0.00583 
vt 0.18894 0.00391 
vt 0.10379 0.04315 
vt 0.18004 0.00583 
vt 0.40005 0.69417 
vt 0.24796 0.69417 
vt 0.24796 0.69417 
vt 0.10732 0.04033 
vt 0.25103 0.69417 
vt 0.25103 0.69417 
vt 0.27482 0.69417 
vt 0.27482 0.69417 
vt 0.38673 0.69417 
vt 0.0841 0.06207 
vt 0.39347 0.69417 
vt 0.26267 0.69417 
vt 0.0841 0.06207 
vt 0.26267 0.69417 
vt 0.09362 0.05218 
vt 0.25242 0.69417 
vt 0.25242 0.69417 
vt 0.42514 0.69417 
vt 0.13769 0.02118 
vt 0.0872 0.05868 
vt 0.43117 0.69417 
vt 0.13769 0.02118 
vt 0.0872 0.05868 
vt 0.0872 0.05868 
vt 0.1337 0.02324 
vt 0.1337 0.02324 
vt 0.26051 0.69417 
vt 0.26051 0.69417 
vt 0.31801 0.69417 
vt 0.31801 0.69417 
vt 0.12588 0.02765 
vt 0.12976 0.0254 
vt 0.25842 0.69417 
vt 0.25842 0.69417 
vt 0.41281 0.69417 
vt 0.12588 0.02765 
vt 0.13769 0.02118 
vt 0.12205 0.02999 
vt 0.31153 0.69417 
vt 0.31153 0.69417 
vt 0.12205 0.02999 
vt 0.41902 0.69417 
vt 0.2564 0.69417 
vt 0.32121 0.69417 
vt 0.32121 0.69417 
vt 0.2564 0.69417 
vt 0.12976 0.0254 
vt 0.11827 0.03243 
vt 0.11827 0.03243 
vt 0.34208 0.69417 
vt 0.33056 0.69417 
vt 0.33056 0.69417 
vt 0.11456 0.03497 
vt 0.1337 0.02324 
vt 0.11456 0.03497 
vt 0.31478 0.69417 
vt 0.31478 0.69417 
vt 0.11091 0.0376 
vt 0.11091 0.0376 
vt 0.32437 0.69417 
vt 0.32437 0.69417 
vt 0.37272 0.69417 
vt 0.33356 0.69417 
vt 0.37982 0.69417 
vt 0.3501 0.69417 
vt 0.33356 0.69417 
vt 0.12205 0.02999 
vt 0.29228 0.69417 
vt 0.29228 0.69417 
vt 0.11827 0.03243 
vt 0.32749 0.69417 
vt 0.32749 0.69417 
vt 0.33933 0.69417 
vt 0.12588 0.02765 
vt 0.35787 0.69417 
vt 0.11091 0.0376 
vt 0.50206 0.69417 
vt 0.49605 0.69417 
vt 0.33649 0.69417 
vt 0.29542 0.69417 
vt 0.29542 0.69417 
vt 0.49008 0.69417 
vt 0.2892 0.69417 
vt 0.30504 0.69417 
vt 0.30504 0.69417 
vt 0.48416 0.69417 
vt 0.36541 0.69417 
vt 0.2892 0.69417 
vt 0.17293 0.07879 
vt 0.30357 0.74725 
vt 0.30357 0.74725 
vt 0.16947 0.08098 
vt 0.37724 0.08523 
vt 0.37724 0.08523 
vt 0.43117 0.69417 
vt 0.43117 0.69417 
vt 0.40005 0.69417 
vt 0.40005 0.69417 
vt 0.35404 0.07275 
vt 0.35404 0.07275 
vt 0.2864 0.74725 
vt 0.17645 0.07669 
vt 0.41509 0.74725 
vt 0.3715 0.08186 
vt 0.2864 0.74725 
vt 0.41281 0.69417 
vt 0.3715 0.08186 
vt 0.4065 0.69417 
vt 0.16606 0.08326 
vt 0.4065 0.69417 
vt 0.18002 0.07467 
vt 0.17293 0.07879 
vt 0.19105 0.06917 
vt 0.39422 0.09635 
vt 0.39422 0.09635 
vt 0.35162 0.74725 
vt 0.31524 0.74725 
vt 0.31524 0.74725 
vt 0.33314 0.74725 
vt 0.35989 0.07561 
vt 0.17645 0.07669 
vt 0.2978 0.74725 
vt 0.35989 0.07561 
vt 0.35989 0.07561 
vt 0.17293 0.07879 
vt 0.2978 0.74725 
vt 0.42514 0.69417 
vt 0.33923 0.74725 
vt 0.42514 0.69417 
vt 0.17645 0.07669 
vt 0.39347 0.69417 
vt 0.39347 0.69417 
vt 0.42677 0.12276 
vt 0.40974 0.74725 
vt 0.43198 0.12767 
vt 0.18317 0.74725 
vt 0.39332 0.74725 
vt 0.21843 0.05942 
vt 0.21843 0.05942 
vt 0.21843 0.05942 
vt 0.16606 0.08326 
vt 0.16606 0.08326 
vt 0.18317 0.74725 
vt 0.39886 0.74725 
vt 0.16947 0.08098 
vt 0.18002 0.07467 
vt 0.36571 0.07865 
vt 0.42037 0.74725 
vt 0.3715 0.08186 
vt 0.17645 0.07669 
vt 0.36571 0.07865 
vt 0.37724 0.08523 
vt 0.36571 0.07865 
vt 0.29208 0.74725 
vt 0.29208 0.74725 
vt 0.19376 0.74725 
vt 0.19376 0.74725 
vt 0.38673 0.69417 
vt 0.40434 0.74725 
vt 0.41902 0.69417 
vt 0.41902 0.69417 
vt 0.43712 0.13272 
vt 0.43198 0.12767 
vt 0.19908 0.74725 
vt 0.19908 0.74725 
vt 0.22251 0.05838 
vt 0.38673 0.69417 
vt 0.22251 0.05838 
vt 0.22251 0.05838 
vt 0.25301 0.74725 
vt 0.16211 0.74725 
vt 0.16211 0.74725 
vt 0.18846 0.74725 
vt 0.18846 0.74725 
vt 0.43712 0.13272 
vt 0.17262 0.74725 
vt 0.17262 0.74725 
vt 0.43712 0.13272 
vt 0.41281 0.69417 
vt 0.26957 0.74725 
vt 0.382 0.74725 
vt 0.26402 0.74725 
vt 0.24753 0.74725 
vt 0.2585 0.74725 
vt 0.24596 0.00065 
vt 0.23807 0.00017 
vt 0.2978 0.74725 
vt 0.22552 0.00006 
vt 0.22552 0.00006 
vt 0.21626 0.00045 
vt 0.32115 0.74725 
vt 0.23807 0.00017 
vt 0.23807 0.00017 
vt 0.23017 0.00001 
vt 0.23017 0.00001 
vt 0.22089 0.0002 
vt 0.22089 0.0002 
vt 0.22089 0.0002 
vt 0.34604 0.03416 
vt 0.21626 0.00045 
vt 0.21626 0.00045 
vt 0.34604 0.03416 
vt 0.21166 0.00078 
vt 0.31524 0.74725 
vt 0.29208 0.74725 
vt 0.37494 0.05395 
vt 0.37494 0.05395 
vt 0.37494 0.05395 
vt 0.35338 0.03871 
vt 0.33116 0.02586 
vt 0.32362 0.02212 
vt 0.35338 0.03871 
vt 0.23017 0.00001 
vt 0.30357 0.74725 
vt 0.22552 0.00006 
vt 0.32711 0.74725 
vt 0.33863 0.02987 
vt 0.2864 0.74725 
vt 0.36784 0.04861 
vt 0.33863 0.02987 
vt 0.21166 0.00078 
vt 0.33116 0.02586 
vt 0.30938 0.74725 
vt 0.33116 0.02586 
vt 0.36784 0.04861 
vt 0.36784 0.04861 
vt 0.33863 0.02987 
vt 0.21166 0.00078 
vt 0.36784 0.04861 
vt 0.34604 0.03416 
vt 0.26957 0.74725 
vt 0.26957 0.74725 
vt 0.18317 0.74725 
vt 0.35338 0.03871 
vt 0.19376 0.74725 
vt 0.36065 0.04353 
vt 0.32362 0.02212 
vt 0.36065 0.04353 
vt 0.32362 0.02212 
vt 0.33116 0.02586 
vt 0.36065 0.04353 
vt 0.19908 0.74725 
vt 0.27515 0.74725 
vt 0.27515 0.74725 
vt 0.0554 0.74725 
vt 0.0554 0.74725 
vt 0.17789 0.74725 
vt 0.04092 0.74725 
vt 0.04092 0.74725 
vt 0.24596 0.00065 
vt 0.24596 0.00065 
vt 0.41556 0.09121 
vt 0.41556 0.09121 
vt 0.26402 0.74725 
vt 0.26402 0.74725 
vt 0.16211 0.74725 
vt 0.18846 0.74725 
vt 0.42821 0.10553 
vt 0.28076 0.74725 
vt 0.28076 0.74725 
vt 0.05055 0.74725 
vt 0.05055 0.74725 
vt 0.17262 0.74725 
vt 0.42821 0.10553 
vt 0.15688 0.74725 
vt 0.14996 0.01557 
vt 0.15413 0.01389 
vt 0.15165 0.74725 
vt 0.15836 0.01231 
vt 0.15836 0.01231 
vt 0.0951 0.74725 
vt 0.14173 0.01921 
vt 0.09006 0.74725 
vt 0.14644 0.74725 
vt 0.14124 0.74725 
vt 0.15413 0.01389 
vt 0.15413 0.01389 
vt 0.26724 0.69417 
vt 0.14582 0.01735 
vt 0.26724 0.69417 
vt 0.20707 0.00122 
vt 0.20707 0.00122 
vt 0.14996 0.01557 
vt 0.14582 0.01735 
vt 0.14996 0.01557 
vt 0.2722 0.69417 
vt 0.2722 0.69417 
vt 0.20707 0.00122 
vt 0.19796 0.00237 
vt 0.11545 0.74725 
vt 0.19344 0.00309 
vt 0.26967 0.69417 
vt 0.26967 0.69417 
vt 0.11034 0.74725 
vt 0.14173 0.01921 
vt 0.08504 0.74725 
vt 0.30839 0.01548 
vt 0.31603 0.01866 
vt 0.45581 0.74725 
vt 0.28322 0.69417 
vt 0.31603 0.01866 
vt 0.28322 0.69417 
vt 0.26491 0.69417 
vt 0.26491 0.69417 
vt 0.03615 0.74725 
vt 0.03615 0.74725 
vt 0.46069 0.74725 
vt 0.08004 0.74725 
vt 0.022 0.74725 
vt 0.3007 0.01259 
vt 0.2025 0.00174 
vt 0.28033 0.69417 
vt 0.28033 0.69417 
vt 0.2852 0.00768 
vt 0.022 0.74725 
vt 0.2852 0.00768 
vt 0.29297 0.00999 
vt 0.30839 0.01548 
vt 0.0314 0.74725 
vt 0.0314 0.74725 
vt 0.30839 0.01548 
vt 0.29297 0.00999 
vt 0.45089 0.74725 
vt 0.2774 0.00567 
vt 0.2774 0.00567 
vt 0.2774 0.00567 
vt 0.43586 0.74725 
vt 0.2852 0.00768 
vt 0.29297 0.00999 
vt 0.3007 0.01259 
vt 0.44593 0.74725 
vt 0.3007 0.01259 
vt 0.02669 0.74725 
vt 0.02669 0.74725 
vt 0.26172 0.00254 
vt 0.26172 0.00254 
vt 0.26957 0.00395 
vt 0.26957 0.00395 
vt 0.26957 0.00395 
vt 0.26957 0.00395 
vt 0.33036 0.06311 
vt 0.33036 0.06311 
vt 0.43075 0.74725 
vt 0.33036 0.06311 
vt 0.49851 0.74725 
vt 0.12058 0.74725 
vt 0.12058 0.74725 
vt 0.12572 0.74725 
vt 0.48454 0.74725 
vt 0.12572 0.74725 
vt 0.44092 0.74725 
vt 0.13088 0.74725 
vt 0.13088 0.74725 
vt 0.26172 0.00254 
vt 0.42559 0.74725 
vt 0.13606 0.74725 
vt 0.49388 0.74725 
vt 0.13606 0.74725 
vt 0.34816 0.07007 
vt 0.0951 0.74725 
vt 0.34225 0.06756 
vt 0.0951 0.74725 
vt 0.15688 0.74725 
vt 0.15688 0.74725 
vt 0.30638 0.0565 
vt 0.34816 0.07007 
vt 0.14124 0.74725 
vt 0.32439 0.06117 
vt 0.08004 0.74725 
vt 0.14124 0.74725 
vt 0.14644 0.74725 
vt 0.14644 0.74725 
vt 0.32439 0.06117 
vt 0.08004 0.74725 
vt 0.32439 0.06117 
vt 0.3184 0.05942 
vt 0.33632 0.06524 
vt 0.48922 0.74725 
vt 0.15165 0.74725 
vt 0.15165 0.74725 
vt 0.3124 0.05786 
vt 0.09006 0.74725 
vt 0.09006 0.74725 
vt 0.33632 0.06524 
vt 0.34225 0.06756 
vt 0.24596 0.00065 
vt 0.34225 0.06756 
vt 0.30638 0.0565 
vt 0.30638 0.0565 
vt 0.4751 0.74725 
vt 0.34816 0.07007 
vt 0.11034 0.74725 
vt 0.11034 0.74725 
vt 0.47033 0.74725 
vt 0.10016 0.74725 
vt 0.37038 0.74725 
vt 0.24753 0.74725 
vt 0.24753 0.74725 
vt 0.10524 0.74725 
vt 0.08504 0.74725 
vt 0.08504 0.74725 
vt 0.47984 0.74725 
vt 0.33632 0.06524 
vt 0.25301 0.74725 
vt 0.25301 0.74725 
vt 0.3184 0.05942 
vt 0.3124 0.05786 
vt 0.3124 0.05786 
vt 0.46553 0.74725 
vt 0.2585 0.74725 
vt 0.2585 0.74725 
vt 0.16606 0.08326 
vt 0.18002 0.07467 
vt 0.16947 0.08098 
vt 0.11545 0.74725 
vt 0.11545 0.74725 
vt 0.38295 0.08878 
vt 0.32711 0.74725 
vt 0.32711 0.74725 
vt 0.34539 0.74725 
vt 0.18365 0.07275 
vt 0.30938 0.74725 
vt 0.30938 0.74725 
vt 0.19105 0.06917 
vt 0.19105 0.06917 
vt 0.39422 0.09635 
vt 0.37623 0.74725 
vt 0.10524 0.74725 
vt 0.10016 0.74725 
vt 0.35841 0.74725 
vt 0.18732 0.07092 
vt 0.18365 0.07275 
vt 0.38861 0.09249 
vt 0.32115 0.74725 
vt 0.18732 0.07092 
vt 0.38861 0.09249 
vt 0.38295 0.08878 
vt 0.38861 0.09249 
vt 0.32115 0.74725 
vt 0.18732 0.07092 
vt 0.18732 0.07092 
vt 0.18365 0.07275 
vt 0.36444 0.74725 
vt 0.11328 0.80033 
vt 0.20739 0.80033 
vt 0.1179 0.80033 
vt 0.09029 0.80033 
vt 0.09487 0.80033 
vt 0.09487 0.80033 
vt 0.12719 0.80033 
vt 0.10405 0.80033 
vt 0.10405 0.80033 
vt 0.09029 0.80033 
vt 0.09945 0.80033 
vt 0.09945 0.80033 
vt 0.12254 0.80033 
vt 0.10807 0.30631 
vt 0.10807 0.30631 
vt 0.11138 0.31272 
vt 0.07206 0.80033 
vt 0.07206 0.80033 
vt 0.11315 0.31587 
vt 0.19918 0.80033 
vt 0.11315 0.31587 
vt 0.09796 0.27927 
vt 0.11138 0.31272 
vt 0.21567 0.80033 
vt 0.08572 0.80033 
vt 0.08572 0.80033 
vt 0.11138 0.31272 
vt 0.19102 0.80033 
vt 0.10866 0.80033 
vt 0.08116 0.80033 
vt 0.08116 0.80033 
vt 0.11689 0.32203 
vt 0.07661 0.80033 
vt 0.07661 0.80033 
vt 0.4215 0.118 
vt 0.4215 0.118 
vt 0.42677 0.12276 
vt 0.16736 0.74725 
vt 0.19865 0.06594 
vt 0.20644 0.06307 
vt 0.4053 0.10456 
vt 0.21439 0.06055 
vt 0.42677 0.12276 
vt 0.19865 0.06594 
vt 0.20644 0.06307 
vt 0.4053 0.10456 
vt 0.16736 0.74725 
vt 0.4053 0.10456 
vt 0.19865 0.06594 
vt 0.3877 0.74725 
vt 0.21039 0.06176 
vt 0.17789 0.74725 
vt 0.17789 0.74725 
vt 0.10807 0.30631 
vt 0.20252 0.06446 
vt 0.41076 0.10889 
vt 0.41076 0.10889 
vt 0.21039 0.06176 
vt 0.10969 0.30954 
vt 0.11315 0.31587 
vt 0.10969 0.30954 
vt 0.18292 0.80033 
vt 0.44037 0.12075 
vt 0.44037 0.12075 
vt 0.20252 0.06446 
vt 0.05848 0.80033 
vt 0.22584 0.74725 
vt 0.44037 0.12075 
vt 0.43436 0.11303 
vt 0.19483 0.06751 
vt 0.44037 0.12075 
vt 0.19483 0.06751 
vt 0.063 0.80033 
vt 0.24208 0.74725 
vt 0.24208 0.74725 
vt 0.44625 0.1287 
vt 0.22584 0.74725 
vt 0.23665 0.74725 
vt 0.23665 0.74725 
vt 0.20644 0.06307 
vt 0.4215 0.118 
vt 0.21439 0.06055 
vt 0.21039 0.06176 
vt 0.21439 0.06055 
vt 0.06753 0.80033 
vt 0.41616 0.11337 
vt 0.41616 0.11337 
vt 0.21439 0.06055 
vt 0.41616 0.11337 
vt 0.44625 0.1287 
vt 0.44625 0.1287 
vt 0.2044 0.74725 
vt 0.2044 0.74725 
vt 0.23496 0.05578 
vt 0.45211 0.14865 
vt 0.23496 0.05578 
vt 0.04046 0.80033 
vt 0.23496 0.05578 
vt 0.22046 0.74725 
vt 0.22046 0.74725 
vt 0.23918 0.05508 
vt 0.45759 0.14523 
vt 0.04946 0.80033 
vt 0.45759 0.14523 
vt 0.23918 0.05508 
vt 0.23918 0.05508 
vt 0.23124 0.74725 
vt 0.23124 0.74725 
vt 0.43436 0.11303 
vt 0.39979 0.10038 
vt 0.05397 0.80033 
vt 0.19865 0.06594 
vt 0.04495 0.80033 
vt 0.19483 0.06751 
vt 0.43436 0.11303 
vt 0.39979 0.10038 
vt 0.20252 0.06446 
vt 0.39979 0.10038 
vt 0.21509 0.74725 
vt 0.21509 0.74725 
vt 0.09487 0.80033 
vt 0.44719 0.14321 
vt 0.44219 0.1379 
vt 0.23078 0.05656 
vt 0.23078 0.05656 
vt 0.23078 0.05656 
vt 0.09029 0.80033 
vt 0.10405 0.80033 
vt 0.03596 0.80033 
vt 0.24343 0.05448 
vt 0.45199 0.13686 
vt 0.24343 0.05448 
vt 0.09945 0.80033 
vt 0.45199 0.13686 
vt 0.45199 0.13686 
vt 0.20974 0.74725 
vt 0.20974 0.74725 
vt 0.10232 0.1743 
vt 0.07661 0.80033 
vt 0.45581 0.74725 
vt 0.45581 0.74725 
vt 0.46069 0.74725 
vt 0.46069 0.74725 
vt 0.10373 0.16966 
vt 0.07206 0.80033 
vt 0.53046 0.74725 
vt 0.101 0.17904 
vt 0.22662 0.05742 
vt 0.22662 0.05742 
vt 0.44219 0.1379 
vt 0.44219 0.1379 
vt 0.22662 0.05742 
vt 0.08116 0.80033 
vt 0.08572 0.80033 
vt 0.44719 0.14321 
vt 0.44719 0.14321 
vt 0.43586 0.74725 
vt 0.51229 0.74725 
vt 0.43586 0.74725 
vt 0.09978 0.18387 
vt 0.09978 0.18387 
vt 0.45089 0.74725 
vt 0.45089 0.74725 
vt 0.09866 0.1888 
vt 0.10373 0.16966 
vt 0.101 0.17904 
vt 0.101 0.17904 
vt 0.25202 0.05353 
vt 0.44593 0.74725 
vt 0.44593 0.74725 
vt 0.25202 0.05353 
vt 0.101 0.17904 
vt 0.25202 0.05353 
vt 0.09763 0.19382 
vt 0.52593 0.74725 
vt 0.10373 0.16966 
vt 0.53497 0.74725 
vt 0.51685 0.74725 
vt 0.5214 0.74725 
vt 0.41556 0.09121 
vt 0.40243 0.07782 
vt 0.39571 0.07148 
vt 0.40243 0.07782 
vt 0.40905 0.08439 
vt 0.40905 0.08439 
vt 0.07507 0.74725 
vt 0.23124 0.74725 
vt 0.06028 0.74725 
vt 0.06518 0.74725 
vt 0.38196 0.05955 
vt 0.38196 0.05955 
vt 0.38888 0.06539 
vt 0.38196 0.05955 
vt 0.06028 0.74725 
vt 0.22584 0.74725 
vt 0.42821 0.10553 
vt 0.04572 0.74725 
vt 0.25385 0.00144 
vt 0.25385 0.00144 
vt 0.04572 0.74725 
vt 0.25385 0.00144 
vt 0.23665 0.74725 
vt 0.42195 0.09825 
vt 0.42195 0.09825 
vt 0.42195 0.09825 
vt 0.16736 0.74725 
vt 0.42195 0.09825 
vt 0.07507 0.74725 
vt 0.40905 0.08439 
vt 0.24208 0.74725 
vt 0.39571 0.07148 
vt 0.39571 0.07148 
vt 0.07011 0.74725 
vt 0.40243 0.07782 
vt 0.07011 0.74725 
vt 0.01735 0.74725 
vt 0.01735 0.74725 
vt 0.20974 0.74725 
vt 0.31603 0.01866 
vt 0.2044 0.74725 
vt 0.38888 0.06539 
vt 0.38888 0.06539 
vt 0.06518 0.74725 
vt 0.21509 0.74725 
vt 0.39571 0.07148 
vt 0.22046 0.74725 
vt 0.01272 0.74725 
vt 0.01272 0.74725 
vt 0.13823 0.10782 
vt 0.33314 0.74725 
vt 0.33314 0.74725 
vt 0.30036 0.05535 
vt 0.00901 0.80033 
vt 0.37623 0.74725 
vt 0.28831 0.05365 
vt 0.37623 0.74725 
vt 0.13548 0.111 
vt 0.35841 0.74725 
vt 0.30036 0.05535 
vt 0.35841 0.74725 
vt 0.30036 0.05535 
vt 0.13548 0.111 
vt 0.47033 0.74725 
vt 0.27024 0.05268 
vt 0.00451 0.80033 
vt 0.46553 0.74725 
vt 0.46553 0.74725 
vt 0.27024 0.05268 
vt 0.13823 0.10782 
vt 0.37038 0.74725 
vt 0.27024 0.05268 
vt 0.37038 0.74725 
vt 0.13823 0.10782 
vt 0.1328 0.11427 
vt 0.27626 0.05278 
vt 0.27626 0.05278 
vt 0.12521 0.12463 
vt 0.28831 0.05365 
vt 0.27626 0.05278 
vt 0 0.74725 
vt 0.53287 0.69417 
vt 0.47033 0.74725 
vt 0.00633 0.74725 
vt 0.00633 0.74725 
vt 0.35162 0.74725 
vt 0.35162 0.74725 
vt 0.12054 0.13199 
vt 0.26072 0.05293 
vt 0.1328 0.11427 
vt 0.1328 0.11427 
vt 0.26511 0.05276 
vt 0.26511 0.05276 
vt 0.27564 0.80033 
vt 0.12521 0.12463 
vt 0.34539 0.74725 
vt 0.12521 0.12463 
vt 0.12283 0.12827 
vt 0.36444 0.74725 
vt 0.36444 0.74725 
vt 0.12766 0.12109 
vt 0.12283 0.12827 
vt 0.00001 0.80033 
vt 0.12766 0.12109 
vt 0.13019 0.11763 
vt 0.33923 0.74725 
vt 0.33923 0.74725 
vt 0.10524 0.1651 
vt 0.13548 0.111 
vt 0.13548 0.111 
vt 0.29434 0.05439 
vt 0.28228 0.05311 
vt 0.29434 0.05439 
vt 0.29434 0.05439 
vt 0.28831 0.05365 
vt 0.10684 0.16064 
vt 0.10684 0.16064 
vt 0.28228 0.05311 
vt 0.28228 0.05311 
vt 0.26683 0.80033 
vt 0.12283 0.12827 
vt 0.16272 0.08563 
vt 0.41509 0.74725 
vt 0.41509 0.74725 
vt 0.12283 0.12827 
vt 0.15943 0.08809 
vt 0.22401 0.80033 
vt 0.25811 0.80033 
vt 0.28452 0.80033 
vt 0.15304 0.09328 
vt 0.13019 0.11763 
vt 0.13019 0.11763 
vt 0.26072 0.05293 
vt 0.12766 0.12109 
vt 0.12766 0.12109 
vt 0.26072 0.05293 
vt 0.39886 0.74725 
vt 0.39886 0.74725 
vt 0.14691 0.09882 
vt 0.16272 0.08563 
vt 0.14691 0.09882 
vt 0.33969 0.80033 
vt 0.23243 0.80033 
vt 0.14995 0.09601 
vt 0.35881 0.80033 
vt 0.14105 0.10473 
vt 0.14995 0.09601 
vt 0.40974 0.74725 
vt 0.16272 0.08563 
vt 0.39332 0.74725 
vt 0.14995 0.09601 
vt 0.40974 0.74725 
vt 0.14105 0.10473 
vt 0.39332 0.74725 
vt 0.14105 0.10473 
vt 0.24343 0.05448 
vt 0.15943 0.08809 
vt 0.15943 0.08809 
vt 0.14395 0.10173 
vt 0.24771 0.05396 
vt 0.24947 0.80033 
vt 0.14105 0.10473 
vt 0.12054 0.13199 
vt 0.40434 0.74725 
vt 0.40434 0.74725 
vt 0.12054 0.13199 
vt 0.24091 0.80033 
vt 0.42037 0.74725 
vt 0.42037 0.74725 
vt 0.05397 0.80033 
vt 0.1562 0.09064 
vt 0.05397 0.80033 
vt 0.33027 0.80033 
vt 0.1562 0.09064 
vt 0.05848 0.80033 
vt 0.05848 0.80033 
vt 0.063 0.80033 
vt 0.063 0.80033 
vt 0.14995 0.09601 
vt 0.3877 0.74725 
vt 0.3877 0.74725 
vt 0.06753 0.80033 
vt 0.06753 0.80033 
vt 0.1562 0.09064 
vt 0.1562 0.09064 
vt 0.14691 0.09882 
vt 0.382 0.74725 
vt 0.382 0.74725 
vt 0.3492 0.80033 
vt 0.30256 0.80033 
vt 0.143 0.80033 
vt 0.04046 0.80033 
vt 0.04046 0.80033 
vt 0.2935 0.80033 
vt 0.03596 0.80033 
vt 0.03596 0.80033 
vt 0.13509 0.80033 
vt 0.04946 0.80033 
vt 0.04946 0.80033 
vt 0.15093 0.80033 
vt 0.32094 0.80033 
vt 0.15304 0.09328 
vt 0.3117 0.80033 
vt 0.04495 0.80033 
vt 0.04495 0.80033 
vt 0.15304 0.09328 
vt 0.14395 0.10173 
vt 0.14395 0.10173 
vt 0.11165 0.85341 
vt 0.02579 0.85341 
vt 0.13446 0.34478 
vt 0.11599 0.85341 
vt 0.03211 0.85341 
vt 0.03211 0.85341 
vt 0.03839 0.85341 
vt 0.15569 0.36393 
vt 0.03839 0.85341 
vt 0.13736 0.85341 
vt 0.49969 0.80033 
vt 0.49969 0.80033 
vt 0.13693 0.34739 
vt 0.02579 0.85341 
vt 0.13205 0.34212 
vt 0.01942 0.85341 
vt 0.01942 0.85341 
vt 0.16249 0.85341 
vt 0.13205 0.34212 
vt 0.16664 0.85341 
vt 0.13446 0.34478 
vt 0.13446 0.34478 
vt 0.1203 0.85341 
vt 0.15286 0.36176 
vt 0.13945 0.34993 
vt 0.04463 0.85341 
vt 0.04463 0.85341 
vt 0.15569 0.36393 
vt 0.12459 0.85341 
vt 0.11689 0.32203 
vt 0.11498 0.31897 
vt 0.11498 0.31897 
vt 0.52593 0.74725 
vt 0.52593 0.74725 
vt 0.10114 0.28965 
vt 0.11689 0.32203 
vt 0.53046 0.74725 
vt 0.53046 0.74725 
vt 0.09396 0.25784 
vt 0.09396 0.25784 
vt 0.51685 0.74725 
vt 0.51685 0.74725 
vt 0.51229 0.74725 
vt 0.01942 0.85341 
vt 0.1 0.28621 
vt 0.10368 0.29641 
vt 0.0944 0.26146 
vt 0.013 0.85341 
vt 0.0944 0.26146 
vt 0.0944 0.26146 
vt 0.10114 0.28965 
vt 0.5214 0.74725 
vt 0.5214 0.74725 
vt 0.1 0.28621 
vt 0.09396 0.25784 
vt 0.05084 0.85341 
vt 0.05084 0.85341 
vt 0.13693 0.34739 
vt 0.13945 0.34993 
vt 0.12887 0.85341 
vt 0.13945 0.34993 
vt 0.057 0.85341 
vt 0.057 0.85341 
vt 0.11886 0.32505 
vt 0.09894 0.28276 
vt 0.13693 0.34739 
vt 0.11886 0.32505 
vt 0.49287 0.80033 
vt 0.49287 0.80033 
vt 0.13312 0.85341 
vt 0.1209 0.32802 
vt 0.09362 0.2542 
vt 0.15887 0.80033 
vt 0.09362 0.2542 
vt 0.09894 0.28276 
vt 0.53497 0.74725 
vt 0.11886 0.32505 
vt 0.53497 0.74725 
vt 0.09362 0.2542 
vt 0.11498 0.31897 
vt 0.17486 0.80033 
vt 0.16685 0.80033 
vt 0.1209 0.32802 
vt 0.10368 0.29641 
vt 0.1 0.28621 
vt 0.09493 0.26507 
vt 0.09555 0.26865 
vt 0.09555 0.26865 
vt 0.50772 0.74725 
vt 0.10653 0.30305 
vt 0.10237 0.29304 
vt 0.10237 0.29304 
vt 0.09323 0.23732 
vt 0.09323 0.23732 
vt 0.10237 0.29304 
vt 0.10368 0.29641 
vt 0.09323 0.23732 
vt 0.49969 0.80033 
vt 0.0135 0.80033 
vt 0.0135 0.80033 
vt 0.09408 0.2203 
vt 0.09408 0.2203 
vt 0.057 0.85341 
vt 0.09408 0.2203 
vt 0.09408 0.2203 
vt 0.50645 0.80033 
vt 0.05084 0.85341 
vt 0.01799 0.80033 
vt 0.01799 0.80033 
vt 0.09796 0.27927 
vt 0.09796 0.27927 
vt 0.02698 0.80033 
vt 0.03211 0.85341 
vt 0.02698 0.80033 
vt 0.09518 0.20943 
vt 0.09518 0.20943 
vt 0.10507 0.29975 
vt 0.09627 0.27222 
vt 0.09627 0.27222 
vt 0.51229 0.74725 
vt 0.09894 0.28276 
vt 0.50312 0.74725 
vt 0.09337 0.25054 
vt 0.50312 0.74725 
vt 0.02579 0.85341 
vt 0.03147 0.80033 
vt 0.03147 0.80033 
vt 0.09337 0.25054 
vt 0.09337 0.25054 
vt 0.09458 0.21482 
vt 0.09458 0.21482 
vt 0.10653 0.30305 
vt 0.09707 0.27575 
vt 0.09707 0.27575 
vt 0.10507 0.29975 
vt 0.09458 0.21482 
vt 0.50772 0.74725 
vt 0.09493 0.26507 
vt 0.09493 0.26507 
vt 0.02249 0.80033 
vt 0.02249 0.80033 
vt 0.10653 0.30305 
vt 0.10507 0.29975 
vt 0.0934 0.23155 
vt 0.09707 0.27575 
vt 0.24947 0.80033 
vt 0.24947 0.80033 
vt 0.09323 0.24687 
vt 0.09323 0.24687 
vt 0.00653 0.85341 
vt 0.09323 0.24687 
vt 0.0934 0.23155 
vt 0.25811 0.80033 
vt 0.25811 0.80033 
vt 0.0934 0.23155 
vt 0.51983 0.80033 
vt 0.23243 0.80033 
vt 0.23243 0.80033 
vt 0.44376 0.80033 
vt 0.28452 0.80033 
vt 0.45092 0.80033 
vt 0.24091 0.80033 
vt 0.24091 0.80033 
vt 0.09368 0.22588 
vt 0.09368 0.22588 
vt 0.00451 0.80033 
vt 0.00451 0.80033 
vt 0.03839 0.85341 
vt 0.28452 0.80033 
vt 0.51317 0.80033 
vt 0.09518 0.20943 
vt 0.09368 0.22588 
vt 0.00901 0.80033 
vt 0.04463 0.85341 
vt 0.49287 0.80033 
vt 0.00901 0.80033 
vt 0.09318 0.24318 
vt 0.26683 0.80033 
vt 0.26683 0.80033 
vt 0.52645 0.80033 
vt 0.27564 0.80033 
vt 0.00001 0.80033 
vt 0.53948 0.74725 
vt 0.27564 0.80033 
vt 0.09627 0.27222 
vt 0.09318 0.24318 
vt 0.09318 0.24318 
vt 0.00002 0.85341 
vt 0.09866 0.1888 
vt 0.1162 0.13972 
vt 0.1162 0.13972 
vt 0.11219 0.14781 
vt 0.1162 0.13972 
vt 0.49388 0.74725 
vt 0.49388 0.74725 
vt 0.1162 0.13972 
vt 0.0959 0.20413 
vt 0.11219 0.14781 
vt 0.0959 0.20413 
vt 0.11833 0.13581 
vt 0.11415 0.14372 
vt 0.11833 0.13581 
vt 0.11219 0.14781 
vt 0.11833 0.13581 
vt 0.42559 0.74725 
vt 0.09671 0.19893 
vt 0.09671 0.19893 
vt 0.42559 0.74725 
vt 0.43075 0.74725 
vt 0.43075 0.74725 
vt 0.10232 0.1743 
vt 0.50772 0.74725 
vt 0.44092 0.74725 
vt 0.44092 0.74725 
vt 0.25636 0.05319 
vt 0.09978 0.18387 
vt 0.25636 0.05319 
vt 0.25636 0.05319 
vt 0.50312 0.74725 
vt 0.10232 0.1743 
vt 0.11032 0.152 
vt 0.11032 0.152 
vt 0.4751 0.74725 
vt 0.4751 0.74725 
vt 0.02698 0.80033 
vt 0.10524 0.1651 
vt 0.02249 0.80033 
vt 0.10524 0.1651 
vt 0.48922 0.74725 
vt 0.48922 0.74725 
vt 0.10684 0.16064 
vt 0.09866 0.1888 
vt 0.48454 0.74725 
vt 0.48454 0.74725 
vt 0.0959 0.20413 
vt 0.09763 0.19382 
vt 0.09763 0.19382 
vt 0.03147 0.80033 
vt 0.49851 0.74725 
vt 0.24771 0.05396 
vt 0.09671 0.19893 
vt 0.49851 0.74725 
vt 0.15093 0.80033 
vt 0.39815 0.80033 
vt 0.12719 0.80033 
vt 0.30256 0.80033 
vt 0.30256 0.80033 
vt 0.12719 0.80033 
vt 0.20625 0.3885 
vt 0.20625 0.3885 
vt 0.3117 0.80033 
vt 0.40822 0.80033 
vt 0.13509 0.80033 
vt 0.13509 0.80033 
vt 0.18953 0.38303 
vt 0.34539 0.74725 
vt 0.17489 0.85341 
vt 0.10866 0.80033 
vt 0.10866 0.80033 
vt 0.11415 0.14372 
vt 0.1179 0.80033 
vt 0.01799 0.80033 
vt 0.10854 0.15627 
vt 0.11415 0.14372 
vt 0.18953 0.38303 
vt 0.10854 0.15627 
vt 0.0135 0.80033 
vt 0.10854 0.15627 
vt 0.2935 0.80033 
vt 0.1179 0.80033 
vt 0.10854 0.15627 
vt 0.11328 0.80033 
vt 0.2935 0.80033 
vt 0.11328 0.80033 
vt 0.12254 0.80033 
vt 0.11032 0.152 
vt 0.47984 0.74725 
vt 0.12254 0.80033 
vt 0.47984 0.74725 
vt 0.19282 0.3843 
vt 0.19282 0.3843 
vt 0.3117 0.80033 
vt 0.143 0.80033 
vt 0.32094 0.80033 
vt 0.143 0.80033 
vt 0.41468 0.80033 
vt 0.32094 0.80033 
vt 0.33027 0.80033 
vt 0.42202 0.80033 
vt 0.15093 0.80033 
vt 0.19102 0.80033 
vt 0.19102 0.80033 
vt 0.17901 0.85341 
vt 0.18305 0.38025 
vt 0.17358 0.37549 
vt 0.15008 0.35952 
vt 0.17986 0.37874 
vt 0.15008 0.35952 
vt 0.18312 0.85341 
vt 0.18305 0.38025 
vt 0.17358 0.37549 
vt 0.18722 0.85341 
vt 0.17486 0.80033 
vt 0.20967 0.38932 
vt 0.17486 0.80033 
vt 0.16745 0.37192 
vt 0.19948 0.38657 
vt 0.16745 0.37192 
vt 0.18292 0.80033 
vt 0.18292 0.80033 
vt 0.1458 0.85341 
vt 0.19948 0.38657 
vt 0.20967 0.38932 
vt 0.19948 0.38657 
vt 0.17049 0.37374 
vt 0.14159 0.85341 
vt 0.21567 0.80033 
vt 0.19614 0.38548 
vt 0.42931 0.80033 
vt 0.18953 0.38303 
vt 0.21567 0.80033 
vt 0.19614 0.38548 
vt 0.19614 0.38548 
vt 0.18627 0.38169 
vt 0.18627 0.38169 
vt 0.19282 0.3843 
vt 0.16445 0.37003 
vt 0.16445 0.37003 
vt 0.16445 0.37003 
vt 0.19918 0.80033 
vt 0.19918 0.80033 
vt 0.19133 0.85341 
vt 0.17986 0.37874 
vt 0.20739 0.80033 
vt 0.17986 0.37874 
vt 0.20739 0.80033 
vt 0.19542 0.85341 
vt 0.14735 0.35722 
vt 0.14735 0.35722 
vt 0.1297 0.3394 
vt 0.16148 0.36807 
vt 0.15286 0.36176 
vt 0.16148 0.36807 
vt 0.1297 0.3394 
vt 0.1297 0.3394 
vt 0.15569 0.36393 
vt 0.1767 0.37715 
vt 0.14203 0.35242 
vt 0.14203 0.35242 
vt 0.14735 0.35722 
vt 0.14999 0.85341 
vt 0.18305 0.38025 
vt 0.013 0.85341 
vt 0.013 0.85341 
vt 0.17077 0.85341 
vt 0.14466 0.35485 
vt 0.14466 0.35485 
vt 0.17358 0.37549 
vt 0.15008 0.35952 
vt 0.1767 0.37715 
vt 0.1073 0.85341 
vt 0.1767 0.37715 
vt 0.14203 0.35242 
vt 0.20625 0.3885 
vt 0.17049 0.37374 
vt 0.20285 0.38758 
vt 0.19952 0.85341 
vt 0.20285 0.38758 
vt 0.15887 0.80033 
vt 0.15887 0.80033 
vt 0.20967 0.38932 
vt 0.20362 0.85341 
vt 0.16745 0.37192 
vt 0.16685 0.80033 
vt 0.16685 0.80033 
vt 0.12517 0.33381 
vt 0.12517 0.33381 
vt 0.15286 0.36176 
vt 0.15417 0.85341 
vt 0.12517 0.33381 
vt 0.123 0.33094 
vt 0.123 0.33094 
vt 0.16148 0.36807 
vt 0.123 0.33094 
vt 0.15856 0.36603 
vt 0.15856 0.36603 
vt 0.1274 0.33663 
vt 0.15834 0.85341 
vt 0.1274 0.33663 
vt 0.1274 0.33663 
vt 0.31588 0.26277 
vt 0.25851 0.29332 
vt 0.31456 0.26166 
vt 0.39776 0.85341 
vt 0.31456 0.26166 
vt 0.31216 0.85341 
vt 0.31216 0.85341 
vt 0.3941 0.85341 
vt 0.43771 0.85341 
vt 0.31702 0.85341 
vt 0.31702 0.85341 
vt 0.3182 0.26571 
vt 0.41961 0.85341 
vt 0.3182 0.26571 
vt 0.31456 0.26166 
vt 0.3201 0.26953 
vt 0.31588 0.26277 
vt 0.33197 0.85341 
vt 0.31313 0.26077 
vt 0.31456 0.26166 
vt 0.31588 0.26277 
vt 0.3192 0.26751 
vt 0.44132 0.85341 
vt 0.31313 0.26077 
vt 0.31313 0.26077 
vt 0.34755 0.85341 
vt 0.31313 0.26077 
vt 0.34755 0.85341 
vt 0.31588 0.26277 
vt 0.31588 0.26277 
vt 0.41598 0.85341 
vt 0.30332 0.26007 
vt 0.42686 0.85341 
vt 0.30332 0.26007 
vt 0.43409 0.85341 
vt 0.25533 0.29664 
vt 0.44854 0.85341 
vt 0.40507 0.85341 
vt 0.32692 0.85341 
vt 0.32692 0.85341 
vt 0.44493 0.85341 
vt 0.51317 0.80033 
vt 0.07531 0.85341 
vt 0.06923 0.85341 
vt 0.06313 0.85341 
vt 0.50645 0.80033 
vt 0.50645 0.80033 
vt 0.52645 0.80033 
vt 0.52645 0.80033 
vt 0.45803 0.80033 
vt 0.10293 0.85341 
vt 0.45092 0.80033 
vt 0.45092 0.80033 
vt 0.51317 0.80033 
vt 0.32194 0.85341 
vt 0.32194 0.85341 
vt 0.3192 0.26751 
vt 0.33197 0.85341 
vt 0.41235 0.85341 
vt 0.33709 0.85341 
vt 0.3201 0.26953 
vt 0.31588 0.26277 
vt 0.40871 0.85341 
vt 0.33709 0.85341 
vt 0.51983 0.80033 
vt 0.51983 0.80033 
vt 0.08739 0.85341 
vt 0.08136 0.85341 
vt 0.40142 0.85341 
vt 0.31702 0.85341 
vt 0.4651 0.80033 
vt 0.4651 0.80033 
vt 0.37829 0.80033 
vt 0.47908 0.80033 
vt 0.47908 0.80033 
vt 0.39815 0.80033 
vt 0.34755 0.85341 
vt 0.38818 0.80033 
vt 0.38818 0.80033 
vt 0.44376 0.80033 
vt 0.00653 0.85341 
vt 0.43656 0.80033 
vt 0.53301 0.80033 
vt 0.00653 0.85341 
vt 0.09341 0.85341 
vt 0.00002 0.85341 
vt 0.43656 0.80033 
vt 0.45803 0.80033 
vt 0.37829 0.80033 
vt 0.32692 0.85341 
vt 0.31216 0.85341 
vt 0.47212 0.80033 
vt 0.47212 0.80033 
vt 0.44376 0.80033 
vt 0.09854 0.85341 
vt 0.31282 0.34094 
vt 0.40822 0.80033 
vt 0.40822 0.80033 
vt 0.3 0.36322 
vt 0.30248 0.35988 
vt 0.3 0.36322 
vt 0.2424 0.3924 
vt 0.30248 0.35988 
vt 0.42931 0.80033 
vt 0.27969 0.85341 
vt 0.30703 0.35274 
vt 0.42931 0.80033 
vt 0.18722 0.85341 
vt 0.19133 0.85341 
vt 0.19133 0.85341 
vt 0.29794 0.85341 
vt 0.30736 0.85341 
vt 0.18722 0.85341 
vt 0.2933 0.85341 
vt 0.41468 0.80033 
vt 0.41468 0.80033 
vt 0.34228 0.85341 
vt 0.30482 0.35638 
vt 0.33709 0.85341 
vt 0.486 0.80033 
vt 0.486 0.80033 
vt 0.3685 0.80033 
vt 0.3685 0.80033 
vt 0.33197 0.85341 
vt 0.39815 0.80033 
vt 0.42202 0.80033 
vt 0.42202 0.80033 
vt 0.27524 0.85341 
vt 0.30703 0.35274 
vt 0.30703 0.35274 
vt 0.30703 0.35274 
vt 0.30482 0.35638 
vt 0.30482 0.35638 
vt 0.32194 0.85341 
vt 0.4651 0.80033 
vt 0.45803 0.80033 
vt 0.37829 0.80033 
vt 0.47212 0.80033 
vt 0.35881 0.80033 
vt 0.35881 0.80033 
vt 0.22401 0.80033 
vt 0.22401 0.80033 
vt 0.43656 0.80033 
vt 0.47908 0.80033 
vt 0.486 0.80033 
vt 0.27083 0.85341 
vt 0.17077 0.85341 
vt 0.17077 0.85341 
vt 0.26645 0.85341 
vt 0.29176 0.37226 
vt 0.16664 0.85341 
vt 0.16664 0.85341 
vt 0.22005 0.85341 
vt 0.29464 0.36941 
vt 0.1203 0.85341 
vt 0.29464 0.36941 
vt 0.2514 0.39152 
vt 0.29739 0.36639 
vt 0.23771 0.39251 
vt 0.12887 0.85341 
vt 0.23771 0.39251 
vt 0.12887 0.85341 
vt 0.2789 0.38192 
vt 0.27536 0.38388 
vt 0.21657 0.3907 
vt 0.21657 0.3907 
vt 0.21657 0.3907 
vt 0.1203 0.85341 
vt 0.3685 0.80033 
vt 0.33969 0.80033 
vt 0.33969 0.80033 
vt 0.33027 0.80033 
vt 0.38818 0.80033 
vt 0.3492 0.80033 
vt 0.25571 0.39075 
vt 0.2306 0.3923 
vt 0.2306 0.3923 
vt 0.2306 0.3923 
vt 0.28874 0.37494 
vt 0.25571 0.39075 
vt 0.11165 0.85341 
vt 0.11165 0.85341 
vt 0.21594 0.85341 
vt 0.24696 0.39207 
vt 0.3492 0.80033 
vt 0.2514 0.39152 
vt 0.29176 0.37226 
vt 0.29176 0.37226 
vt 0.22707 0.39205 
vt 0.1073 0.85341 
vt 0.1073 0.85341 
vt 0.22832 0.85341 
vt 0.24696 0.39207 
vt 0.22418 0.85341 
vt 0.2514 0.39152 
vt 0.30005 0.26085 
vt 0.23247 0.85341 
vt 0.30005 0.26085 
vt 0.27169 0.38565 
vt 0.29842 0.26137 
vt 0.23664 0.85341 
vt 0.13736 0.85341 
vt 0.30998 0.25975 
vt 0.29842 0.26137 
vt 0.13312 0.85341 
vt 0.13312 0.85341 
vt 0.06313 0.85341 
vt 0.27169 0.38565 
vt 0.09341 0.85341 
vt 0.09341 0.85341 
vt 0.27169 0.38565 
vt 0.45937 0.85341 
vt 0.24696 0.39207 
vt 0.13736 0.85341 
vt 0.08739 0.85341 
vt 0.08739 0.85341 
vt 0.26789 0.38723 
vt 0.26789 0.38723 
vt 0.47018 0.85341 
vt 0.26789 0.38723 
vt 0.06313 0.85341 
vt 0.29464 0.36941 
vt 0.22707 0.39205 
vt 0.23771 0.39251 
vt 0.28874 0.37494 
vt 0.28874 0.37494 
vt 0.11599 0.85341 
vt 0.11599 0.85341 
vt 0.30661 0.25967 
vt 0.12459 0.85341 
vt 0.12459 0.85341 
vt 0.29739 0.36639 
vt 0.23415 0.39246 
vt 0.23415 0.39246 
vt 0.23415 0.39246 
vt 0.22707 0.39205 
vt 0.29739 0.36639 
vt 0.30826 0.25962 
vt 0.30826 0.25962 
vt 0.26396 0.3886 
vt 0.30005 0.26085 
vt 0.30168 0.26042 
vt 0.30998 0.25975 
vt 0.30661 0.25967 
vt 0.30998 0.25975 
vt 0.30826 0.25962 
vt 0.45576 0.85341 
vt 0.3192 0.26751 
vt 0.10293 0.85341 
vt 0.46658 0.85341 
vt 0.10293 0.85341 
vt 0.3192 0.26751 
vt 0.31709 0.26413 
vt 0.42324 0.85341 
vt 0.31161 0.26014 
vt 0.31709 0.26413 
vt 0.31709 0.26413 
vt 0.47739 0.85341 
vt 0.09854 0.85341 
vt 0.09854 0.85341 
vt 0.43048 0.85341 
vt 0.30332 0.26007 
vt 0.31709 0.26413 
vt 0.31709 0.26413 
vt 0.30168 0.26042 
vt 0.46297 0.85341 
vt 0.26396 0.3886 
vt 0.26396 0.3886 
vt 0.08136 0.85341 
vt 0.30496 0.25982 
vt 0.08136 0.85341 
vt 0.06923 0.85341 
vt 0.06923 0.85341 
vt 0.2599 0.38978 
vt 0.07531 0.85341 
vt 0.07531 0.85341 
vt 0.45215 0.85341 
vt 0.30496 0.25982 
vt 0.2599 0.38978 
vt 0.30496 0.25982 
vt 0.2599 0.38978 
vt 0.3182 0.26571 
vt 0.47379 0.85341 
vt 0.3201 0.26953 
vt 0.31161 0.26014 
vt 0.31161 0.26014 
vt 0.3201 0.26953 
vt 0.3182 0.26571 
vt 0.22776 0.32167 
vt 0.14393 0.23812 
vt 0.39042 0.85341 
vt 0.39042 0.85341 
vt 0.14495 0.21528 
vt 0.14393 0.23812 
vt 0.24088 0.31102 
vt 0.14399 0.22703 
vt 0.12025 0.90649 
vt 0.23925 0.31249 
vt 0.14578 0.20943 
vt 0.14578 0.20943 
vt 0.14386 0.23291 
vt 0.14386 0.23291 
vt 0.23763 0.31394 
vt 0.23763 0.31394 
vt 0.23599 0.31534 
vt 0.14682 0.20363 
vt 0.02833 0.90649 
vt 0.02833 0.90649 
vt 0.04242 0.90649 
vt 0.14041 0.90649 
vt 0.14399 0.22703 
vt 0.04242 0.90649 
vt 0.09499 0.90649 
vt 0.14414 0.24322 
vt 0.38673 0.85341 
vt 0.38673 0.85341 
vt 0.14629 0.26245 
vt 0.23599 0.31534 
vt 0.0389 0.90649 
vt 0.04594 0.90649 
vt 0.04594 0.90649 
vt 0.0389 0.90649 
vt 0.14629 0.26245 
vt 0.09937 0.90649 
vt 0.14393 0.23812 
vt 0.23436 0.3167 
vt 0.14556 0.25782 
vt 0.14556 0.25782 
vt 0.04945 0.90649 
vt 0.04945 0.90649 
vt 0.36942 0.85341 
vt 0.36942 0.85341 
vt 0.14386 0.23291 
vt 0.14496 0.25307 
vt 0.14496 0.25307 
vt 0.23925 0.31249 
vt 0.05297 0.90649 
vt 0.05297 0.90649 
vt 0.03186 0.90649 
vt 0.03186 0.90649 
vt 0.13637 0.90649 
vt 0.21769 0.3273 
vt 0.15681 0.90649 
vt 0.38087 0.85341 
vt 0.38087 0.85341 
vt 0.18295 0.90649 
vt 0.36383 0.85341 
vt 0.23436 0.3167 
vt 0.1696 0.90649 
vt 0.36383 0.85341 
vt 0.21769 0.3273 
vt 0.24926 0.85341 
vt 0.25054 0.30158 
vt 0.32154 0.27418 
vt 0.25352 0.85341 
vt 0.25352 0.85341 
vt 0.39042 0.85341 
vt 0.24926 0.85341 
vt 0.32087 0.27175 
vt 0.32087 0.27175 
vt 0.32251 0.27964 
vt 0.32297 0.2938 
vt 0.32297 0.2938 
vt 0.27524 0.85341 
vt 0.27524 0.85341 
vt 0.27969 0.85341 
vt 0.32208 0.27681 
vt 0.32208 0.27681 
vt 0.32208 0.27681 
vt 0.34228 0.85341 
vt 0.34228 0.85341 
vt 0.35832 0.85341 
vt 0.32307 0.2892 
vt 0.27969 0.85341 
vt 0.14854 0.90649 
vt 0.32154 0.27418 
vt 0.32307 0.2892 
vt 0.32154 0.27418 
vt 0.32154 0.27418 
vt 0.3529 0.85341 
vt 0.32087 0.27175 
vt 0.32301 0.28584 
vt 0.28872 0.85341 
vt 0.28872 0.85341 
vt 0.32301 0.28584 
vt 0.36942 0.85341 
vt 0.14682 0.20363 
vt 0.1243 0.90649 
vt 0.23107 0.31929 
vt 0.22942 0.32051 
vt 0.22942 0.32051 
vt 0.14414 0.24322 
vt 0.14414 0.24322 
vt 0.14435 0.22115 
vt 0.14446 0.90649 
vt 0.22776 0.32167 
vt 0.32301 0.28584 
vt 0.38673 0.85341 
vt 0.27083 0.85341 
vt 0.27083 0.85341 
vt 0.30262 0.85341 
vt 0.30262 0.85341 
vt 0.2578 0.85341 
vt 0.31737 0.32793 
vt 0.31737 0.32793 
vt 0.2578 0.85341 
vt 0.31599 0.3324 
vt 0.31599 0.3324 
vt 0.0389 0.90649 
vt 0.28418 0.85341 
vt 0.36383 0.85341 
vt 0.28418 0.85341 
vt 0.03538 0.90649 
vt 0.32282 0.28265 
vt 0.3751 0.85341 
vt 0.30736 0.85341 
vt 0.30736 0.85341 
vt 0.24083 0.85341 
vt 0.24083 0.85341 
vt 0.32282 0.28265 
vt 0.2933 0.85341 
vt 0.32282 0.28265 
vt 0.2933 0.85341 
vt 0.24504 0.85341 
vt 0.24504 0.85341 
vt 0.29794 0.85341 
vt 0.29794 0.85341 
vt 0.38087 0.85341 
vt 0.32282 0.28265 
vt 0.0248 0.90649 
vt 0.32065 0.3138 
vt 0.22418 0.85341 
vt 0.31861 0.32334 
vt 0.32212 0.30382 
vt 0.32146 0.30886 
vt 0.45576 0.85341 
vt 0.32212 0.30382 
vt 0.32265 0.29867 
vt 0.45576 0.85341 
vt 0.3197 0.31863 
vt 0.32265 0.29867 
vt 0.22418 0.85341 
vt 0.00356 0.90649 
vt 0.04594 0.90649 
vt 0.23664 0.85341 
vt 0.23664 0.85341 
vt 0.24893 0.3032 
vt 0.26645 0.85341 
vt 0.26645 0.85341 
vt 0.22832 0.85341 
vt 0.22832 0.85341 
vt 0.02127 0.90649 
vt 0.25851 0.29332 
vt 0.25851 0.29332 
vt 0.24733 0.30481 
vt 0.32065 0.3138 
vt 0.24733 0.30481 
vt 0.01065 0.90649 
vt 0.25692 0.29498 
vt 0.25692 0.29498 
vt 0.32146 0.30886 
vt 0.26962 0.282 
vt 0.04242 0.90649 
vt 0.32265 0.29867 
vt 0.32212 0.30382 
vt 0.23247 0.85341 
vt 0.25533 0.29664 
vt 0.23247 0.85341 
vt 0.25533 0.29664 
vt 0.31861 0.32334 
vt 0.21182 0.85341 
vt 0.21182 0.85341 
vt 0.03186 0.90649 
vt 0.31861 0.32334 
vt 0.26211 0.85341 
vt 0.26211 0.85341 
vt 0.32251 0.27964 
vt 0.21594 0.85341 
vt 0.32297 0.2938 
vt 0.21594 0.85341 
vt 0.3197 0.31863 
vt 0.32301 0.28584 
vt 0.32251 0.27964 
vt 0.02833 0.90649 
vt 0.20772 0.85341 
vt 0.20772 0.85341 
vt 0.3197 0.31863 
vt 0.32208 0.27681 
vt 0.32307 0.2892 
vt 0.22005 0.85341 
vt 0.32307 0.2892 
vt 0.22005 0.85341 
vt 0.31448 0.33674 
vt 0.31448 0.33674 
vt 0.31282 0.34094 
vt 0.21311 0.39006 
vt 0.21311 0.39006 
vt 0.28559 0.37745 
vt 0.21311 0.39006 
vt 0.31103 0.34502 
vt 0.3091 0.34895 
vt 0.28559 0.37745 
vt 0.31448 0.33674 
vt 0.1458 0.85341 
vt 0.1458 0.85341 
vt 0.22355 0.3917 
vt 0.2789 0.38192 
vt 0.20362 0.85341 
vt 0.20362 0.85341 
vt 0.24504 0.85341 
vt 0.2789 0.38192 
vt 0.16249 0.85341 
vt 0.16249 0.85341 
vt 0.26211 0.85341 
vt 0.3 0.36322 
vt 0.21182 0.85341 
vt 0.24696 0.39207 
vt 0.15834 0.85341 
vt 0.15834 0.85341 
vt 0.2578 0.85341 
vt 0.30248 0.35988 
vt 0.30262 0.85341 
vt 0.2424 0.3924 
vt 0.2424 0.3924 
vt 0.19542 0.85341 
vt 0.19542 0.85341 
vt 0.18312 0.85341 
vt 0.17901 0.85341 
vt 0.28872 0.85341 
vt 0.17901 0.85341 
vt 0.17489 0.85341 
vt 0.17489 0.85341 
vt 0.28418 0.85341 
vt 0.22355 0.3917 
vt 0.28231 0.37977 
vt 0.22005 0.39125 
vt 0.22005 0.39125 
vt 0.31282 0.34094 
vt 0.24083 0.85341 
vt 0.27536 0.38388 
vt 0.14159 0.85341 
vt 0.14159 0.85341 
vt 0.19952 0.85341 
vt 0.19952 0.85341 
vt 0.22005 0.39125 
vt 0.27536 0.38388 
vt 0.28559 0.37745 
vt 0.28231 0.37977 
vt 0.18312 0.85341 
vt 0.27756 0.27462 
vt 0.26486 0.28676 
vt 0.27597 0.27602 
vt 0.19766 0.32975 
vt 0 0.90649 
vt 0.26328 0.28839 
vt 0.27597 0.27602 
vt 0.27438 0.27747 
vt 0.27597 0.27602 
vt 0.43771 0.85341 
vt 0.43771 0.85341 
vt 0.19172 0.32832 
vt 0.28553 0.26829 
vt 0.42686 0.85341 
vt 0.42686 0.85341 
vt 0.27279 0.27895 
vt 0.28553 0.26829 
vt 0.27279 0.27895 
vt 0.18602 0.32612 
vt 0.29679 0.26197 
vt 0.18602 0.32612 
vt 0.15417 0.85341 
vt 0.29679 0.26197 
vt 0.31103 0.34502 
vt 0.15417 0.85341 
vt 0.24926 0.85341 
vt 0.18884 0.32732 
vt 0.28231 0.37977 
vt 0.18884 0.32732 
vt 0.29517 0.26266 
vt 0.31103 0.34502 
vt 0.43409 0.85341 
vt 0.43409 0.85341 
vt 0.19172 0.32832 
vt 0.29517 0.26266 
vt 0.14999 0.85341 
vt 0.48099 0.85341 
vt 0.3091 0.34895 
vt 0.3091 0.34895 
vt 0.14999 0.85341 
vt 0.48819 0.85341 
vt 0.49178 0.85341 
vt 0.19466 0.32914 
vt 0.2056 0.33029 
vt 0.42324 0.85341 
vt 0.42324 0.85341 
vt 0.2056 0.33029 
vt 0.28713 0.26719 
vt 0.20772 0.85341 
vt 0.29679 0.26197 
vt 0.25352 0.85341 
vt 0.44493 0.85341 
vt 0.44493 0.85341 
vt 0.20072 0.33018 
vt 0.28873 0.26615 
vt 0.28873 0.26615 
vt 0.20072 0.33018 
vt 0.50256 0.85341 
vt 0.41961 0.85341 
vt 0.41961 0.85341 
vt 0.29034 0.26517 
vt 0.19766 0.32975 
vt 0.19766 0.32975 
vt 0.40871 0.85341 
vt 0.27438 0.27747 
vt 0.28713 0.26719 
vt 0.21256 0.32911 
vt 0.21256 0.32911 
vt 0.40871 0.85341 
vt 0.21256 0.32911 
vt 0.28713 0.26719 
vt 0.50615 0.85341 
vt 0.39776 0.85341 
vt 0.39776 0.85341 
vt 0.21083 0.32955 
vt 0.16102 0.90649 
vt 0.21083 0.32955 
vt 0.16528 0.90649 
vt 0.20072 0.33018 
vt 0.2091 0.32989 
vt 0.2091 0.32989 
vt 0.21938 0.32654 
vt 0.48459 0.85341 
vt 0.20735 0.33014 
vt 0.20735 0.33014 
vt 0.21938 0.32654 
vt 0.3941 0.85341 
vt 0.3941 0.85341 
vt 0.29356 0.26342 
vt 0.19466 0.32914 
vt 0.52403 0.85341 
vt 0.29356 0.26342 
vt 0.29195 0.26426 
vt 0.29356 0.26342 
vt 0.29195 0.26426 
vt 0.44132 0.85341 
vt 0.44132 0.85341 
vt 0.44854 0.85341 
vt 0.44854 0.85341 
vt 0.26486 0.28676 
vt 0.5276 0.85341 
vt 0.27756 0.27462 
vt 0.26328 0.28839 
vt 0.43048 0.85341 
vt 0.43048 0.85341 
vt 0.2261 0.32277 
vt 0.13235 0.90649 
vt 0.03538 0.90649 
vt 0.21599 0.32799 
vt 0.21427 0.32859 
vt 0.03538 0.90649 
vt 0.22776 0.32167 
vt 0.21599 0.32799 
vt 0.22443 0.32381 
vt 0.22443 0.32381 
vt 0.3751 0.85341 
vt 0.2261 0.32277 
vt 0.15266 0.90649 
vt 0.3751 0.85341 
vt 0.17843 0.90649 
vt 0.21427 0.32859 
vt 0.22275 0.32479 
vt 0.3529 0.85341 
vt 0.3529 0.85341 
vt 0.24249 0.3095 
vt 0.14435 0.22115 
vt 0.14435 0.22115 
vt 0.35832 0.85341 
vt 0.12833 0.90649 
vt 0.35832 0.85341 
vt 0.22275 0.32479 
vt 0.24411 0.30796 
vt 0.41598 0.85341 
vt 0.14495 0.21528 
vt 0.14495 0.21528 
vt 0.41598 0.85341 
vt 0.23599 0.31534 
vt 0.14578 0.20943 
vt 0.22107 0.3257 
vt 0.22107 0.3257 
vt 0.14578 0.20943 
vt 0.24572 0.3064 
vt 0.49897 0.85341 
vt 0.23272 0.31802 
vt 0.17398 0.90649 
vt 0.23272 0.31802 
vt 0.23107 0.31929 
vt 0.14682 0.20363 
vt 0.41235 0.85341 
vt 0.49538 0.85341 
vt 0.41235 0.85341 
vt 0.40142 0.85341 
vt 0.40142 0.85341 
vt 0.20384 0.33034 
vt 0.29034 0.26517 
vt 0.20072 0.33018 
vt 0.40507 0.85341 
vt 0.40507 0.85341 
vt 0.29034 0.26517 
vt 0.20072 0.33018 
vt 0.20072 0.33018 
vt 0.20072 0.33018 
vt 0.3137 0.90649 
vt 0.32043 0.90649 
vt 0.278 0.90649 
vt 0.278 0.90649 
vt 0.31149 0.90649 
vt 0.32498 0.90649 
vt 0.26623 0.90649 
vt 0.26796 0.90649 
vt 0.26796 0.90649 
vt 0.07414 0.90649 
vt 0.07414 0.90649 
vt 0.26623 0.90649 
vt 0.06001 0.90649 
vt 0.06001 0.90649 
vt 0.17335 0.14128 
vt 0.32956 0.90649 
vt 0.3227 0.90649 
vt 0.17033 0.14569 
vt 0.05649 0.90649 
vt 0.17033 0.14569 
vt 0.1572 0.17025 
vt 0.17033 0.14569 
vt 0.11617 0.90649 
vt 0.16466 0.15505 
vt 0.05649 0.90649 
vt 0.11617 0.90649 
vt 0.1572 0.17025 
vt 0.14808 0.19787 
vt 0.09052 0.90649 
vt 0.11206 0.90649 
vt 0.11206 0.90649 
vt 0.09052 0.90649 
vt 0.33416 0.90649 
vt 0.08594 0.90649 
vt 0.00711 0.90649 
vt 0.14922 0.27556 
vt 0.00711 0.90649 
vt 0.24088 0.31102 
vt 0.51689 0.85341 
vt 0.01774 0.90649 
vt 0.51689 0.85341 
vt 0.06707 0.90649 
vt 0.14448 0.2482 
vt 0.01774 0.90649 
vt 0.06354 0.90649 
vt 0.0142 0.90649 
vt 0.0142 0.90649 
vt 0.0248 0.90649 
vt 0.14715 0.26695 
vt 0.0248 0.90649 
vt 0.14496 0.25307 
vt 0.10789 0.90649 
vt 0.14715 0.26695 
vt 0.10367 0.90649 
vt 0.02127 0.90649 
vt 0.02127 0.90649 
vt 0.14922 0.27556 
vt 0.15043 0.27967 
vt 0.26961 0.90649 
vt 0.26961 0.90649 
vt 0.0706 0.90649 
vt 0.15043 0.27967 
vt 0.24088 0.31102 
vt 0.32727 0.90649 
vt 0.15118 0.18655 
vt 0.08125 0.90649 
vt 0.08125 0.90649 
vt 0.27127 0.90649 
vt 0.27127 0.90649 
vt 0.0706 0.90649 
vt 0.07769 0.90649 
vt 0.07769 0.90649 
vt 0.31593 0.90649 
vt 0.52046 0.85341 
vt 0.52046 0.85341 
vt 0.05649 0.90649 
vt 0.48819 0.85341 
vt 0.15637 0.29469 
vt 0.5276 0.85341 
vt 0.5276 0.85341 
vt 0.48819 0.85341 
vt 0.27127 0.90649 
vt 0.48459 0.85341 
vt 0.52403 0.85341 
vt 0.24572 0.3064 
vt 0.48459 0.85341 
vt 0.15318 0.28746 
vt 0.24572 0.3064 
vt 0.24411 0.30796 
vt 0 0.90649 
vt 0.52403 0.85341 
vt 0.07414 0.90649 
vt 0.53472 0.85341 
vt 0.53116 0.85341 
vt 0.53116 0.85341 
vt 0.0706 0.90649 
vt 0.11617 0.90649 
vt 0.00356 0.90649 
vt 0.00356 0.90649 
vt 0.11206 0.90649 
vt 0.14629 0.26245 
vt 0.01065 0.90649 
vt 0.09052 0.90649 
vt 0.14448 0.2482 
vt 0.14556 0.25782 
vt 0.14812 0.27132 
vt 0.14812 0.27132 
vt 0.14399 0.22703 
vt 0.14448 0.2482 
vt 0.24249 0.3095 
vt 0.01065 0.90649 
vt 0.49178 0.85341 
vt 0.49178 0.85341 
vt 0.15472 0.29115 
vt 0.48099 0.85341 
vt 0.48099 0.85341 
vt 0.26961 0.90649 
vt 0.15637 0.29469 
vt 0.27293 0.90649 
vt 0.49897 0.85341 
vt 0.49897 0.85341 
vt 0.16394 0.30733 
vt 0.16394 0.30733 
vt 0.15318 0.28746 
vt 0.49538 0.85341 
vt 0.27629 0.90649 
vt 0.16828 0.3127 
vt 0.49538 0.85341 
vt 0.2746 0.90649 
vt 0.15175 0.28364 
vt 0.15996 0.30132 
vt 0.15996 0.30132 
vt 0.50615 0.85341 
vt 0.50615 0.85341 
vt 0.15318 0.28746 
vt 0.1619 0.30441 
vt 0.1619 0.30441 
vt 0.08125 0.90649 
vt 0.15043 0.27967 
vt 0.51331 0.85341 
vt 0.51331 0.85341 
vt 0.14715 0.26695 
vt 0.07769 0.90649 
vt 0.14922 0.27556 
vt 0.50973 0.85341 
vt 0.06001 0.90649 
vt 0.50973 0.85341 
vt 0.26169 0.29002 
vt 0.25054 0.30158 
vt 0.46297 0.85341 
vt 0.25054 0.30158 
vt 0.46297 0.85341 
vt 0.53116 0.85341 
vt 0.45215 0.85341 
vt 0.45215 0.85341 
vt 0.51331 0.85341 
vt 0.0142 0.90649 
vt 0.24893 0.3032 
vt 0.2601 0.29167 
vt 0.26169 0.29002 
vt 0.26169 0.29002 
vt 0.27279 0.27895 
vt 0.2601 0.29167 
vt 0.45937 0.85341 
vt 0.45937 0.85341 
vt 0.50973 0.85341 
vt 0.27121 0.28046 
vt 0.51689 0.85341 
vt 0.05297 0.90649 
vt 0.28393 0.26946 
vt 0.27121 0.28046 
vt 0.28393 0.26946 
vt 0.26962 0.282 
vt 0.28393 0.26946 
vt 0.28074 0.27194 
vt 0.52046 0.85341 
vt 0.26962 0.282 
vt 0.47018 0.85341 
vt 0.47018 0.85341 
vt 0.28233 0.27067 
vt 0.46658 0.85341 
vt 0.28233 0.27067 
vt 0.32065 0.3138 
vt 0.25373 0.29829 
vt 0.25373 0.29829 
vt 0.31599 0.3324 
vt 0.00711 0.90649 
vt 0.26645 0.28515 
vt 0.32146 0.30886 
vt 0.31737 0.32793 
vt 0.31599 0.3324 
vt 0.04945 0.90649 
vt 0.19352 0.11937 
vt 0.21214 0.1084 
vt 0.23485 0.90649 
vt 0.21596 0.10715 
vt 0.24392 0.90649 
vt 0.20834 0.10998 
vt 0.12025 0.90649 
vt 0.12025 0.90649 
vt 0.21214 0.1084 
vt 0.13235 0.90649 
vt 0.13235 0.90649 
vt 0.19352 0.11937 
vt 0.18996 0.12242 
vt 0.17398 0.90649 
vt 0.17398 0.90649 
vt 0.18755 0.90649 
vt 0.18996 0.12242 
vt 0.24107 0.90649 
vt 0.12833 0.90649 
vt 0.20181 0.90649 
vt 0.1696 0.90649 
vt 0.1696 0.90649 
vt 0.20084 0.11409 
vt 0.46658 0.85341 
vt 0.18295 0.90649 
vt 0.18295 0.90649 
vt 0.19698 0.90649 
vt 0.12833 0.90649 
vt 0.24913 0.90649 
vt 0.19715 0.11659 
vt 0.20084 0.11409 
vt 0.24661 0.90649 
vt 0.47379 0.85341 
vt 0.47379 0.85341 
vt 0.26804 0.28356 
vt 0.26804 0.28356 
vt 0.28074 0.27194 
vt 0.28074 0.27194 
vt 0.25214 0.29994 
vt 0.25214 0.29994 
vt 0.27915 0.27326 
vt 0.27915 0.27326 
vt 0.47739 0.85341 
vt 0.47739 0.85341 
vt 0.26645 0.28515 
vt 0.26645 0.28515 
vt 0.01774 0.90649 
vt 0.25367 0.10708 
vt 0.1243 0.90649 
vt 0.21683 0.90649 
vt 0.1243 0.90649 
vt 0.19715 0.11659 
vt 0.14446 0.90649 
vt 0.08594 0.90649 
vt 0.17971 0.13306 
vt 0.17648 0.13707 
vt 0.25367 0.10708 
vt 0.09937 0.90649 
vt 0.09937 0.90649 
vt 0.24736 0.10646 
vt 0.16743 0.15029 
vt 0.17971 0.13306 
vt 0.24736 0.10646 
vt 0.33646 0.90649 
vt 0.09499 0.90649 
vt 0.18646 0.12573 
vt 0.16466 0.15505 
vt 0.16743 0.15029 
vt 0.09499 0.90649 
vt 0.20673 0.90649 
vt 0.18646 0.12573 
vt 0.222 0.90649 
vt 0.16743 0.15029 
vt 0.14041 0.90649 
vt 0.14041 0.90649 
vt 0.18304 0.12928 
vt 0.16466 0.15505 
vt 0.17843 0.90649 
vt 0.23148 0.90649 
vt 0.17843 0.90649 
vt 0.17335 0.14128 
vt 0.17335 0.14128 
vt 0.18304 0.12928 
vt 0.17796 0.32143 
vt 0.15681 0.90649 
vt 0.15681 0.90649 
vt 0.22688 0.90649 
vt 0.20834 0.10998 
vt 0.20834 0.10998 
vt 0.21596 0.10715 
vt 0.15266 0.90649 
vt 0.15266 0.90649 
vt 0.17796 0.32143 
vt 0.20457 0.11188 
vt 0.23804 0.90649 
vt 0.20457 0.11188 
vt 0.17542 0.31951 
vt 0.17542 0.31951 
vt 0.15502 0.17558 
vt 0.06354 0.90649 
vt 0.16202 0.15997 
vt 0.14953 0.19217 
vt 0.15502 0.17558 
vt 0.33186 0.90649 
vt 0.08594 0.90649 
vt 0.14808 0.19787 
vt 0.16202 0.15997 
vt 0.15953 0.16504 
vt 0.33875 0.90649 
vt 0.15502 0.17558 
vt 0.1572 0.17025 
vt 0.15953 0.16504 
vt 0.14808 0.19787 
vt 0.06354 0.90649 
vt 0.34559 0.90649 
vt 0.34332 0.90649 
vt 0.06707 0.90649 
vt 0.06707 0.90649 
vt 0.31817 0.90649 
vt 0.14953 0.19217 
vt 0.15953 0.16504 
vt 0.15301 0.18102 
vt 0.34104 0.90649 
vt 0.10367 0.90649 
vt 0.10367 0.90649 
vt 0.10789 0.90649 
vt 0.10789 0.90649 
vt 0.14953 0.19217 
vt 0.15301 0.18102 
vt 0.13637 0.90649 
vt 0.13637 0.90649 
vt 0.15118 0.18655 
vt 0.15301 0.18102 
vt 0.15118 0.18655 
vt 0.25367 0.10708 
vt 0.18996 0.12242 
vt 0.14854 0.90649 
vt 0.14854 0.90649 
vt 0.21174 0.90649 
vt 0.24099 0.10599 
vt 0.19715 0.11659 
vt 0.17648 0.13707 
vt 0.24736 0.10646 
vt 0.14446 0.90649 
vt 0.19222 0.90649 
vt 0.18646 0.12573 
vt 0.17971 0.13306 
vt 0.51814 0.90649 
vt 0.28882 0.90649 
vt 0.28882 0.90649 
vt 0.01186 0.95957 
vt 0.29074 0.90649 
vt 0.29666 0.90649 
vt 0.25369 0.90649 
vt 0.25369 0.90649 
vt 0.29074 0.90649 
vt 0.25575 0.90649 
vt 0.25575 0.90649 
vt 0.30929 0.90649 
vt 0.26456 0.90649 
vt 0.26456 0.90649 
vt 0.2987 0.90649 
vt 0.25149 0.90649 
vt 0.25149 0.90649 
vt 0.29466 0.90649 
vt 0.2746 0.90649 
vt 0.2746 0.90649 
vt 0.30929 0.90649 
vt 0.30929 0.90649 
vt 0.29466 0.90649 
vt 0.29466 0.90649 
vt 0.47303 0.33605 
vt 0.47303 0.33605 
vt 0.30498 0.90649 
vt 0.47211 0.32361 
vt 0.30498 0.90649 
vt 0.47211 0.32361 
vt 0.47303 0.33605 
vt 0.49368 0.90649 
vt 0.49836 0.90649 
vt 0.28694 0.90649 
vt 0.28694 0.90649 
vt 0.52335 0.90649 
vt 0.52924 0.90649 
vt 0.51304 0.90649 
vt 0.29268 0.90649 
vt 0.29268 0.90649 
vt 0.01776 0.95957 
vt 0.28328 0.90649 
vt 0.30713 0.90649 
vt 0.26291 0.90649 
vt 0.26291 0.90649 
vt 0.2851 0.90649 
vt 0.30286 0.90649 
vt 0.2595 0.90649 
vt 0.2595 0.90649 
vt 0.27973 0.90649 
vt 0.37135 0.15089 
vt 0.39729 0.90649 
vt 0.24107 0.90649 
vt 0.24107 0.90649 
vt 0.40657 0.90649 
vt 0.37135 0.15089 
vt 0.37135 0.15089 
vt 0.3761 0.1543 
vt 0.39844 0.17296 
vt 0.3761 0.1543 
vt 0.39844 0.17296 
vt 0.40262 0.177 
vt 0.41829 0.1941 
vt 0.41453 0.18969 
vt 0.41267 0.90649 
vt 0.40042 0.90649 
vt 0.40262 0.177 
vt 0.40262 0.177 
vt 0.19698 0.90649 
vt 0.39553 0.90649 
vt 0.20181 0.90649 
vt 0.20181 0.90649 
vt 0.40962 0.90649 
vt 0.38979 0.16519 
vt 0.22688 0.90649 
vt 0.22688 0.90649 
vt 0.38979 0.16519 
vt 0.39417 0.16902 
vt 0.24392 0.90649 
vt 0.41453 0.18969 
vt 0.24392 0.90649 
vt 0.39417 0.16902 
vt 0.38979 0.16519 
vt 0.39417 0.16902 
vt 0.19698 0.90649 
vt 0.27293 0.90649 
vt 0.27293 0.90649 
vt 0.27629 0.90649 
vt 0.27629 0.90649 
vt 0.25768 0.90649 
vt 0.25768 0.90649 
vt 0.30076 0.90649 
vt 0.41066 0.18536 
vt 0.23485 0.90649 
vt 0.28694 0.90649 
vt 0.24913 0.90649 
vt 0.24913 0.90649 
vt 0.23485 0.90649 
vt 0.29268 0.90649 
vt 0.23804 0.90649 
vt 0.23804 0.90649 
vt 0.28149 0.90649 
vt 0.30498 0.90649 
vt 0.26124 0.90649 
vt 0.26124 0.90649 
vt 0.16828 0.3127 
vt 0.25575 0.90649 
vt 0.23458 0.10567 
vt 0.17796 0.32143 
vt 0.17058 0.31514 
vt 0.16528 0.90649 
vt 0.16528 0.90649 
vt 0.16102 0.90649 
vt 0.22363 0.10568 
vt 0.16102 0.90649 
vt 0.26124 0.90649 
vt 0.22363 0.10568 
vt 0.27229 0.10979 
vt 0.21979 0.10624 
vt 0.27229 0.10979 
vt 0.21979 0.10624 
vt 0.2595 0.90649 
vt 0.16828 0.3127 
vt 0.23458 0.10567 
vt 0.26291 0.90649 
vt 0.16607 0.3101 
vt 0.27838 0.11098 
vt 0.16607 0.3101 
vt 0.22812 0.1055 
vt 0.32956 0.90649 
vt 0.32956 0.90649 
vt 0.22812 0.1055 
vt 0.27838 0.11098 
vt 0.36943 0.90649 
vt 0.18058 0.32318 
vt 0.27838 0.11098 
vt 0.31817 0.90649 
vt 0.25993 0.10784 
vt 0.31817 0.90649 
vt 0.33186 0.90649 
vt 0.25993 0.10784 
vt 0.33186 0.90649 
vt 0.18058 0.32318 
vt 0.37146 0.90649 
vt 0.18326 0.32474 
vt 0.22747 0.10549 
vt 0.26614 0.10875 
vt 0.22747 0.10549 
vt 0.29629 0.11535 
vt 0.3653 0.90649 
vt 0.18326 0.32474 
vt 0.31149 0.90649 
vt 0.31149 0.90649 
vt 0.26614 0.10875 
vt 0.26614 0.10875 
vt 0.22363 0.10568 
vt 0.34332 0.90649 
vt 0.34332 0.90649 
vt 0.50256 0.85341 
vt 0.50256 0.85341 
vt 0.15637 0.29469 
vt 0.29629 0.11535 
vt 0.29629 0.11535 
vt 0.3137 0.90649 
vt 0.36738 0.90649 
vt 0.3137 0.90649 
vt 0.278 0.90649 
vt 0.31593 0.90649 
vt 0.15175 0.28364 
vt 0.1619 0.30441 
vt 0.31593 0.90649 
vt 0.34559 0.90649 
vt 0.34559 0.90649 
vt 0.30213 0.11708 
vt 0.26623 0.90649 
vt 0.30213 0.11708 
vt 0.37736 0.90649 
vt 0.33646 0.90649 
vt 0.33646 0.90649 
vt 0.26796 0.90649 
vt 0.15472 0.29115 
vt 0.25369 0.90649 
vt 0.17296 0.31741 
vt 0.24099 0.10599 
vt 0.24099 0.10599 
vt 0.17296 0.31741 
vt 0.26456 0.90649 
vt 0.23458 0.10567 
vt 0.25149 0.90649 
vt 0.15812 0.29808 
vt 0.15812 0.29808 
vt 0.17058 0.31514 
vt 0.25768 0.90649 
vt 0.33875 0.90649 
vt 0.33875 0.90649 
vt 0.3632 0.90649 
vt 0.34785 0.90649 
vt 0.32727 0.90649 
vt 0.34104 0.90649 
vt 0.34104 0.90649 
vt 0.35674 0.90649 
vt 0.32043 0.90649 
vt 0.32043 0.90649 
vt 0.27229 0.10979 
vt 0.35233 0.90649 
vt 0.35892 0.90649 
vt 0.3227 0.90649 
vt 0.3227 0.90649 
vt 0.28149 0.90649 
vt 0.2851 0.90649 
vt 0.2851 0.90649 
vt 0.28328 0.90649 
vt 0.00006 0.95957 
vt 0.28149 0.90649 
vt 0.30286 0.90649 
vt 0.00595 0.95957 
vt 0.30286 0.90649 
vt 0.28328 0.90649 
vt 0.27973 0.90649 
vt 0.27973 0.90649 
vt 0.30713 0.90649 
vt 0.30713 0.90649 
vt 0.29038 0.11376 
vt 0.37927 0.90649 
vt 0.28441 0.1123 
vt 0.28441 0.1123 
vt 0.28441 0.1123 
vt 0.31924 0.12305 
vt 0.31924 0.12305 
vt 0.38667 0.90649 
vt 0.33416 0.90649 
vt 0.33416 0.90649 
vt 0.31924 0.12305 
vt 0.37345 0.90649 
vt 0.29038 0.11376 
vt 0.32481 0.12529 
vt 0.29038 0.11376 
vt 0.32481 0.12529 
vt 0.32481 0.12529 
vt 0.37542 0.90649 
vt 0.30076 0.90649 
vt 0.30076 0.90649 
vt 0.35455 0.90649 
vt 0.29666 0.90649 
vt 0.29666 0.90649 
vt 0.32727 0.90649 
vt 0.2987 0.90649 
vt 0.2987 0.90649 
vt 0.32498 0.90649 
vt 0.3501 0.90649 
vt 0.36107 0.90649 
vt 0.32498 0.90649 
vt 0.44154 0.90649 
vt 0.353 0.95957 
vt 0.43813 0.90649 
vt 0.43813 0.90649 
vt 0.44706 0.23776 
vt 0.43477 0.90649 
vt 0.43477 0.90649 
vt 0.44966 0.24302 
vt 0.46426 0.28178 
vt 0.44706 0.23776 
vt 0.46426 0.28178 
vt 0.41573 0.90649 
vt 0.43148 0.90649 
vt 0.43148 0.90649 
vt 0.3588 0.95957 
vt 0.44434 0.23259 
vt 0.44149 0.22749 
vt 0.46369 0.90649 
vt 0.39729 0.90649 
vt 0.39729 0.90649 
vt 0.41267 0.90649 
vt 0.41267 0.90649 
vt 0.45979 0.90649 
vt 0.46426 0.28178 
vt 0.44706 0.23776 
vt 0.44966 0.24302 
vt 0.39553 0.90649 
vt 0.39553 0.90649 
vt 0.42549 0.20321 
vt 0.46257 0.27604 
vt 0.42549 0.20321 
vt 0.41573 0.90649 
vt 0.4891 0.90649 
vt 0.44434 0.23259 
vt 0.44434 0.23259 
vt 0.44149 0.22749 
vt 0.48462 0.90649 
vt 0.46369 0.90649 
vt 0.46369 0.90649 
vt 0.44503 0.90649 
vt 0.44503 0.90649 
vt 0.04701 0.95957 
vt 0.34719 0.95957 
vt 0.42506 0.90649 
vt 0.42825 0.90649 
vt 0.42506 0.90649 
vt 0.45979 0.90649 
vt 0.45979 0.90649 
vt 0.46769 0.90649 
vt 0.46769 0.90649 
vt 0.42825 0.90649 
vt 0.41881 0.90649 
vt 0.41881 0.90649 
vt 0.33557 0.95957 
vt 0.32975 0.95957 
vt 0.44154 0.90649 
vt 0.3704 0.95957 
vt 0.3646 0.95957 
vt 0.45214 0.24835 
vt 0.45214 0.24835 
vt 0.45214 0.24835 
vt 0.4658 0.28758 
vt 0.38846 0.90649 
vt 0.38846 0.90649 
vt 0.45879 0.26476 
vt 0.45225 0.90649 
vt 0.4658 0.28758 
vt 0.45879 0.26476 
vt 0.4658 0.28758 
vt 0.46961 0.30535 
vt 0.47177 0.90649 
vt 0.40042 0.90649 
vt 0.40042 0.90649 
vt 0.45448 0.25375 
vt 0.45448 0.25375 
vt 0.44503 0.90649 
vt 0.46721 0.29344 
vt 0.46769 0.90649 
vt 0.45448 0.25375 
vt 0.46721 0.29344 
vt 0.16679 0.95957 
vt 0.42825 0.90649 
vt 0.17951 0.95957 
vt 0.36943 0.90649 
vt 0.36943 0.90649 
vt 0.17317 0.95957 
vt 0.36738 0.90649 
vt 0.36738 0.90649 
vt 0.37927 0.90649 
vt 0.37927 0.90649 
vt 0.3653 0.90649 
vt 0.3653 0.90649 
vt 0.16036 0.95957 
vt 0.37736 0.90649 
vt 0.37736 0.90649 
vt 0.42506 0.90649 
vt 0.40962 0.90649 
vt 0.40962 0.90649 
vt 0.43224 0.21267 
vt 0.50315 0.90649 
vt 0.42195 0.19861 
vt 0.48024 0.90649 
vt 0.42195 0.19861 
vt 0.42549 0.20321 
vt 0.43852 0.22247 
vt 0.43852 0.22247 
vt 0.43852 0.22247 
vt 0.47596 0.90649 
vt 0.43544 0.21753 
vt 0.43544 0.21753 
vt 0.43544 0.21753 
vt 0.42195 0.19861 
vt 0.47265 0.3298 
vt 0.43477 0.90649 
vt 0.47326 0.34234 
vt 0.47326 0.34234 
vt 0.47326 0.34234 
vt 0.50804 0.90649 
vt 0.40657 0.90649 
vt 0.40657 0.90649 
vt 0.43224 0.21267 
vt 0.45597 0.90649 
vt 0.47059 0.31138 
vt 0.47142 0.31747 
vt 0.47142 0.31747 
vt 0.46075 0.27037 
vt 0.46075 0.27037 
vt 0.47265 0.3298 
vt 0.47265 0.3298 
vt 0.43813 0.90649 
vt 0.47059 0.31138 
vt 0.39377 0.90649 
vt 0.47211 0.32361 
vt 0.38116 0.90649 
vt 0.47059 0.31138 
vt 0.38116 0.90649 
vt 0.47211 0.32361 
vt 0.46257 0.27604 
vt 0.4035 0.90649 
vt 0.46848 0.29937 
vt 0.46961 0.30535 
vt 0.4486 0.90649 
vt 0.45879 0.26476 
vt 0.4035 0.90649 
vt 0.39201 0.90649 
vt 0.46961 0.30535 
vt 0.39377 0.90649 
vt 0.46848 0.29937 
vt 0.4567 0.25922 
vt 0.46848 0.29937 
vt 0.4567 0.25922 
vt 0.46075 0.27037 
vt 0.43148 0.90649 
vt 0.39201 0.90649 
vt 0.47142 0.31747 
vt 0.39024 0.90649 
vt 0.39024 0.90649 
vt 0.35658 0.14131 
vt 0.33571 0.13015 
vt 0.33571 0.13015 
vt 0.33571 0.13015 
vt 0.35658 0.14131 
vt 0.39201 0.90649 
vt 0.21683 0.90649 
vt 0.38076 0.15782 
vt 0.38076 0.15782 
vt 0.38076 0.15782 
vt 0.35658 0.14131 
vt 0.21683 0.90649 
vt 0.38846 0.90649 
vt 0.19222 0.90649 
vt 0.19222 0.90649 
vt 0.38532 0.16145 
vt 0.41573 0.90649 
vt 0.38532 0.16145 
vt 0.38532 0.16145 
vt 0.10144 0.95957 
vt 0.4035 0.90649 
vt 0.52335 0.90649 
vt 0.52335 0.90649 
vt 0.09125 0.95957 
vt 0.01776 0.95957 
vt 0.51814 0.90649 
vt 0.51814 0.90649 
vt 0.10637 0.95957 
vt 0.49368 0.90649 
vt 0.49368 0.90649 
vt 0.51304 0.90649 
vt 0.51304 0.90649 
vt 0.12044 0.95957 
vt 0.09639 0.95957 
vt 0.41829 0.1941 
vt 0.40669 0.18113 
vt 0.41829 0.1941 
vt 0.41066 0.18536 
vt 0.23148 0.90649 
vt 0.23148 0.90649 
vt 0.24661 0.90649 
vt 0.28882 0.90649 
vt 0.41066 0.18536 
vt 0.40669 0.18113 
vt 0.24661 0.90649 
vt 0.29074 0.90649 
vt 0.40669 0.18113 
vt 0.34105 0.13276 
vt 0.34631 0.13549 
vt 0.3079 0.11894 
vt 0.20673 0.90649 
vt 0.20673 0.90649 
vt 0.34631 0.13549 
vt 0.38302 0.90649 
vt 0.34105 0.13276 
vt 0.31361 0.12093 
vt 0.34631 0.13549 
vt 0.21174 0.90649 
vt 0.21174 0.90649 
vt 0.38485 0.90649 
vt 0.3079 0.11894 
vt 0.3079 0.11894 
vt 0.36159 0.14439 
vt 0.36159 0.14439 
vt 0.39377 0.90649 
vt 0.38116 0.90649 
vt 0.31361 0.12093 
vt 0.31361 0.12093 
vt 0.36651 0.14758 
vt 0.36651 0.14758 
vt 0.36651 0.14758 
vt 0.36159 0.14439 
vt 0.34105 0.13276 
vt 0.3303 0.12766 
vt 0.222 0.90649 
vt 0.222 0.90649 
vt 0.35148 0.13834 
vt 0.35148 0.13834 
vt 0.39024 0.90649 
vt 0.18755 0.90649 
vt 0.3303 0.12766 
vt 0.18755 0.90649 
vt 0.08065 0.95957 
vt 0.49836 0.90649 
vt 0.49836 0.90649 
vt 0.47596 0.90649 
vt 0.47596 0.90649 
vt 0.45597 0.90649 
vt 0.52924 0.90649 
vt 0.52924 0.90649 
vt 0.086 0.95957 
vt 0.07522 0.95957 
vt 0.50315 0.90649 
vt 0.50315 0.90649 
vt 0.06971 0.95957 
vt 0.45597 0.90649 
vt 0.4486 0.90649 
vt 0.4486 0.90649 
vt 0.03539 0.95957 
vt 0.47177 0.90649 
vt 0.02365 0.95957 
vt 0.47177 0.90649 
vt 0.04122 0.95957 
vt 0.45225 0.90649 
vt 0.45225 0.90649 
vt 0.02953 0.95957 
vt 0.11118 0.95957 
vt 0.01186 0.95957 
vt 0.01186 0.95957 
vt 0.1249 0.95957 
vt 0.01776 0.95957 
vt 0.00595 0.95957 
vt 0.00595 0.95957 
vt 0.4891 0.90649 
vt 0.05848 0.95957 
vt 0.05277 0.95957 
vt 0.35455 0.90649 
vt 0.35455 0.90649 
vt 0.53513 0.90649 
vt 0.00006 0.95957 
vt 0.11587 0.95957 
vt 0.48024 0.90649 
vt 0.48024 0.90649 
vt 0.4891 0.90649 
vt 0.50804 0.90649 
vt 0.50804 0.90649 
vt 0.06413 0.95957 
vt 0.48462 0.90649 
vt 0.48462 0.90649 
vt 0.277 0.95957 
vt 0.277 0.95957 
vt 0.25917 0.95957 
vt 0.25917 0.95957 
vt 0.30055 0.95957 
vt 0.277 0.95957 
vt 0.16036 0.95957 
vt 0.37621 0.95957 
vt 0.39945 0.95957 
vt 0.24117 0.95957 
vt 0.24117 0.95957 
vt 0.27107 0.95957 
vt 0.27107 0.95957 
vt 0.40527 0.95957 
vt 0.38201 0.95957 
vt 0.16679 0.95957 
vt 0.16679 0.95957 
vt 0.3181 0.95957 
vt 0.25917 0.95957 
vt 0.16036 0.95957 
vt 0.2888 0.95957 
vt 0.26513 0.95957 
vt 0.21686 0.95957 
vt 0.21686 0.95957 
vt 0.2888 0.95957 
vt 0.2888 0.95957 
vt 0.3181 0.95957 
vt 0.3181 0.95957 
vt 0.42866 0.95957 
vt 0.41694 0.95957 
vt 0.23513 0.95957 
vt 0.23513 0.95957 
vt 0.4111 0.95957 
vt 0.4228 0.95957 
vt 0.44042 0.95957 
vt 0.24719 0.95957 
vt 0.24719 0.95957 
vt 0.25319 0.95957 
vt 0.25319 0.95957 
vt 0.17951 0.95957 
vt 0.29468 0.95957 
vt 0.17951 0.95957 
vt 0.24117 0.95957 
vt 0.17317 0.95957 
vt 0.17317 0.95957 
vt 0.27107 0.95957 
vt 0.14941 0.95957 
vt 0.14941 0.95957 
vt 0.25319 0.95957 
vt 0.14553 0.95957 
vt 0.23513 0.95957 
vt 0.06971 0.95957 
vt 0.12044 0.95957 
vt 0.12044 0.95957 
vt 0.06971 0.95957 
vt 0.11587 0.95957 
vt 0.19833 0.95957 
vt 0.07522 0.95957 
vt 0.07522 0.95957 
vt 0.1249 0.95957 
vt 0.1249 0.95957 
vt 0.08065 0.95957 
vt 0.09125 0.95957 
vt 0.086 0.95957 
vt 0.086 0.95957 
vt 0.09639 0.95957 
vt 0.09639 0.95957 
vt 0.42192 0.90649 
vt 0.42192 0.90649 
vt 0.34138 0.95957 
vt 0.30641 0.95957 
vt 0.28291 0.95957 
vt 0.32393 0.95957 
vt 0.31226 0.95957 
vt 0.21686 0.95957 
vt 0.14553 0.95957 
vt 0.1539 0.95957 
vt 0.1539 0.95957 
vt 0.24719 0.95957 
vt 0.22906 0.95957 
vt 0.12923 0.95957 
vt 0.12923 0.95957 
vt 0.15326 0.95957 
vt 0.21071 0.95957 
vt 0.15326 0.95957 
vt 0.13345 0.95957 
vt 0.13345 0.95957 
vt 0.1539 0.95957 
vt 0.36107 0.90649 
vt 0.36107 0.90649 
vt 0.35233 0.90649 
vt 0.35892 0.90649 
vt 0.35892 0.90649 
vt 0.15326 0.95957 
vt 0.35233 0.90649 
vt 0.35674 0.90649 
vt 0.35674 0.90649 
vt 0.14941 0.95957 
vt 0.37146 0.90649 
vt 0.37146 0.90649 
vt 0.14553 0.95957 
vt 0.45819 0.95957 
vt 0.353 0.95957 
vt 0.48216 0.95957 
vt 0.3704 0.95957 
vt 0.3704 0.95957 
vt 0.3646 0.95957 
vt 0.3646 0.95957 
vt 0.47013 0.95957 
vt 0.353 0.95957 
vt 0.38302 0.90649 
vt 0.38302 0.90649 
vt 0.37542 0.90649 
vt 0.42192 0.90649 
vt 0.37542 0.90649 
vt 0.38667 0.90649 
vt 0.38667 0.90649 
vt 0.41881 0.90649 
vt 0.37345 0.90649 
vt 0.42892 0.2079 
vt 0.43224 0.21267 
vt 0.38485 0.90649 
vt 0.38485 0.90649 
vt 0.37345 0.90649 
vt 0.44154 0.90649 
vt 0.3632 0.90649 
vt 0.3501 0.90649 
vt 0.3501 0.90649 
vt 0.14159 0.95957 
vt 0.42892 0.2079 
vt 0.13757 0.95957 
vt 0.13345 0.95957 
vt 0.34785 0.90649 
vt 0.34785 0.90649 
vt 0.3632 0.90649 
vt 0.12923 0.95957 
vt 0.32975 0.95957 
vt 0.32975 0.95957 
vt 0.47613 0.95957 
vt 0.33557 0.95957 
vt 0.33557 0.95957 
vt 0.39363 0.95957 
vt 0.50656 0.95957 
vt 0.34138 0.95957 
vt 0.34138 0.95957 
vt 0.48822 0.95957 
vt 0.34719 0.95957 
vt 0.34719 0.95957 
vt 0.4943 0.95957 
vt 0.29468 0.95957 
vt 0.29468 0.95957 
vt 0.28291 0.95957 
vt 0.28291 0.95957 
vt 0.30055 0.95957 
vt 0.30055 0.95957 
vt 0.26513 0.95957 
vt 0.26513 0.95957 
vt 0.38782 0.95957 
vt 0.45225 0.95957 
vt 0.43453 0.95957 
vt 0.30641 0.95957 
vt 0.46415 0.95957 
vt 0.3588 0.95957 
vt 0.3588 0.95957 
vt 0.44633 0.95957 
vt 0.51896 0.95957 
vt 0.50042 0.95957 
vt 0.53151 0.95957 
vt 0.30641 0.95957 
vt 0.31226 0.95957 
vt 0.31226 0.95957 
vt 0.32393 0.95957 
vt 0.32393 0.95957 
vt 0.51274 0.95957 
vt 0.51896 0.95957 
vt 0.51274 0.95957 
vt 0.51274 0.95957 
vt 0.53151 0.95957 
vt 0.53151 0.95957 
vt 0.20454 0.95957 
vt 0.20454 0.95957 
vt 0.19833 0.95957 
vt 0.52521 0.95957 
vt 0.19833 0.95957 
vt 0.52521 0.95957 
vt 0.42866 0.95957 
vt 0.42866 0.95957 
vt 0.4228 0.95957 
vt 0.4228 0.95957 
vt 0.44042 0.95957 
vt 0.45225 0.95957 
vt 0.45225 0.95957 
vt 0.44042 0.95957 
vt 0.43453 0.95957 
vt 0.43453 0.95957 
vt 0.44633 0.95957 
vt 0.21071 0.95957 
vt 0.48822 0.95957 
vt 0.48822 0.95957 
vt 0.21071 0.95957 
vt 0.22906 0.95957 
vt 0.22906 0.95957 
vt 0.50656 0.95957 
vt 0.50656 0.95957 
vt 0.50042 0.95957 
vt 0.19209 0.95957 
vt 0.19209 0.95957 
vt 0.22297 0.95957 
vt 0.22297 0.95957 
vt 0.50042 0.95957 
vt 0.18582 0.95957 
vt 0.18582 0.95957 
vt 0.51896 0.95957 
vt 0.10144 0.95957 
vt 0.10144 0.95957 
vt 0.10637 0.95957 
vt 0.10637 0.95957 
vt 0.08065 0.95957 
vt 0.04701 0.95957 
vt 0.04701 0.95957 
vt 0.05277 0.95957 
vt 0.05277 0.95957 
vt 0.06413 0.95957 
vt 0.06413 0.95957 
vt 0.14159 0.95957 
vt 0.14159 0.95957 
vt 0.19209 0.95957 
vt 0.13757 0.95957 
vt 0.13757 0.95957 
vt 0.04122 0.95957 
vt 0.04122 0.95957 
vt 0.52521 0.95957 
vt 0.22297 0.95957 
vt 0.20454 0.95957 
vt 0.11118 0.95957 
vt 0.11118 0.95957 
vt 0.11587 0.95957 
vt 0.18582 0.95957 
vt 0.09125 0.95957 
vt 0.05848 0.95957 
vt 0.05848 0.95957 
vt 0.02365 0.95957 
vt 0.02365 0.95957 
vt 0.03539 0.95957 
vt 0.03539 0.95957 
vt 0.02953 0.95957 
vt 0.02953 0.95957 
vt 0.38782 0.95957 
vt 0.38782 0.95957 
vt 0.37621 0.95957 
vt 0.37621 0.95957 
vt 0.39363 0.95957 
vt 0.39363 0.95957 
vt 0.38201 0.95957 
vt 0.38201 0.95957 
vt 0.46415 0.95957 
vt 0.46415 0.95957 
vt 0.44633 0.95957 
vt 0.45819 0.95957 
vt 0.45819 0.95957 
vt 0.47013 0.95957 
vt 0.47013 0.95957 
vt 0.40527 0.95957 
vt 0.40527 0.95957 
vt 0.39945 0.95957 
vt 0.39945 0.95957 
vt 0.41694 0.95957 
vt 0.41694 0.95957 
vt 0.4111 0.95957 
vt 0.4111 0.95957 
vt 0.48216 0.95957 
vt 0.48216 0.95957 
vt 0.47613 0.95957 
vt 0.47613 0.95957 
vt 0.4943 0.95957 
vt 0.4943 0.95957 

# Vertex Surface Normals:
vn 0 0 -1
vn 0 0 -1
vn 0 0 -1
vn 0 0 -1
vn 0 0 -1
vn 0 0 -1
vn 0 0 -1
vn 0 0 -1
vn 0 0 -1
vn 0 0 -1
vn 0 0 -1
vn 0 0 -1
vn 0 0 -1
vn 0 0 -1
vn 0 0 -1
vn 0.94692 0.32146 0
vn 0.94692 0.32146 0
vn 0.95519 0.29598 0
vn 0 0 -1
vn 0 0 -1
vn 0.95519 0.29598 0
vn 0.96281 0.27017 0
vn 0 0 -1
vn 0 0 -1
vn 0 0 -1
vn 0.9285 0.37133 0
vn 0.9285 0.37133 0
vn 0.93802 0.34658 0
vn 0.93802 0.34658 0
vn 0 0 -1
vn 0 0 -1
vn 0.99962 0.02751 0
vn 0.99962 0.02751 0
vn 0 0 -1
vn 0.99849 0.05502 0
vn 0 0 -1
vn 0.99849 0.05502 0
vn 0 0 -1
vn 0 0 -1
vn 1 0.00072 0
vn 0 0 -1
vn 0.97602 0.21766 0
vn 0.97602 0.21766 0
vn 0 0 -1
vn 0 0 -1
vn 0 0 -1
vn 0 0 -1
vn 0 0 -1
vn 0.96281 0.27017 0
vn 0 0 -1
vn 0 0 -1
vn 0.98644 0.16413 0
vn 0.96976 0.24406 0
vn 0 0 -1
vn 0.96976 0.24406 0
vn 0 0 -1
vn 0 0 -1
vn 0.98159 0.19101 0
vn 0.98159 0.19101 0
vn 0 0 -1
vn 0 0 -1
vn 0.74112 0.67137 0
vn 0.74112 0.67137 0
vn 0 0 -1
vn 0 0 -1
vn 0 0 -1
vn 0 0 -1
vn 0.75731 0.65305 0
vn 0 0 -1
vn 0 0 -1
vn 0 0 -1
vn 0.70769 0.70653 0
vn 0.70769 0.70653 0
vn 0 0 -1
vn 0 0 -1
vn 0 0 -1
vn 0.72457 0.6892 0
vn 0 0 -1
vn 0 0 -1
vn 0.72457 0.6892 0
vn 0 0 -1
vn 0 0 -1
vn 0.84623 0.53282 0
vn 0.84623 0.53282 0
vn 0 0 -1
vn 0.90769 0.41964 0
vn 0.89644 0.44317 0
vn 0 0 -1
vn 0.89644 0.44317 0
vn 0.90769 0.41964 0
vn 0 0 -1
vn 0.91838 0.39569 0
vn 0.91838 0.39569 0
vn 0 0 -1
vn 0 0 -1
vn 0 0 -1
vn 0 0 -1
vn 0.88465 0.46626 0
vn 0 0 -1
vn 0 0 -1
vn 0.88465 0.46626 0
vn 0 0 -1
vn 0.99056 0.13706 0
vn 0.99056 0.13706 0
vn 0 0 -1
vn 0 0 -1
vn 0.98644 0.16413 0
vn 0 0 -1
vn 0 0 -1
vn 0.99659 0.08247 0
vn 0 0 -1
vn 0 0 -1
vn 0 0 -1
vn 0.99659 0.08247 0
vn 0 0 -1
vn 0 0 -1
vn 0 0 -1
vn 0.99395 0.10983 0
vn 0.99395 0.10983 0
vn 0 0 -1
vn 0 0 -1
vn 0.78858 0.61493 0
vn 0 0 -1
vn 0.78858 0.61493 0
vn 0.80363 0.59513 0
vn 0 0 -1
vn 0.80363 0.59513 0
vn 0 0 -1
vn 0 0 -1
vn 0 0 -1
vn 0.75731 0.65305 0
vn 0 0 -1
vn 0 0 -1
vn 0 0 -1
vn 0 0 -1
vn 0.77314 0.63424 0
vn 0 0 -1
vn 0.77314 0.63424 0
vn 0.63697 0.77089 0
vn 0.63697 0.77089 0
vn 0 0 -1
vn 0.61856 0.78574 0
vn 0 0 -1
vn 0.61856 0.78574 0
vn 0 0 -1
vn 0 0 -1
vn 0 0 -1
vn 0 0 -1
vn 0.67294 0.7397 0
vn 0.69047 0.72336 0
vn 0.67294 0.7397 0
vn 0.69047 0.72336 0
vn 0 0 -1
vn 0 0 -1
vn 0.6551 0.75554 0
vn 0.6551 0.75554 0
vn 0 0 -1
vn 0 0 -1
vn 0 0 -1
vn 0 0 -1
vn 0 0 -1
vn 0.46213 0.88681 0
vn 0 0 -1
vn 0 0 -1
vn 0 0 -1
vn 0 0 -1
vn 0 0 -1
vn 0 0 -1
vn 0 0 -1
vn 0.44156 0.89723 0
vn 0 0 -1
vn 0.44156 0.89723 0
vn 0 0 -1
vn 0.50264 0.8645 0
vn 0.50264 0.8645 0
vn 0.99659 0.08247 0
vn 0 0 -1
vn 0 0 -1
vn 0 0 -1
vn 0 0 -1
vn 0 0 -1
vn 0.48249 0.8759 0
vn 0 0 -1
vn 0 0 -1
vn 0.99849 0.05502 0
vn 0.48249 0.8759 0
vn 0 0 -1
vn 0 0 -1
vn 0 0 -1
vn 0.54226 0.84021 0
vn 0.52256 0.8526 0
vn 0 0 -1
vn 0.52256 0.8526 0
vn 0 0 -1
vn 0.85952 0.5111 0
vn 0.85952 0.5111 0
vn 0 0 -1
vn 0 0 -1
vn 0 0 -1
vn 0 0 -1
vn 0.87233 0.48891 0
vn 0 0 -1
vn 0 0 -1
vn 0 0 -1
vn 0 0 -1
vn 0.87233 0.48891 0
vn 0 0 -1
vn 0.81827 0.57484 0
vn 0.81827 0.57484 0
vn 0 0 -1
vn 0 0 -1
vn 0 0 -1
vn 0 0 -1
vn 0 0 -1
vn 0.83247 0.55407 0
vn 0 0 -1
vn 0 0 -1
vn 0 0 -1
vn 0 0 -1
vn 0 0 -1
vn 0 0 -1
vn 0.83247 0.55407 0
vn 0.46213 0.88681 0
vn 0.56171 0.82733 0
vn 0 0 -1
vn 0 0 -1
vn 0 0 -1
vn 0 0 -1
vn 0.54226 0.84021 0
vn 0.99056 0.13706 0
vn 0.37868 0.92553 0
vn 0.99962 0.02751 0
vn 0 0 -1
vn 0 0 -1
vn 0 0 -1
vn 0 0 -1
vn 0 0 -1
vn 0 0 -1
vn 0 0 -1
vn 0.37868 0.92553 0
vn 0 0 -1
vn 0.99395 0.10983 0
vn 0 0 -1
vn 0 0 -1
vn 1 0.00072 0
vn 0 0 -1
vn 0 0 -1
vn 0 0 -1
vn 0 0 -1
vn 0 0 -1
vn 0.35736 0.93397 0
vn 0.35736 0.93397 0
vn 0 0 -1
vn 0 0 -1
vn 0 0 -1
vn 0.98159 0.19101 0
vn 0 0 -1
vn 0 0 -1
vn 0.42079 0.90716 0
vn 0.42079 0.90716 0
vn 0.39983 0.91659 0
vn 0.98644 0.16413 0
vn 0 0 -1
vn 0 0 -1
vn 0 0 -1
vn 0 0 -1
vn 0 0 -1
vn 0 0 -1
vn 0.39983 0.91659 0
vn 0.06833 0.99766 0
vn 0 0 -1
vn 0 0 -1
vn 0 0 -1
vn 0 0 -1
vn 0 0 -1
vn 0.06833 0.99766 0
vn 0.88465 0.46626 0
vn 0 0 -1
vn 0.159 0.98728 0
vn 0.159 0.98728 0
vn 0 0 -1
vn 0 0 -1
vn 0 0 -1
vn 0 0 -1
vn 0 0 -1
vn 0 0 -1
vn 0.1815 0.98339 0
vn 0 0 -1
vn 0 0 -1
vn 0.13642 0.99065 0
vn 0.13642 0.99065 0
vn 0 0 -1
vn 0.90769 0.41964 0
vn 0.11377 0.99351 0
vn 0 0 -1
vn 0 0 -1
vn 0 0 -1
vn 0 0 -1
vn 0 0 -1
vn 0 0 -1
vn 0.89644 0.44317 0
vn 0 0 -1
vn 0 0 -1
vn 0.22622 0.97408 0
vn 0 0 -1
vn 0.1815 0.98339 0
vn 0 0 -1
vn 0 0 -1
vn 0.22622 0.97408 0
vn 0.9285 0.37133 0
vn 0 0 -1
vn 0 0 -1
vn 0.20391 0.97899 0
vn 0 0 -1
vn 0 0 -1
vn 0.91838 0.39569 0
vn 0 0 -1
vn 0 0 -1
vn 0 0 -1
vn 0 0 -1
vn 0 0 -1
vn 0 0 -1
vn 0.20391 0.97899 0
vn 0 0 -1
vn 0 0 -1
vn 0.94692 0.32146 0
vn 0 0 -1
vn 0.27049 0.96272 0
vn 0.27049 0.96272 0
vn 0 0 -1
vn 0 0 -1
vn 0 0 -1
vn 0.09107 0.99584 0
vn 0.11377 0.99351 0
vn 0.09107 0.99584 0
vn 0.93802 0.34658 0
vn 0.24841 0.96865 0
vn 0 0 -1
vn 0 0 -1
vn 0 0 -1
vn 0.24841 0.96865 0
vn 0 0 -1
vn 0.56171 0.82733 0
vn 0 0 -1
vn 0 0 -1
vn 0 0 -1
vn 0 0 -1
vn 0 0 -1
vn 0 0 -1
vn 0 0 -1
vn 0 0 -1
vn 0 0 -1
vn 0 0 -1
vn 0.59987 0.8001 0
vn 0.59987 0.8001 0
vn 0 0 -1
vn 0 0 -1
vn 0.58092 0.81396 0
vn 0 0 -1
vn 0 0 -1
vn 0.58092 0.81396 0
vn 0 0 -1
vn 0 0 -1
vn 0 0 -1
vn 0 0 -1
vn 0.84623 0.53282 0
vn 0 0 -1
vn 0 0 -1
vn -0.02293 0.99974 0
vn -0.02293 0.99974 0
vn 0 0 -1
vn 0.04556 0.99896 0
vn 0 0 -1
vn 0.83247 0.55407 0
vn 0 0 -1
vn 0 0 -1
vn 0 0 -1
vn 0.02278 0.99974 0
vn 0.04556 0.99896 0
vn 0.87233 0.48891 0
vn 0 0 -1
vn 0 0 -1
vn 0 0 -1
vn 0 0 -1
vn 0.85952 0.5111 0
vn 0 0 -1
vn 0 0 -1
vn 0 0 -1
vn 0 0 -1
vn 0.02278 0.99974 0
vn 0.6551 0.75554 0
vn 0 0 -1
vn 0 0 -1
vn -0.28774 0.95771 0
vn -0.28774 0.95771 0
vn 0 0 -1
vn 0.63697 0.77089 0
vn 0.70769 0.70653 0
vn 0 0 -1
vn -0.22423 0.97454 0
vn -0.22423 0.97454 0
vn 0 0 -1
vn 0 0 -1
vn 0 0 -1
vn 0 0 -1
vn 0 0 -1
vn 0 0 -1
vn -0.24565 0.96936 0
vn -0.24565 0.96936 0
vn 0 0 -1
vn 0.69047 0.72336 0
vn 0 0 -1
vn 0.67294 0.7397 0
vn 0 0 -1
vn -0.18068 0.98354 0
vn -0.18068 0.98354 0
vn 0 0 -1
vn 0 0 -1
vn 0.72457 0.6892 0
vn -0.20256 0.97927 0
vn -0.20256 0.97927 0
vn -0.13633 0.99066 0
vn -0.13633 0.99066 0
vn 0 0 -1
vn 0 0 -1
vn 0 0 -1
vn 0 0 -1
vn 0.75731 0.65305 0
vn 0 0 -1
vn 0 0 -1
vn 0 0 -1
vn 0 0 -1
vn 0 0 -1
vn -0.1586 0.98734 0
vn -0.1586 0.98734 0
vn 0 0 -1
vn 0.96281 0.27017 0
vn 0 0 -1
vn 0 0 -1
vn 0 0 -1
vn 0 0 -1
vn 0.31423 0.94935 0
vn 0 0 -1
vn 0.31423 0.94935 0
vn 0.95519 0.29598 0
vn 0 0 -1
vn 0 0 -1
vn 0 0 -1
vn 0 0 -1
vn 0 0 -1
vn 0 0 -1
vn 0 0 -1
vn 0 0 -1
vn 0.29243 0.95629 0
vn 0.29243 0.95629 0
vn 0.97602 0.21766 0
vn 0 0 -1
vn 0 0 -1
vn 0 0 -1
vn 0 0 -1
vn 0 0 -1
vn 0 0 -1
vn 0.96976 0.24406 0
vn 0.74112 0.67137 0
vn 0.33588 0.94191 0
vn 0.33588 0.94191 0
vn 0 0 -1
vn 0 0 -1
vn 0.58092 0.81396 0
vn 0 0 -1
vn 0.56171 0.82733 0
vn 0 0 -1
vn 0 0 -1
vn 0 0 -1
vn -0.30838 0.95126 0
vn -0.30838 0.95126 0
vn 0.61856 0.78574 0
vn 0 0 -1
vn 0 0 -1
vn -0.32873 0.94442 0
vn -0.32873 0.94442 0
vn 0 0 -1
vn 0.59987 0.8001 0
vn -0.26683 0.96374 0
vn -0.26683 0.96374 0
vn 0.44156 0.89723 0
vn -0.5478 0.83661 0
vn 0 0 -1
vn 0.42079 0.90716 0
vn 0 0 -1
vn -0.4976 0.86741 0
vn -0.4976 0.86741 0
vn 0 0 -1
vn 0 0 -1
vn -0.51468 0.85738 0
vn -0.51468 0.85738 0
vn 0 0 -1
vn 0 0 -1
vn -0.46241 0.88667 0
vn -0.46241 0.88667 0
vn 0 0 -1
vn -0.48018 0.87717 0
vn 0 0 -1
vn 0 0 -1
vn 0 0 -1
vn -0.48018 0.87717 0
vn 0 0 -1
vn 1 0.00072 0
vn -0.42585 0.90479 0
vn -0.42585 0.90479 0
vn 0 0 -1
vn 0 0 -1
vn 0 0 -1
vn -0.38796 0.92168 0
vn 0 0 -1
vn -0.4443 0.89588 0
vn -0.4443 0.89588 0
vn -0.40707 0.9134 0
vn 0 0 -1
vn 0 0 -1
vn 0 0 -1
vn 0 0 -1
vn -0.38796 0.92168 0
vn 0 0 -1
vn 0 0 -1
vn 0 0 -1
vn 0 0 -1
vn 0 0 -1
vn 0.46213 0.88681 0
vn 0 0 -1
vn 0 0 -1
vn -0.40707 0.9134 0
vn 0 0 -1
vn 0 0 -1
vn -0.09133 0.99582 0
vn -0.04582 0.99895 0
vn -0.04582 0.99895 0
vn -0.1139 0.99349 0
vn 0.80363 0.59513 0
vn -0.1139 0.99349 0
vn 0 0 -1
vn 0 0 -1
vn 0 0 -1
vn -0.06862 0.99764 0
vn -0.06862 0.99764 0
vn 0.78858 0.61493 0
vn -0.09133 0.99582 0
vn 0.77314 0.63424 0
vn -0.00005 1 0
vn -0.00005 1 0
vn 0.81827 0.57484 0
vn 0 0 -1
vn 0 0 -1
vn 0 0 -1
vn 0.33588 0.94191 0
vn -0.57952 0.81496 0
vn 0 0 -1
vn 0 0 -1
vn -0.57952 0.81496 0
vn 0.35736 0.93397 0
vn -0.56383 0.82589 0
vn -0.56383 0.82589 0
vn 0 0 -1
vn 0 0 -1
vn 0 0 -1
vn 0 0 -1
vn -0.53141 0.84711 0
vn 0 0 -1
vn -0.53141 0.84711 0
vn 0.37868 0.92553 0
vn 0 0 -1
vn -0.5478 0.83661 0
vn 0 0 -1
vn 0 0 -1
vn 0.39983 0.91659 0
vn 0.09107 0.99584 0
vn -0.76385 0.6454 0
vn -0.76385 0.6454 0
vn -0.72969 0.68378 0
vn -0.72969 0.68378 0
vn 0 0 -1
vn -0.75277 0.65828 0
vn 0 0 -1
vn 0.11377 0.99351 0
vn 0 0 -1
vn -0.70535 0.70886 0
vn -0.70535 0.70886 0
vn 0 0 -1
vn 0.13642 0.99065 0
vn 0 0 -1
vn 0 0 -1
vn -0.74139 0.67108 0
vn -0.74139 0.67108 0
vn 0 0 -1
vn 0.159 0.98728 0
vn -0.6927 0.72122 0
vn -0.6927 0.72122 0
vn -0.71768 0.69637 0
vn -0.71768 0.69637 0
vn 0 0 -1
vn 0 0 -1
vn 0 0 -1
vn 0.1815 0.98339 0
vn 0 0 -1
vn 0 0 -1
vn 0 0 -1
vn -0.67973 0.73346 0
vn -0.67973 0.73346 0
vn 0 0 -1
vn 0.20391 0.97899 0
vn 0 0 -1
vn 0 0 -1
vn 0 0 -1
vn 0 0 -1
vn -0.66642 0.74557 0
vn -0.66642 0.74557 0
vn 0 0 -1
vn 0 0 -1
vn 0 0 -1
vn 0 0 -1
vn 0 0 -1
vn -0.65279 0.75754 0
vn -0.65279 0.75754 0
vn 0.22622 0.97408 0
vn -0.36853 0.92962 0
vn -0.36853 0.92962 0
vn 0 0 -1
vn 0 0 -1
vn 0 0 -1
vn 0.52256 0.8526 0
vn -0.34878 0.9372 0
vn 0 0 -1
vn 0 0 -1
vn 0 0 -1
vn 0 0 -1
vn 0.50264 0.8645 0
vn 0.48249 0.8759 0
vn 0.54226 0.84021 0
vn 0 0 -1
vn 0 0 -1
vn 0 0 -1
vn -0.34878 0.9372 0
vn 0 0 -1
vn 0 0 -1
vn -0.02293 0.99974 0
vn -0.77462 0.63242 0
vn 0 0 -1
vn 0 0 -1
vn 0 0 -1
vn 0 0 -1
vn -0.80518 0.59304 0
vn -0.80518 0.59304 0
vn 0.02278 0.99974 0
vn 0 0 -1
vn 0.04556 0.99896 0
vn -0.75277 0.65828 0
vn 0 0 -1
vn -0.77462 0.63242 0
vn 0 0 -1
vn -0.7851 0.61937 0
vn -0.7851 0.61937 0
vn 0.06833 0.99766 0
vn -0.9026 0.43048 0
vn 0 0 -1
vn 0 0 -1
vn -0.24565 0.96936 0
vn 0 0 -1
vn 0 0 -1
vn -0.22423 0.97454 0
vn 0 0 -1
vn 0 0 -1
vn -0.8959 0.44425 0
vn 0 0 -1
vn 0 0 -1
vn 0 0 -1
vn 0 0 -1
vn 0 0 -1
vn -0.88896 0.45798 0
vn 0 0 -1
vn -0.88896 0.45798 0
vn -0.20256 0.97927 0
vn -0.88177 0.47169 0
vn -0.88177 0.47169 0
vn 0 0 -1
vn -0.18068 0.98354 0
vn 0 0 -1
vn -0.87432 0.48536 0
vn -0.87432 0.48536 0
vn 0 0 -1
vn 0 0 -1
vn 0 0 -1
vn -0.13633 0.99066 0
vn -0.86661 0.49898 0
vn -0.86661 0.49898 0
vn -0.1586 0.98734 0
vn -0.85865 0.51257 0
vn -0.85865 0.51257 0
vn 0 0 -1
vn 0 0 -1
vn 0 0 -1
vn -0.8959 0.44425 0
vn -0.85042 0.52611 0
vn -0.85042 0.52611 0
vn -0.09133 0.99582 0
vn 0 0 -1
vn 0 0 -1
vn -0.63882 0.76936 0
vn 0.24841 0.96865 0
vn -0.63882 0.76936 0
vn -0.6245 0.78102 0
vn -0.6245 0.78102 0
vn 0.27049 0.96272 0
vn 0 0 -1
vn 0 0 -1
vn 0.29243 0.95629 0
vn -0.60985 0.79251 0
vn -0.60985 0.79251 0
vn 0 0 -1
vn 0 0 -1
vn 0.31423 0.94935 0
vn 0 0 -1
vn 0 0 -1
vn 0 0 -1
vn -0.59486 0.80383 0
vn -0.59486 0.80383 0
vn 0 0 -1
vn 0 0 -1
vn 0 0 -1
vn 0 0 -1
vn -0.32873 0.94442 0
vn 0 0 -1
vn 0.86481 -0.50211 0
vn -0.30838 0.95126 0
vn 0 0 -1
vn 0 0 -1
vn 0 0 -1
vn 0 0 -1
vn 0 0 -1
vn 0 0 -1
vn -0.28774 0.95771 0
vn 0 0 -1
vn -0.26683 0.96374 0
vn 0 0 -1
vn 0 0 -1
vn -0.9026 0.43048 0
vn 0 0 -1
vn 0 0 -1
vn -0.56383 0.82589 0
vn 0 0 -1
vn 0.82655 -0.56287 0
vn 0.82655 -0.56287 0
vn -0.60985 0.79251 0
vn 0.79259 -0.60976 0
vn 0.79259 -0.60976 0
vn -0.40614 -0.91381 0
vn 0 0 -1
vn 0.77448 -0.6326 0
vn 0.77448 -0.6326 0
vn -0.57952 0.81496 0
vn -0.5478 0.83661 0
vn 0.8424 -0.53885 0
vn 0.8424 -0.53885 0
vn 0 0 -1
vn -0.53141 0.84711 0
vn 0 0 -1
vn -0.46241 0.88667 0
vn -0.40614 -0.91381 0
vn -0.92974 0.36821 0
vn 0 0 -1
vn 0 0 -1
vn 0 0 -1
vn 0 0 -1
vn 0 0 -1
vn -0.4443 0.89588 0
vn -0.51468 0.85738 0
vn -0.42585 0.90479 0
vn -0.4976 0.86741 0
vn 0.85752 -0.51445 0
vn 0.85752 -0.51445 0
vn 0 0 -1
vn 0 0 -1
vn -0.84192 0.53961 0
vn -0.1139 0.99349 0
vn 0 0 -1
vn 0 0 -1
vn -0.84192 0.53961 0
vn 0 0 -1
vn 0 0 -1
vn 0 0 -1
vn -0.81478 0.57977 0
vn 0 0 -1
vn -0.83315 0.55305 0
vn 0 0 -1
vn 0 0 -1
vn -0.83315 0.55305 0
vn -0.04582 0.99895 0
vn -0.06862 0.99764 0
vn 0 0 -1
vn 0 0 -1
vn 0 0 -1
vn 0 0 -1
vn -0.79528 0.60624 0
vn -0.79528 0.60624 0
vn -0.8241 0.56644 0
vn -0.8241 0.56644 0
vn 0 0 -1
vn 0 0 -1
vn -0.00005 1 0
vn 0 0 -1
vn -0.81478 0.57977 0
vn 0.60107 -0.7992 0
vn 0.60107 -0.7992 0
vn 0.62565 -0.7801 0
vn 0.62565 -0.7801 0
vn -0.66642 0.74557 0
vn 0.64937 -0.76047 0
vn 0.64937 -0.76047 0
vn -0.59486 0.80383 0
vn 0.54923 -0.83567 0
vn 0.54923 -0.83567 0
vn -0.6245 0.78102 0
vn 0.67225 -0.74033 0
vn 0.67225 -0.74033 0
vn -0.63882 0.76936 0
vn -0.77462 0.63242 0
vn 0.5756 -0.81773 0
vn 0.52195 -0.85298 0
vn 0.52195 -0.85298 0
vn -0.80518 0.59304 0
vn 0.30412 -0.95263 0
vn 0 0 -1
vn 0 0 -1
vn -0.75277 0.65828 0
vn 0.43443 -0.90071 0
vn 0.43443 -0.90071 0
vn 0 0 -1
vn 0 0 -1
vn 0.5756 -0.81773 0
vn 0 0 -1
vn -0.7851 0.61937 0
vn 0 0 -1
vn 0.49373 -0.86962 0
vn 0 0 -1
vn 0.49373 -0.86962 0
vn -0.72969 0.68378 0
vn 0.40332 -0.91506 0
vn 0.40332 -0.91506 0
vn -0.76385 0.6454 0
vn 0 0 -1
vn -0.70535 0.70886 0
vn 0 0 -1
vn 0.30412 -0.95263 0
vn 0 0 -1
vn 0 0 -1
vn 0 0 -1
vn 0.46456 -0.88554 0
vn 0.46456 -0.88554 0
vn -0.74139 0.67108 0
vn -0.40707 0.9134 0
vn 0 0 -1
vn 0 0 -1
vn -0.92696 0.37516 0
vn -0.92696 0.37516 0
vn -0.38796 0.92168 0
vn -0.92123 0.38902 0
vn -0.92123 0.38902 0
vn -0.48018 0.87717 0
vn 0 0 -1
vn 0 0 -1
vn -0.36853 0.92962 0
vn -0.91526 0.40286 0
vn -0.91526 0.40286 0
vn 0 0 -1
vn 0 0 -1
vn -0.90905 0.41669 0
vn -0.34878 0.9372 0
vn 0 0 -1
vn -0.90905 0.41669 0
vn 0 0 -1
vn 0 0 -1
vn -0.81478 0.57977 0
vn 0 0 -1
vn -0.8241 0.56644 0
vn 0 0 -1
vn 0.19628 -0.98055 0
vn 0 0 -1
vn 0 0 -1
vn 0.00427 -0.99999 0
vn 0.00427 -0.99999 0
vn -0.79528 0.60624 0
vn 0 0 -1
vn 0 0 -1
vn 0 0 -1
vn 0.11995 -0.99278 0
vn -0.84192 0.53961 0
vn 0 0 -1
vn 0.23315 -0.97244 0
vn 0.11995 -0.99278 0
vn 0.23315 -0.97244 0
vn 0 0 -1
vn 0.19628 -0.98055 0
vn 0 0 -1
vn 0.04056 -0.99918 0
vn 0.04056 -0.99918 0
vn -0.09533 -0.99545 0
vn -0.8959 0.44425 0
vn 0 0 -1
vn 0 0 -1
vn 0 0 -1
vn -0.1193 -0.99286 0
vn -0.1193 -0.99286 0
vn -0.02371 -0.99972 0
vn 0 0 -1
vn 0 0 -1
vn 0 0 -1
vn 0 0 -1
vn -0.02371 -0.99972 0
vn 0 0 -1
vn 0 0 -1
vn -0.90905 0.41669 0
vn 0 0 -1
vn 0.0806 -0.99675 0
vn -0.91526 0.40286 0
vn 0.0806 -0.99675 0
vn 0 0 -1
vn 0 0 -1
vn -0.04752 -0.99887 0
vn -0.04752 -0.99887 0
vn -0.0714 -0.99745 0
vn -0.88896 0.45798 0
vn 0 0 -1
vn 0 0 -1
vn 0 0 -1
vn -0.86661 0.49898 0
vn 0 0 -1
vn -0.0714 -0.99745 0
vn -0.09533 -0.99545 0
vn 0 0 -1
vn 0 0 -1
vn -0.87432 0.48536 0
vn -0.9026 0.43048 0
vn 0 0 -1
vn 0 0 -1
vn 0 0 -1
vn 0 0 -1
vn -0.88177 0.47169 0
vn 0 0 -1
vn 0 0 -1
vn 0.69429 -0.71969 0
vn 0.69429 -0.71969 0
vn -0.67973 0.73346 0
vn -0.71768 0.69637 0
vn 0.71553 -0.69859 0
vn 0.71553 -0.69859 0
vn 0.80994 -0.58651 0
vn 0.80994 -0.58651 0
vn 0 0 -1
vn 0.73596 -0.67703 0
vn 0.73596 -0.67703 0
vn -0.65279 0.75754 0
vn -0.6927 0.72122 0
vn 0.75561 -0.65503 0
vn 0.75561 -0.65503 0
vn 0 0 -1
vn 0 0 -1
vn 0 0 -1
vn -0.92123 0.38902 0
vn 0 0 -1
vn -0.2864 -0.95811 0
vn 0 0 -1
vn -0.2864 -0.95811 0
vn -0.14329 -0.98968 0
vn -0.14329 -0.98968 0
vn 0 0 -1
vn 0 0 -1
vn -0.16728 -0.98591 0
vn -0.16728 -0.98591 0
vn 0 0 -1
vn -0.37955 -0.92517 0
vn -0.26275 -0.96487 0
vn 0.82655 -0.56287 0
vn 0 0 -1
vn 0.77448 -0.6326 0
vn -0.40238 -0.91547 0
vn 0 0 -1
vn -0.40238 -0.91547 0
vn -0.37955 -0.92517 0
vn 0 0 -1
vn 0 0 -1
vn 0 0 -1
vn -0.30993 -0.95076 0
vn -0.30993 -0.95076 0
vn 0 0 -1
vn 0 0 -1
vn 0 0 -1
vn -0.23899 -0.97102 0
vn 0 0 -1
vn -0.23899 -0.97102 0
vn -0.26275 -0.96487 0
vn 0 0 -1
vn 0 0 -1
vn 0 0 -1
vn -0.46948 -0.88295 0
vn 0 0 -1
vn -0.35652 -0.93429 0
vn 0 0 -1
vn 0 0 -1
vn 0.80994 -0.58651 0
vn 0 0 -1
vn -0.46948 -0.88295 0
vn 0 0 -1
vn 0 0 -1
vn 0 0 -1
vn -0.35652 -0.93429 0
vn 0 0 -1
vn 0 0 -1
vn -0.49132 -0.87098 0
vn 0.8424 -0.53885 0
vn -0.49132 -0.87098 0
vn 0.71553 -0.69859 0
vn 0.79259 -0.60976 0
vn 0 0 -1
vn 0 0 -1
vn 0 0 -1
vn 0 0 -1
vn 0 0 -1
vn -0.33331 -0.94282 0
vn -0.33331 -0.94282 0
vn 0 0 -1
vn 0 0 -1
vn -0.40614 -0.91381 0
vn 0.37124 -0.92854 0
vn 0.37124 -0.92854 0
vn 0 0 -1
vn 0 0 -1
vn 0 0 -1
vn 0 0 -1
vn -0.85865 0.51257 0
vn 0 0 -1
vn 0.15853 -0.98735 0
vn 0.33817 -0.94109 0
vn 0.33817 -0.94109 0
vn 0.15853 -0.98735 0
vn -0.83315 0.55305 0
vn 0 0 -1
vn 0 0 -1
vn 0 0 -1
vn 0 0 -1
vn 0 0 -1
vn 0.26911 -0.96311 0
vn 0.26911 -0.96311 0
vn 0 0 -1
vn 0 0 -1
vn -0.85042 0.52611 0
vn 0 0 -1
vn 0 0 -1
vn 0 0 -1
vn 0 0 -1
vn 0 0 -1
vn 0 0 -1
vn 0.67225 -0.74033 0
vn 0 0 -1
vn -0.59585 -0.8031 0
vn -0.59585 -0.8031 0
vn 0.54923 -0.83567 0
vn -0.6352 -0.77235 0
vn -0.6352 -0.77235 0
vn 0.64937 -0.76047 0
vn 0 0 -1
vn 0 0 -1
vn 0.60107 -0.7992 0
vn 0 0 -1
vn 0.43443 -0.90071 0
vn -0.51287 -0.85847 0
vn -0.51287 -0.85847 0
vn 0 0 -1
vn 0 0 -1
vn -0.53411 -0.84541 0
vn -0.53411 -0.84541 0
vn -0.70905 -0.70516 0
vn -0.70905 -0.70516 0
vn 0 0 -1
vn 0 0 -1
vn 0 0 -1
vn -0.61572 -0.78797 0
vn 0 0 -1
vn -0.69123 -0.72264 0
vn 0 0 -1
vn -0.69123 -0.72264 0
vn 0 0 -1
vn 0 0 -1
vn 0 0 -1
vn 0 0 -1
vn 0.30412 -0.95263 0
vn 0 0 -1
vn 0 0 -1
vn -0.61572 -0.78797 0
vn 0 0 -1
vn -0.72643 -0.68724 0
vn 0 0 -1
vn 0 0 -1
vn -0.72643 -0.68724 0
vn 0 0 -1
vn 0.5756 -0.81773 0
vn 0.52195 -0.85298 0
vn 0 0 -1
vn -0.77578 -0.631 0
vn 0 0 -1
vn 0 0 -1
vn 0.46456 -0.88554 0
vn 0 0 -1
vn 0 0 -1
vn 0 0 -1
vn 0 0 -1
vn -0.75981 -0.65015 0
vn 0 0 -1
vn 0 0 -1
vn -0.75981 -0.65015 0
vn 0 0 -1
vn 0 0 -1
vn 0 0 -1
vn 0 0 -1
vn 0 0 -1
vn 0 0 -1
vn -0.79126 -0.61147 0
vn -0.79126 -0.61147 0
vn 0 0 -1
vn 0.40332 -0.91506 0
vn 0.49373 -0.86962 0
vn 0 0 -1
vn -0.67297 -0.73967 0
vn -0.67297 -0.73967 0
vn 0 0 -1
vn 0 0 -1
vn 0 0 -1
vn 0 0 -1
vn -0.77578 -0.631 0
vn -0.19123 -0.98155 0
vn -0.19123 -0.98155 0
vn 0 0 -1
vn -0.92974 0.36821 0
vn -0.21514 -0.97658 0
vn -0.21514 -0.97658 0
vn 0 0 -1
vn 0 0 -1
vn 0 0 -1
vn -0.92696 0.37516 0
vn 0.85752 -0.51445 0
vn 0 0 -1
vn -0.87335 -0.4871 0
vn 0 0 -1
vn 0 0 -1
vn 0.23315 -0.97244 0
vn 0 0 -1
vn 0.19628 -0.98055 0
vn -0.88515 -0.46531 0
vn 0 0 -1
vn 0 0 -1
vn 0 0 -1
vn 0 0 -1
vn 0 0 -1
vn 0 0 -1
vn 0 0 -1
vn 0 0 -1
vn -0.89639 -0.44327 0
vn 0.15853 -0.98735 0
vn -0.89639 -0.44327 0
vn 0 0 -1
vn 0 0 -1
vn 0.11995 -0.99278 0
vn -0.88515 -0.46531 0
vn 0 0 -1
vn 0 0 -1
vn 0.0806 -0.99675 0
vn 0 0 -1
vn 0 0 -1
vn 0 0 -1
vn 0 0 -1
vn 0 0 -1
vn 0 0 -1
vn 0.04056 -0.99918 0
vn 0 0 -1
vn 0 0 -1
vn 0 0 -1
vn -0.91718 -0.39848 0
vn 0 0 -1
vn -0.02371 -0.99972 0
vn 0 0 -1
vn 0 0 -1
vn -0.861 -0.50861 0
vn -0.861 -0.50861 0
vn 0.00427 -0.99999 0
vn -0.04752 -0.99887 0
vn 0 0 -1
vn 0 0 -1
vn 0 0 -1
vn 0 0 -1
vn -0.1193 -0.99286 0
vn 0 0 -1
vn 0 0 -1
vn -0.91718 -0.39848 0
vn -0.0714 -0.99745 0
vn 0 0 -1
vn 0 0 -1
vn 0 0 -1
vn 0 0 -1
vn 0 0 -1
vn 0 0 -1
vn 0 0 -1
vn -0.92671 -0.37577 0
vn -0.09533 -0.99545 0
vn 0.62565 -0.7801 0
vn 0 0 -1
vn -0.92671 -0.37577 0
vn 0 0 -1
vn 0 0 -1
vn -0.93567 -0.35287 0
vn -0.90707 -0.42099 0
vn 0 0 -1
vn -0.90707 -0.42099 0
vn 0 0 -1
vn 0 0 -1
vn 0 0 -1
vn -0.93567 -0.35287 0
vn 0 0 -1
vn 0 0 -1
vn 0 0 -1
vn 0 0 -1
vn 0 0 -1
vn 0 0 -1
vn 0 0 -1
vn -0.55503 -0.83183 0
vn -0.55503 -0.83183 0
vn 0 0 -1
vn 0 0 -1
vn 0.73596 -0.67703 0
vn 0 0 -1
vn -0.57562 -0.81772 0
vn -0.57562 -0.81772 0
vn 0 0 -1
vn 0 0 -1
vn 0 0 -1
vn 0.69429 -0.71969 0
vn -0.65429 -0.75625 0
vn -0.65429 -0.75625 0
vn -0.42499 -0.9052 0
vn -0.42499 -0.9052 0
vn 0 0 -1
vn 0 0 -1
vn 0.75561 -0.65503 0
vn -0.44736 -0.89435 0
vn -0.44736 -0.89435 0
vn 0 0 -1
vn -0.9717 -0.23623 0
vn -0.9717 -0.23623 0
vn -0.33331 -0.94282 0
vn 0 0 -1
vn 0 0 -1
vn 0 0 -1
vn -0.97714 -0.21261 0
vn 0 0 -1
vn 0 0 -1
vn -0.98626 -0.16523 0
vn -0.98626 -0.16523 0
vn -0.37955 -0.92517 0
vn 0 0 -1
vn -0.40238 -0.91547 0
vn 0 0 -1
vn 0 0 -1
vn 0 0 -1
vn 0 0 -1
vn 0 0 -1
vn 0 0 -1
vn -0.23899 -0.97102 0
vn 0 0 -1
vn -0.98199 -0.18893 0
vn 0 0 -1
vn 0 0 -1
vn -0.26275 -0.96487 0
vn 0 0 -1
vn 0 0 -1
vn 0 0 -1
vn 0 0 -1
vn -0.98994 -0.1415 0
vn -0.98994 -0.1415 0
vn 0 0 -1
vn 0 0 -1
vn -0.49132 -0.87098 0
vn 0 0 -1
vn -0.98199 -0.18893 0
vn 0 0 -1
vn 0 0 -1
vn 0 0 -1
vn 0 0 -1
vn -0.42499 -0.9052 0
vn 0 0 -1
vn 0 0 -1
vn -0.99304 -0.11779 0
vn 0 0 -1
vn 0 0 -1
vn 0 0 -1
vn -0.99556 -0.0941 0
vn 0 0 -1
vn 0 0 -1
vn 0 0 -1
vn 0 0 -1
vn 0 0 -1
vn 0 0 -1
vn 0 0 -1
vn 0 0 -1
vn 0 0 -1
vn 0 0 -1
vn -0.99304 -0.11779 0
vn 0 0 -1
vn 0 0 -1
vn 0 0 -1
vn -0.46948 -0.88295 0
vn 0 0 -1
vn 0 0 -1
vn 0 0 -1
vn 0 0 -1
vn 0 0 -1
vn 0 0 -1
vn 0 0 -1
vn -0.99751 -0.07046 0
vn 0 0 -1
vn 0 0 -1
vn -0.99751 -0.07046 0
vn 0 0 -1
vn -0.99973 -0.02339 0
vn -0.99973 -0.02339 0
vn 0 0 -1
vn 0 0 -1
vn 0 0 -1
vn -0.35652 -0.93429 0
vn -0.99556 -0.0941 0
vn 0 0 -1
vn 0 0 -1
vn 0 0 -1
vn 0 0 -1
vn 0 0 -1
vn 0 0 -1
vn 0 0 -1
vn 0 0 -1
vn 0 0 -1
vn 0 0 -1
vn -0.57562 -0.81772 0
vn 0 0 -1
vn -0.99919 0.0402 0
vn 0 0 -1
vn -0.99919 0.0402 0
vn 0 0 -1
vn 0 0 -1
vn 0 0 -1
vn 0 0 -1
vn 0 0 -1
vn 0 0 -1
vn 0 0 -1
vn 0 0 -1
vn -0.9989 -0.04688 0
vn 0 0 -1
vn -0.9989 -0.04688 0
vn 0 0 -1
vn -0.55503 -0.83183 0
vn 0 0 -1
vn -0.99999 0.00419 0
vn 0 0 -1
vn 0 0 -1
vn 0 0 -1
vn 0 0 -1
vn 0 0 -1
vn -0.82072 -0.57133 0
vn 0 0 -1
vn -0.82072 -0.57133 0
vn 0 0 -1
vn 0 0 -1
vn 0 0 -1
vn 0 0 -1
vn 0 0 -1
vn 0 0 -1
vn 0 0 -1
vn 0 0 -1
vn -0.44736 -0.89435 0
vn 0 0 -1
vn -0.99999 0.00419 0
vn 0.37124 -0.92854 0
vn -0.8481 -0.52983 0
vn -0.8481 -0.52983 0
vn 0 0 -1
vn 0 0 -1
vn 0.33817 -0.94109 0
vn 0 0 -1
vn 0 0 -1
vn 0 0 -1
vn -0.80625 -0.59158 0
vn -0.80625 -0.59158 0
vn 0 0 -1
vn 0 0 -1
vn 0 0 -1
vn -0.74335 -0.6689 0
vn -0.74335 -0.6689 0
vn 0 0 -1
vn -0.87335 -0.4871 0
vn 0 0 -1
vn 0 0 -1
vn -0.83468 -0.55074 0
vn -0.83468 -0.55074 0
vn 0.26911 -0.96311 0
vn 0 0 -1
vn 0 0 -1
vn -0.72643 -0.68724 0
vn 0 0 -1
vn -0.97015 0.24252 0
vn -0.97015 0.24252 0
vn -0.69123 -0.72264 0
vn -0.93188 0.36276 0
vn 0 0 -1
vn -0.61572 -0.78797 0
vn 0 0 -1
vn -0.93188 0.36276 0
vn 0 0 -1
vn -0.99675 0.08058 0
vn -0.99675 0.08058 0
vn 0 0 -1
vn 0 0 -1
vn -0.94643 0.32292 0
vn 0 0 -1
vn 0 0 -1
vn 0 0 -1
vn -0.59585 -0.8031 0
vn 0 0 -1
vn 0 0 -1
vn 0 0 -1
vn 0 0 -1
vn 0 0 -1
vn 0 0 -1
vn -0.94643 0.32292 0
vn -0.77578 -0.631 0
vn 0 0 -1
vn 0 0 -1
vn -0.74761 0.66414 0
vn 0 0 -1
vn -0.89729 0.44144 0
vn 0 0 -1
vn -0.89729 0.44144 0
vn 0 0 -1
vn 0 0 -1
vn 0 0 -1
vn 0 0 -1
vn -0.91551 0.40229 0
vn 0 0 -1
vn 0 0 -1
vn -0.74761 0.66414 0
vn 0 0 -1
vn 0 0 -1
vn -0.91551 0.40229 0
vn 0 0 -1
vn -0.87719 0.48014 0
vn -0.67297 -0.73967 0
vn 0 0 -1
vn 0 0 -1
vn -0.85519 0.51831 0
vn -0.85519 0.51831 0
vn 0 0 -1
vn -0.79126 -0.61147 0
vn -0.83468 -0.55074 0
vn 0 0 -1
vn 0 0 -1
vn 0 0 -1
vn -0.87719 0.48014 0
vn 0 0 -1
vn -0.82072 -0.57133 0
vn 0 0 -1
vn 0 0 -1
vn 0 0 -1
vn 0 0 -1
vn -0.74335 -0.6689 0
vn -0.77748 0.6289 0
vn 0 0 -1
vn -0.60801 0.79393 0
vn -0.60801 0.79393 0
vn -0.83125 0.55589 0
vn -0.83125 0.55589 0
vn -0.80536 0.59279 0
vn -0.75981 -0.65015 0
vn -0.8481 -0.52983 0
vn 0 0 -1
vn 0 0 -1
vn 0 0 -1
vn -0.77748 0.6289 0
vn -0.95184 -0.30659 0
vn 0 0 -1
vn 0 0 -1
vn 0 0 -1
vn -0.80536 0.59279 0
vn 0 0 -1
vn 0 0 -1
vn 0 0 -1
vn 0 0 -1
vn 0 0 -1
vn 0 0 -1
vn -0.95184 -0.30659 0
vn -0.16728 -0.98591 0
vn 0 0 -1
vn -0.96567 -0.25978 0
vn -0.96567 -0.25978 0
vn 0 0 -1
vn 0 0 -1
vn 0 0 -1
vn -0.30993 -0.95076 0
vn -0.14329 -0.98968 0
vn 0 0 -1
vn 0 0 -1
vn 0 0 -1
vn 0 0 -1
vn -0.94405 -0.32981 0
vn -0.94405 -0.32981 0
vn -0.95905 -0.28324 0
vn 0 0 -1
vn 0 0 -1
vn 0 0 -1
vn 0 0 -1
vn 0 0 -1
vn 0 0 -1
vn -0.2864 -0.95811 0
vn 0 0 -1
vn 0 0 -1
vn -0.21514 -0.97658 0
vn 0 0 -1
vn 0 0 -1
vn -0.97714 -0.21261 0
vn 0 0 -1
vn 0 0 -1
vn 0 0 -1
vn 0 0 -1
vn 0 0 -1
vn 0 0 -1
vn -0.19123 -0.98155 0
vn 0 0 -1
vn -0.95905 -0.28324 0
vn -0.56816 0.82292 0
vn -0.56816 0.82292 0
vn -0.43756 0.89919 0
vn 0 0 -1
vn 0 0 -1
vn 0 0 -1
vn 0 0 -1
vn -0.92671 -0.37577 0
vn 0 0 -1
vn 0 0 -1
vn -0.87335 -0.4871 0
vn 0 0 -1
vn -0.48285 0.8757 0
vn -0.48285 0.8757 0
vn 0 0 -1
vn -0.861 -0.50861 0
vn 0 0 -1
vn -0.52641 0.85023 0
vn -0.52641 0.85023 0
vn 0 0 -1
vn 0 0 -1
vn 0 0 -1
vn -0.24215 0.97024 0
vn -0.24215 0.97024 0
vn 0 0 -1
vn -0.95905 -0.28324 0
vn -0.29279 0.95618 0
vn 0 0 -1
vn -0.90707 -0.42099 0
vn -0.91718 -0.39848 0
vn 0 0 -1
vn -0.04038 0.99918 0
vn -0.04038 0.99918 0
vn 0 0 -1
vn 0 0 -1
vn 0 0 -1
vn 0 0 -1
vn -0.29279 0.95618 0
vn -0.1386 0.99035 0
vn 0 0 -1
vn -0.96567 -0.25978 0
vn 0 0 -1
vn 0 0 -1
vn -0.1386 0.99035 0
vn -0.08659 0.99624 0
vn -0.34237 0.93957 0
vn -0.34237 0.93957 0
vn 0 0 -1
vn -0.95184 -0.30659 0
vn -0.08659 0.99624 0
vn 0 0 -1
vn -0.65429 -0.75625 0
vn -0.39069 0.92052 0
vn -0.39069 0.92052 0
vn 0 0 -1
vn -0.99264 0.12106 0
vn 0 0 -1
vn -0.94405 -0.32981 0
vn -0.99264 0.12106 0
vn 0 0 -1
vn -0.6352 -0.77235 0
vn 0 0 -1
vn 0 0 -1
vn 0 0 -1
vn 0 0 -1
vn 0 0 -1
vn -0.53411 -0.84541 0
vn 0 0 -1
vn 0 0 -1
vn 0 0 -1
vn 0 0 -1
vn 0 0 -1
vn 0 0 -1
vn 0 0 -1
vn 0 0 -1
vn 0 0 -1
vn 0 0 -1
vn -0.98686 0.16159 0
vn -0.51287 -0.85847 0
vn -0.97937 0.20209 0
vn 0 0 -1
vn -0.97937 0.20209 0
vn 0 0 -1
vn 0 0 -1
vn -0.95917 0.28282 0
vn 0 0 -1
vn -0.95917 0.28282 0
vn 0 0 -1
vn 0 0 -1
vn 0 0 -1
vn 0 0 -1
vn -0.98686 0.16159 0
vn 0 0 -1
vn 0 0 -1
vn 0 0 -1
vn 0 0 -1
vn 0 0 -1
vn -0.70905 -0.70516 0
vn 0 0 -1
vn 0 0 -1
vn 0 0 -1
vn 0 0 -1
vn -0.99751 -0.07046 0
vn 0 0 -1
vn 0 0 -1
vn 0.21376 0.97689 0
vn 0.21376 0.97689 0
vn -0.00061 1 0
vn 0 0 -1
vn -0.00061 1 0
vn -0.98199 -0.18893 0
vn 0 0 -1
vn 0.24727 0.96895 0
vn -0.97714 -0.21261 0
vn 0 0 -1
vn 0.24727 0.96895 0
vn 0 0 -1
vn 0 0 -1
vn 0.10998 0.99393 0
vn 0.07405 0.99725 0
vn 0.10998 0.99393 0
vn 0 0 -1
vn 0 0 -1
vn 0 0 -1
vn 0.03736 0.9993 0
vn 0 0 -1
vn 0.03736 0.9993 0
vn 0.07405 0.99725 0
vn 0 0 -1
vn -0.99304 -0.11779 0
vn 0 0 -1
vn -0.99556 -0.0941 0
vn 0.44305 0.8965 0
vn -0.98994 -0.1415 0
vn 0.44305 0.8965 0
vn 0 0 -1
vn 0.4106 0.91182 0
vn 0.4106 0.91182 0
vn 0 0 -1
vn -0.9989 -0.04688 0
vn 0.50846 0.86109 0
vn 0.50846 0.86109 0
vn 0 0 -1
vn 0.47564 0.87964 0
vn 0.47564 0.87964 0
vn 0.31318 0.94969 0
vn 0 0 -1
vn 0 0 -1
vn 0 0 -1
vn 0 0 -1
vn 0 0 -1
vn 0.31318 0.94969 0
vn 0 0 -1
vn -0.99919 0.0402 0
vn -0.99973 -0.02339 0
vn 0 0 -1
vn 0 0 -1
vn 0.28038 0.95989 0
vn 0.28038 0.95989 0
vn 0 0 -1
vn 0 0 -1
vn 0 0 -1
vn -0.99999 0.00419 0
vn 0 0 -1
vn 0 0 -1
vn 0 0 -1
vn 0 0 -1
vn -0.89639 -0.44327 0
vn -0.71572 0.69839 0
vn -0.71572 0.69839 0
vn 0 0 -1
vn 0 0 -1
vn 0 0 -1
vn 0 0 -1
vn -0.43756 0.89919 0
vn -0.88515 -0.46531 0
vn 0 0 -1
vn 0 0 -1
vn 0 0 -1
vn -0.64591 0.76341 0
vn -0.80625 -0.59158 0
vn -0.64591 0.76341 0
vn 0 0 -1
vn 0 0 -1
vn 0 0 -1
vn -0.68182 0.73152 0
vn -0.68182 0.73152 0
vn -0.93567 -0.35287 0
vn 0 0 -1
vn 0 0 -1
vn 0.7834 0.62152 0
vn 0 0 -1
vn -0.95917 0.28282 0
vn -0.98686 0.16159 0
vn 0.67789 0.73516 0
vn 0.67789 0.73516 0
vn -0.97937 0.20209 0
vn 0.71292 0.70124 0
vn 0.71292 0.70124 0
vn 0 0 -1
vn -0.99675 0.08058 0
vn 0.34575 0.93832 0
vn 0 0 -1
vn 0 0 -1
vn 0.34575 0.93832 0
vn -0.99264 0.12106 0
vn 0.3782 0.92572 0
vn 0.3782 0.92572 0
vn 0.16907 -0.9856 0
vn 0.16907 -0.9856 0
vn 0 0 -1
vn 0 0 -1
vn 0 0 -1
vn 0 0 -1
vn 0 0 -1
vn 0.14519 0.9894 0
vn 0 0 -1
vn 0.0835 -0.99651 0
vn 0 0 -1
vn 0 0 -1
vn 0 0 -1
vn 0 0 -1
vn 0 0 -1
vn 0 0 -1
vn 0.0835 -0.99651 0
vn 0 0 -1
vn 0.21376 0.97689 0
vn 0.34301 -0.93933 0
vn 0.25594 -0.96669 0
vn 0.25594 -0.96669 0
vn 0.34301 -0.93933 0
vn 0.17976 0.98371 0
vn 0.9766 -0.21504 0
vn 0 0 -1
vn -0.29279 0.95618 0
vn -0.1386 0.99035 0
vn 0 0 -1
vn 0 0 -1
vn -0.24215 0.97024 0
vn -0.56816 0.82292 0
vn 0.94814 -0.31786 0
vn 0.94814 -0.31786 0
vn -0.04038 0.99918 0
vn 0 0 -1
vn 0 0 -1
vn 0 0 -1
vn 0 0 -1
vn 0 0 -1
vn -0.39069 0.92052 0
vn 0 0 -1
vn 0 0 -1
vn 0 0 -1
vn -0.19067 0.98165 0
vn 0.74067 -0.67187 0
vn -0.19067 0.98165 0
vn 0.14519 0.9894 0
vn 0.14519 0.9894 0
vn -0.34237 0.93957 0
vn 0 0 -1
vn 0 0 -1
vn 0 0 -1
vn 0 0 -1
vn 0 0 -1
vn 0 0 -1
vn 0 0 -1
vn 0 0 -1
vn 0 0 -1
vn 0 0 -1
vn 0 0 -1
vn 0 0 -1
vn 0 0 -1
vn 0.17976 0.98371 0
vn 0 0 -1
vn 0.17976 0.98371 0
vn 0 0 -1
vn 0 0 -1
vn 0 0 -1
vn 0 0 -1
vn 0 0 -1
vn 0.80478 -0.59357 0
vn 0 0 -1
vn -0.98626 -0.16523 0
vn 0 0 -1
vn 0 0 -1
vn 0 0 -1
vn -0.43756 0.89919 0
vn 0.99409 -0.10856 0
vn 0.99409 -0.10856 0
vn 0 0 -1
vn 0.80478 -0.59357 0
vn 0 0 -1
vn 0 0 -1
vn 0 0 -1
vn 0 0 -1
vn 0 0 -1
vn 0 0 -1
vn 0 0 -1
vn 0 0 -1
vn 0.9766 -0.21504 0
vn 0 0 -1
vn 0 0 -1
vn 0.74067 -0.67187 0
vn 0 0 -1
vn -0.08659 0.99624 0
vn 0 0 -1
vn 0 0 -1
vn 0 0 -1
vn 0 0 -1
vn 0 0 -1
vn 0 0 -1
vn 0 0 -1
vn 0 0 -1
vn -0.52641 0.85023 0
vn -0.9717 -0.23623 0
vn 0.90944 -0.41584 0
vn 0 0 -1
vn 0.90944 -0.41584 0
vn 0 0 -1
vn 0 0 -1
vn 0 0 -1
vn 0 0 -1
vn 0 0 -1
vn 0.81831 0.57477 0
vn 0.81831 0.57477 0
vn 0 0 -1
vn -0.77748 0.6289 0
vn 0 0 -1
vn -0.74761 0.66414 0
vn 0 0 -1
vn 0.85245 0.52281 0
vn 0.85245 0.52281 0
vn 0.8852 0.46521 0
vn -0.91551 0.40229 0
vn 0 0 -1
vn 0.99603 0.08906 0
vn 0 0 -1
vn 0 0 -1
vn 0 0 -1
vn 0 0 -1
vn 0 0 -1
vn 0.99603 0.08906 0
vn 0 0 -1
vn 0 0 -1
vn 0 0 -1
vn -0.80536 0.59279 0
vn 0 0 -1
vn 0 0 -1
vn 0 0 -1
vn 0 0 -1
vn 0 0 -1
vn 0 0 -1
vn 0.9666 0.25627 0
vn 0.9666 0.25627 0
vn 0.94329 0.33196 0
vn -0.85519 0.51831 0
vn 0 0 -1
vn 0 0 -1
vn 0.98456 0.17502 0
vn 0 0 -1
vn 0 0 -1
vn 0.98456 0.17502 0
vn 0.60891 0.79324 0
vn 0.60891 0.79324 0
vn 0 0 -1
vn 0 0 -1
vn 0 0 -1
vn 0 0 -1
vn -0.89729 0.44144 0
vn 0 0 -1
vn -0.87719 0.48014 0
vn 0.94329 0.33196 0
vn 0 0 -1
vn 0.6432 0.7657 0
vn 0.6432 0.7657 0
vn 0.54157 0.84066 0
vn 0.54157 0.84066 0
vn -0.94643 0.32292 0
vn 0.57504 0.81813 0
vn 0.57504 0.81813 0
vn -0.93188 0.36276 0
vn -0.97015 0.24252 0
vn 0.7834 0.62152 0
vn 0.74816 0.66351 0
vn 0.74816 0.66351 0
vn -0.20361 -0.97905 0
vn 0 0 -1
vn -0.24026 -0.97071 0
vn 0.03736 0.9993 0
vn 0 0 -1
vn 0.5131 -0.85833 0
vn 0.59377 -0.80464 0
vn 0.59377 -0.80464 0
vn 0 0 -1
vn 0 0 -1
vn 0.24727 0.96895 0
vn 0.07405 0.99725 0
vn -0.19067 0.98165 0
vn 0.5131 -0.85833 0
vn 0 0 -1
vn 0 0 -1
vn -0.00061 1 0
vn 0 0 -1
vn 0 0 -1
vn 0.66998 -0.74238 0
vn 0.66998 -0.74237 0
vn 0.90944 -0.41584 0
vn -0.31072 -0.9505 0
vn -0.31072 -0.9505 0
vn 0 0 -1
vn 0.9158 0.40164 0
vn 0 0 -1
vn 0.86135 -0.50801 0
vn 0 0 -1
vn 0 0 -1
vn 0 0 -1
vn 0.85245 0.52281 0
vn 0 0 -1
vn 0 0 -1
vn -0.34805 -0.93748 0
vn 0.8852 0.46521 0
vn 0 0 -1
vn -0.47694 -0.87894 0
vn 0 0 -1
vn 0.81831 0.57477 0
vn 0 0 -1
vn -0.47567 -0.87962 0
vn -0.47567 -0.87962 0
vn 0 0 -1
vn 0 0 -1
vn 0 0 -1
vn 0 0 -1
vn 0 0 -1
vn -0.47694 -0.87894 0
vn -0.46606 -0.88475 0
vn 0 0 -1
vn -0.46606 -0.88475 0
vn 0 0 -1
vn 0.98456 0.17502 0
vn 0 0 -1
vn 0 0 -1
vn -0.47203 -0.88158 0
vn 0 0 -1
vn -0.47203 -0.88158 0
vn 0.99603 0.08906 0
vn 0 0 -1
vn -0.45563 -0.89017 0
vn 0.6432 0.7657 0
vn -0.47573 -0.87959 0
vn -0.46529 -0.88516 0
vn -0.46529 -0.88516 0
vn 0.9666 0.25627 0
vn 0.94329 0.33196 0
vn 0 0 -1
vn 0 0 -1
vn 0 0 -1
vn 0 0 -1
vn 0 0 -1
vn 0.60891 0.79324 0
vn 0 0 -1
vn 0 0 -1
vn -0.47573 -0.87959 0
vn -0.48285 0.8757 0
vn 0 0 -1
vn 0 0 -1
vn 0 0 -1
vn 0 0 -1
vn -0.64591 0.76341 0
vn 0.99999 -0.00475 0
vn 0.99999 -0.00475 0
vn 0.86135 -0.50801 0
vn 0.86135 -0.50801 0
vn -0.60801 0.79393 0
vn -0.83125 0.55589 0
vn 0 0 -1
vn 0 0 -1
vn 0 0 -1
vn 0.9158 0.40164 0
vn -0.71572 0.69839 0
vn 0.8852 0.46521 0
vn 0 0 -1
vn -0.68182 0.73152 0
vn 0 0 -1
vn 0 0 -1
vn 0.9158 0.40164 0
vn 0 0 -1
vn -0.4578 -0.88905 0
vn -0.4578 -0.88905 0
vn 0 0 -1
vn 0.34575 0.93832 0
vn 0.67789 0.73516 0
vn 0 0 -1
vn -0.44725 -0.89441 0
vn -0.44725 -0.89441 0
vn -0.16416 -0.98643 0
vn -0.41914 -0.90792 0
vn -0.16416 -0.98643 0
vn 0.3782 0.92572 0
vn 0 0 -1
vn 0 0 -1
vn 0 0 -1
vn 0 0 -1
vn 0 0 -1
vn -0.43438 -0.90073 0
vn -0.43438 -0.90073 0
vn 0 0 -1
vn 0 0 -1
vn 0 0 -1
vn 0 0 -1
vn 0 0 -1
vn -0.122 -0.99253 0
vn 0.28038 0.95989 0
vn -0.122 -0.99253 0
vn 0 0 -1
vn 0 0 -1
vn 0.31318 0.94969 0
vn -0.41914 -0.90792 0
vn 0 0 -1
vn 0 0 -1
vn 0 0 -1
vn 0.50846 0.86109 0
vn 0.0016 -1 0
vn 0 0 -1
vn 0.47564 0.87964 0
vn 0.0016 -1 0
vn 0 0 -1
vn 0.4106 0.91182 0
vn -0.27405 -0.96171 0
vn -0.27405 -0.96171 0
vn -0.06912 -0.99761 0
vn -0.06912 -0.99761 0
vn 0 0 -1
vn 0.44305 0.8965 0
vn -0.30501 -0.95235 0
vn -0.30501 -0.95235 0
vn 0 0 -1
vn 0 0 -1
vn 0 0 -1
vn 0 0 -1
vn 0.42912 -0.90325 0
vn 0.42912 -0.90325 0
vn -0.24026 -0.97071 0
vn 0 0 -1
vn -0.20361 -0.97905 0
vn 0.10998 0.99393 0
vn 0 0 -1
vn 0.94814 -0.31786 0
vn 0 0 -1
vn -0.44261 -0.89671 0
vn -0.44261 -0.89671 0
vn -0.2142 -0.97679 0
vn -0.2142 -0.97679 0
vn 0.80478 -0.59357 0
vn -0.3792 -0.92532 0
vn -0.3792 -0.92532 0
vn 0 0 -1
vn -0.26638 -0.96387 0
vn 0.99409 -0.10856 0
vn -0.26638 -0.96387 0
vn 0.99999 -0.00475 0
vn 0 0 -1
vn -0.40492 -0.91435 0
vn -0.40492 -0.91435 0
vn 0.99525 -0.09734 0
vn 0 0 -1
vn 0 0 -1
vn 0.99525 -0.09734 0
vn 0 0 -1
vn 0.98418 -0.17717 0
vn 0 0 -1
vn 0 0 -1
vn 0 0 -1
vn 0 0 -1
vn -0.42587 -0.90479 0
vn -0.42587 -0.90479 0
vn 0 0 -1
vn -0.34805 -0.93748 0
vn 0 0 -1
vn 0.74067 -0.67187 0
vn 0 0 -1
vn 0 0 -1
vn 0 0 -1
vn 0 0 -1
vn 0 0 -1
vn 0.9884 -0.15189 0
vn 0.9884 -0.15189 0
vn -0.41914 -0.90792 0
vn 0.9086 -0.41766 0
vn 0.9086 -0.41766 0
vn 0 0 -1
vn 0.98418 -0.17717 0
vn 0 0 -1
vn 0 0 -1
vn -0.33316 -0.94287 0
vn -0.4578 -0.88905 0
vn 0 0 -1
vn 0 0 -1
vn 0.88033 -0.47436 0
vn 0 0 -1
vn 0 0 -1
vn 0 0 -1
vn 0.92023 -0.39138 0
vn 0.92023 -0.39138 0
vn -0.43438 -0.90073 0
vn 0.88033 -0.47436 0
vn 0 0 -1
vn 0 0 -1
vn 0.94808 -0.31804 0
vn 0.94808 -0.31804 0
vn 0 0 -1
vn -0.06912 -0.99761 0
vn 0.89541 -0.44524 0
vn 0.89541 -0.44524 0
vn 0 0 -1
vn -0.16416 -0.98643 0
vn 0 0 -1
vn 0.93055 -0.36616 0
vn 0.93055 -0.36616 0
vn 0 0 -1
vn 0 0 -1
vn 0.95558 -0.29472 0
vn 0 0 -1
vn -0.122 -0.99253 0
vn 0 0 -1
vn 0 0 -1
vn 0 0 -1
vn 0 0 -1
vn 0.95558 -0.29472 0
vn 0 0 -1
vn 0.75809 -0.65215 0
vn 0 0 -1
vn 0 0 -1
vn 0 0 -1
vn -0.20361 -0.97905 0
vn 0 0 -1
vn 0 0 -1
vn 0.71846 -0.69557 0
vn 0.93978 -0.34179 0
vn 0.93978 -0.34179 0
vn -0.27405 -0.96171 0
vn 0 0 -1
vn 0.71846 -0.69557 0
vn 0.0016 -1 0
vn -0.30501 -0.95235 0
vn -0.45563 -0.89017 0
vn 0 0 -1
vn 0 0 -1
vn -0.38131 -0.92445 0
vn 0.7834 0.62152 0
vn 0 0 -1
vn 0 0 -1
vn 0.54157 0.84066 0
vn -0.40148 -0.91587 0
vn -0.40148 -0.91587 0
vn 0.57504 0.81813 0
vn -0.47191 -0.88165 0
vn 0 0 -1
vn -0.47191 -0.88165 0
vn -0.33316 -0.94287 0
vn -0.33316 -0.94287 0
vn 0 0 -1
vn 0.71292 0.70124 0
vn 0 0 -1
vn -0.35857 -0.9335 0
vn -0.35857 -0.9335 0
vn 0 0 -1
vn 0.79123 -0.61151 0
vn 0 0 -1
vn 0.74816 0.66351 0
vn 0 0 -1
vn 0 0 -1
vn 0.0835 -0.99651 0
vn -0.38131 -0.92445 0
vn 0 0 -1
vn 0.25594 -0.96669 0
vn 0 0 -1
vn 0.13143 -0.99133 0
vn 0.13143 -0.99133 0
vn -0.15341 -0.98816 0
vn 0.66998 -0.74238 0
vn 0 0 -1
vn 0.81913 -0.57361 0
vn 0.81913 -0.57361 0
vn 0.00998 -0.99995 0
vn 0.00998 -0.99995 0
vn -0.0838 -0.99648 0
vn -0.0838 -0.99648 0
vn 0 0 -1
vn 0.16907 -0.9856 0
vn -0.15341 -0.98816 0
vn 0 0 -1
vn 0.54474 -0.83861 0
vn 0.34301 -0.93933 0
vn 0 0 -1
vn 0 0 -1
vn 0.46263 -0.88655 0
vn 0.46263 -0.88655 0
vn 0.36605 -0.93059 0
vn 0.36605 -0.93059 0
vn 0 0 -1
vn 0 0 -1
vn 0 0 -1
vn 0 0 -1
vn 0 0 -1
vn 0.25502 -0.96694 0
vn 0.25502 -0.96694 0
vn 0.54474 -0.83861 0
vn 0 0 -1
vn 0.9766 -0.21504 0
vn 0 0 -1
vn 0 0 -1
vn 0 0 -1
vn 0 0 -1
vn 0 0 -1
vn 0 0 -1
vn 0 0 -1
vn 0.96241 -0.27162 0
vn 0.96241 -0.27162 0
vn 0.97948 -0.20154 0
vn 0.54773 0.83666 0
vn 0.54773 0.83666 0
vn 0 0 -1
vn 0 0 -1
vn 0 0 -1
vn 0 0 -1
vn 0 0 -1
vn 0 0 -1
vn 0 0 -1
vn 0 0 -1
vn 0 0 -1
vn 0 0 -1
vn 0 0 -1
vn 0.97948 -0.20154 0
vn -0.47573 -0.87959 0
vn 0 0 -1
vn 0.63375 0.77354 0
vn 0.63375 0.77354 0
vn 0 0 -1
vn -0.44725 -0.89441 0
vn 0 0 -1
vn 0 0 -1
vn 0 0 -1
vn 0 0 -1
vn 0 0 -1
vn 0.67508 0.73775 0
vn 0 0 -1
vn 0.67508 0.73775 0
vn -0.40148 -0.91587 0
vn 0 0 -1
vn 0 0 -1
vn 0 0 -1
vn 0 0 -1
vn 0.96863 -0.24852 0
vn 0.96863 -0.24852 0
vn 0 0 -1
vn 0 0 -1
vn 0 0 -1
vn 0 0 -1
vn 0.61357 -0.78964 0
vn 0 0 -1
vn 0.75809 -0.65215 0
vn 0 0 -1
vn 0 0 -1
vn 0 0 -1
vn -0.35857 -0.9335 0
vn 0 0 -1
vn 0 0 -1
vn 0 0 -1
vn 0 0 -1
vn 0 0 -1
vn 0 0 -1
vn 0 0 -1
vn 0.99211 -0.1254 0
vn 0.99211 -0.1254 0
vn 0 0 -1
vn 0 0 -1
vn -0.38131 -0.92445 0
vn 0 0 -1
vn 0 0 -1
vn 0.84276 -0.53829 0
vn 0 0 -1
vn 0 0 -1
vn 0 0 -1
vn 0.67086 -0.74159 0
vn 0 0 -1
vn 0 0 -1
vn 0.59119 0.80653 0
vn 0 0 -1
vn 0.59119 0.80653 0
vn 0 0 -1
vn 0 0 -1
vn 0.86295 -0.50529 0
vn 0 0 -1
vn 0 0 -1
vn 0.00998 -0.99995 0
vn 0 0 -1
vn 0.50367 0.8639 0
vn 0.50367 0.8639 0
vn 0 0 -1
vn 0 0 -1
vn 0 0 -1
vn 0 0 -1
vn 0 0 -1
vn 0 0 -1
vn -0.0838 -0.99648 0
vn 0 0 -1
vn 0.79123 -0.61151 0
vn 0.45929 0.88829 0
vn 0 0 -1
vn 0 0 -1
vn 0 0 -1
vn 0.45929 0.88829 0
vn 0 0 -1
vn 0 0 -1
vn 0 0 -1
vn 0 0 -1
vn 0.81913 -0.57361 0
vn -0.15341 -0.98816 0
vn 0 0 -1
vn 0.92657 0.37613 0
vn 0.92657 0.37613 0
vn 0 0 -1
vn 0 0 -1
vn 0 0 -1
vn 0 0 -1
vn 0.13143 -0.99133 0
vn 0 0 -1
vn 0 0 -1
vn 0 0 -1
vn 0.94523 0.3264 0
vn 0.85236 0.52295 0
vn 0 0 -1
vn 0 0 -1
vn 0.46263 -0.88655 0
vn 0 0 -1
vn 0.9609 0.27689 0
vn 0.9609 0.27689 0
vn 0 0 -1
vn 0 0 -1
vn 0.90485 0.42572 0
vn 0 0 -1
vn 0.90485 0.42572 0
vn 0 0 -1
vn 0.67086 -0.74159 0
vn 0.67086 -0.74159 0
vn 0.42912 -0.90325 0
vn 0 0 -1
vn 0 0 -1
vn 0 0 -1
vn 0 0 -1
vn 0 0 -1
vn -0.24026 -0.97071 0
vn 0.75809 -0.65215 0
vn 0.61357 -0.78964 0
vn 0.61357 -0.78964 0
vn 0 0 -1
vn 0.86295 -0.50529 0
vn 0 0 -1
vn 0.59377 -0.80464 0
vn 0 0 -1
vn 0.84276 -0.53829 0
vn 0 0 -1
vn 0.84276 -0.53829 0
vn 0 0 -1
vn 0 0 -1
vn -0.2142 -0.97679 0
vn 0 0 -1
vn 0 0 -1
vn 0 0 -1
vn 0 0 -1
vn 0 0 -1
vn 0 0 -1
vn 0 0 -1
vn 0 0 -1
vn 0 0 -1
vn 0 0 -1
vn 0.79123 -0.61151 0
vn 0 0 -1
vn 0.5131 -0.85833 0
vn 0 0 -1
vn 0.86295 -0.50529 0
vn 0 0 -1
vn 0 0 -1
vn 1 0.00153 0
vn -0.31072 -0.9505 0
vn 0 0 -1
vn 0 0 -1
vn 0 0 -1
vn 0 0 -1
vn 0 0 -1
vn 0 0 -1
vn 0 0 -1
vn 0 0 -1
vn 0 0 -1
vn 0 0 -1
vn 0 0 -1
vn 0 0 -1
vn 0 0 -1
vn 0 0 -1
vn -0.34805 -0.93748 0
vn 0 0 -1
vn 0 0 -1
vn 0.97368 0.22793 0
vn 0 0 -1
vn 0.99908 0.04282 0
vn 0 0 -1
vn 0 0 -1
vn 0 0 -1
vn 0 0 -1
vn 0.99908 0.04282 0
vn 0 0 -1
vn 0 0 -1
vn 0 0 -1
vn -0.47567 -0.87962 0
vn 1 0.00153 0
vn 0 0 -1
vn 0 0 -1
vn 0 0 -1
vn 0 0 -1
vn 0 0 -1
vn -0.47203 -0.88158 0
vn 0.99939 -0.03491 0
vn 0.99939 -0.03491 0
vn 0 0 -1
vn 0 0 -1
vn -0.47694 -0.87894 0
vn 0 0 -1
vn 0.99773 -0.06733 0
vn 0.99773 -0.06733 0
vn -0.46606 -0.88475 0
vn 0 0 -1
vn 0.97368 0.22793 0
vn -0.45563 -0.89017 0
vn 0 0 -1
vn 0 0 -1
vn 0 0 -1
vn 0 0 -1
vn 0 0 -1
vn 0.9837 0.17981 0
vn 0.9837 0.17981 0
vn 0 0 -1
vn 0 0 -1
vn 0 0 -1
vn 0.99114 0.13279 0
vn -0.47191 -0.88165 0
vn 0.99114 0.13279 0
vn 0 0 -1
vn 0.9743 -0.22524 0
vn 0.9743 -0.22524 0
vn 0 0 -1
vn 0.9962 0.08707 0
vn 0 0 -1
vn 0 0 -1
vn -0.46529 -0.88516 0
vn 0.9962 0.08707 0
vn 0 0 -1
vn 0 0 -1
vn 0 0 -1
vn 0 0 -1
vn 0 0 -1
vn -0.34459 0.93875 0
vn -0.44403 0.89601 0
vn 0.93978 -0.34179 0
vn 0 0 -1
vn 0 0 -1
vn -0.38504 0.9229 0
vn -0.38504 0.9229 0
vn 0.71846 -0.69557 0
vn 0.95558 -0.29472 0
vn 0 0 -1
vn 0 0 -1
vn 0 0 -1
vn 0 0 -1
vn 0 0 -1
vn 0 0 -1
vn 0 0 -1
vn 0 0 -1
vn 0 0 -1
vn -0.42458 0.90539 0
vn -0.42458 0.90539 0
vn 0.93055 -0.36616 0
vn 0 0 -1
vn -0.44403 0.89601 0
vn 0.71486 0.69927 0
vn 0.71486 0.69927 0
vn 0 0 -1
vn 0.94523 0.3264 0
vn 0 0 -1
vn 0 0 -1
vn 0.15697 0.9876 0
vn 0.15697 0.9876 0
vn 0 0 -1
vn 0 0 -1
vn 0 0 -1
vn -0.30312 0.95295 0
vn 0 0 -1
vn 0 0 -1
vn -0.40492 0.91435 0
vn -0.40492 0.91435 0
vn -0.30312 0.95295 0
vn -0.34459 0.93875 0
vn 0 0 -1
vn -0.32399 0.94606 0
vn -0.32399 0.94606 0
vn 0.75276 0.65829 0
vn 0 0 -1
vn 0 0 -1
vn 0 0 -1
vn 0 0 -1
vn 0.75276 0.65829 0
vn 0 0 -1
vn 0 0 -1
vn 0 0 -1
vn 0 0 -1
vn 0 0 -1
vn 0.32664 0.94515 0
vn 0.32664 0.94515 0
vn 0 0 -1
vn 0 0 -1
vn 0 0 -1
vn 0 0 -1
vn 0.28321 0.95906 0
vn 0 0 -1
vn 0.28321 0.95906 0
vn 1 0.00153 0
vn 0.24039 0.97068 0
vn 0 0 -1
vn 0 0 -1
vn 0 0 -1
vn 0 0 -1
vn 0 0 -1
vn 0 0 -1
vn 0.24039 0.97068 0
vn 0.19829 0.98014 0
vn 0.8801 0.47479 0
vn 0.19829 0.98014 0
vn 0 0 -1
vn 0 0 -1
vn 0 0 -1
vn 0 0 -1
vn 0 0 -1
vn -0.07609 0.9971 0
vn -0.10055 0.99493 0
vn -0.10055 0.99493 0
vn 0 0 -1
vn 0 0 -1
vn 0.9837 0.17981 0
vn 0.99939 -0.03491 0
vn 0 0 -1
vn 0 0 -1
vn -0.02579 0.99967 0
vn 0 0 -1
vn 0.97368 0.22793 0
vn 0 0 -1
vn 0 0 -1
vn 0 0 -1
vn 0 0 -1
vn 0 0 -1
vn 0 0 -1
vn 0 0 -1
vn 0 0 -1
vn 0 0 -1
vn 0.99908 0.04282 0
vn 0.41485 0.90989 0
vn 0 0 -1
vn 0 0 -1
vn 0 0 -1
vn 0 0 -1
vn 0 0 -1
vn 0.41485 0.90989 0
vn 0.37057 0.9288 0
vn 0.37057 0.9288 0
vn 0 0 -1
vn -0.07609 0.9971 0
vn 0 0 -1
vn 0 0 -1
vn 0.99773 -0.06733 0
vn 0 0 -1
vn 0 0 -1
vn -0.3792 -0.92532 0
vn 0 0 -1
vn 0 0 -1
vn 0 0 -1
vn 0.25502 -0.96694 0
vn 0 0 -1
vn 0 0 -1
vn -0.40492 -0.91435 0
vn 0 0 -1
vn 0 0 -1
vn 0.54474 -0.83861 0
vn 0 0 -1
vn 0 0 -1
vn 0 0 -1
vn 0.94523 0.3264 0
vn 0 0 -1
vn 0 0 -1
vn 0.85236 0.52295 0
vn 0 0 -1
vn -0.42587 -0.90479 0
vn 0 0 -1
vn 0 0 -1
vn 0 0 -1
vn 0 0 -1
vn 0.8801 0.47479 0
vn 0 0 -1
vn 0.82176 0.56983 0
vn 0 0 -1
vn 0 0 -1
vn 0.82176 0.56983 0
vn -0.44261 -0.89671 0
vn 0 0 -1
vn 0.8801 0.47479 0
vn 0 0 -1
vn 0 0 -1
vn 0 0 -1
vn 0 0 -1
vn 0 0 -1
vn 0.36605 -0.93059 0
vn 0 0 -1
vn 0 0 -1
vn 0 0 -1
vn 0.78849 0.61505 0
vn 0.78849 0.61505 0
vn 0 0 -1
vn -0.28196 0.95942 0
vn 0 0 -1
vn -0.28196 0.95942 0
vn 0 0 -1
vn -0.21665 0.97625 0
vn -0.21665 0.97625 0
vn 0 0 -1
vn 0 0 -1
vn 0 0 -1
vn 0.99211 -0.1254 0
vn 0 0 -1
vn 0 0 -1
vn 0 0 -1
vn 0 0 -1
vn 0 0 -1
vn -0.26638 -0.96387 0
vn 0 0 -1
vn 0 0 -1
vn 0 0 -1
vn 0 0 -1
vn -0.23874 0.97108 0
vn 0 0 -1
vn 0 0 -1
vn -0.26051 0.96547 0
vn -0.26051 0.96547 0
vn 0 0 -1
vn 0 0 -1
vn 0.96863 -0.24852 0
vn 0.9884 -0.15189 0
vn -0.1942 0.98096 0
vn 0 0 -1
vn -0.1942 0.98096 0
vn 0 0 -1
vn 0 0 -1
vn -0.12457 0.99221 0
vn -0.12457 0.99221 0
vn 0 0 -1
vn 0 0 -1
vn 0.99525 -0.09734 0
vn -0.23874 0.97108 0
vn 0 0 -1
vn -0.17138 0.98521 0
vn 0 0 -1
vn -0.17138 0.98521 0
vn 0.98418 -0.17717 0
vn 0 0 -1
vn 0.88033 -0.47436 0
vn 0.89541 -0.44524 0
vn 0 0 -1
vn 0.94808 -0.31804 0
vn 0 0 -1
vn 0 0 -1
vn 0 0 -1
vn 0.9086 -0.41766 0
vn -0.14818 0.98896 0
vn -0.14818 0.98896 0
vn 0.92023 -0.39138 0
vn 0 0 -1
vn 0 0 -1
vn 0 0 -1
vn 0 0 -1
vn -0.92415 0.38204 0
vn -0.92415 0.38204 0
vn 0 0 -1
vn 0 0 -1
vn 0.11648 0.99319 0
vn 0.78849 0.61505 0
vn -0.89013 0.45571 0
vn 0 0 -1
vn 0.00294 1 0
vn -0.89013 0.45571 0
vn 0.92657 0.37613 0
vn -0.91339 0.40709 0
vn -0.91339 0.40709 0
vn -0.94378 0.33057 0
vn -0.94378 0.33057 0
vn -0.76265 0.64681 0
vn -0.02579 0.99967 0
vn -0.76265 0.64681 0
vn 0.85236 0.52295 0
vn 0.03804 0.99928 0
vn -0.05117 0.99869 0
vn -0.93429 0.35652 0
vn 0 0 -1
vn -0.93429 0.35652 0
vn 0 0 -1
vn 0 0 -1
vn 0 0 -1
vn 0 0 -1
vn 0 0 -1
vn 0 0 -1
vn 0 0 -1
vn 0 0 -1
vn 0.90485 0.42572 0
vn 0 0 -1
vn 0 0 -1
vn -0.90204 0.43166 0
vn 0.82176 0.56983 0
vn -0.90204 0.43166 0
vn 0.07683 0.99704 0
vn 0 0 -1
vn 0 0 -1
vn 0 0 -1
vn -0.36493 0.93103 0
vn -0.36493 0.93103 0
vn 0 0 -1
vn 0.9609 0.27689 0
vn -0.53848 0.84264 0
vn -0.53848 0.84264 0
vn 0 0 -1
vn 0 0 -1
vn -0.55685 0.83062 0
vn 0 0 -1
vn 0 0 -1
vn -0.57504 0.81813 0
vn 0 0 -1
vn 0 0 -1
vn -0.57504 0.81813 0
vn 0 0 -1
vn 0 0 -1
vn -0.59306 0.80516 0
vn 0 0 -1
vn 0 0 -1
vn -0.59306 0.80516 0
vn 0 0 -1
vn -0.50124 0.86531 0
vn 0 0 -1
vn -0.50124 0.86531 0
vn 0 0 -1
vn 0 0 -1
vn 0 0 -1
vn 0 0 -1
vn -0.51995 0.8542 0
vn -0.51995 0.8542 0
vn 0 0 -1
vn 0 0 -1
vn -0.55685 0.83062 0
vn 0 0 -1
vn 0 0 -1
vn 0 0 -1
vn 0.9743 -0.22524 0
vn 0 0 -1
vn 0.11648 0.99319 0
vn 0.00294 1 0
vn 0 0 -1
vn 0 0 -1
vn 0.00294 1 0
vn 0 0 -1
vn 0.11648 0.99319 0
vn 0 0 -1
vn 0 0 -1
vn -0.02579 0.99967 0
vn -0.05117 0.99869 0
vn -0.05117 0.99869 0
vn 0 0 -1
vn 0 0 -1
vn 0 0 -1
vn 0.03804 0.99928 0
vn 0.03804 0.99928 0
vn 0.9962 0.08707 0
vn 0 0 -1
vn 0 0 -1
vn 0 0 -1
vn 0 0 -1
vn 0.99114 0.13279 0
vn 0 0 -1
vn -0.61091 0.7917 0
vn -0.61091 0.7917 0
vn 0.15697 0.9876 0
vn 0 0 -1
vn 0 0 -1
vn 0 0 -1
vn 0 0 -1
vn -0.64608 0.76327 0
vn -0.62859 0.77774 0
vn -0.62859 0.77774 0
vn -0.85135 0.52459 0
vn -0.85135 0.52459 0
vn 0 0 -1
vn 0 0 -1
vn 0 0 -1
vn 0.07683 0.99704 0
vn 0.07683 0.99704 0
vn 0 0 -1
vn 0 0 -1
vn 0.96241 -0.27162 0
vn 0 0 -1
vn 0 0 -1
vn 0.97948 -0.20154 0
vn -0.66339 0.74828 0
vn 0 0 -1
vn -0.66339 0.74828 0
vn 0 0 -1
vn 0 0 -1
vn 0.59119 0.80653 0
vn 0.32664 0.94515 0
vn 0 0 -1
vn -0.82325 0.56767 0
vn 0 0 -1
vn -0.82325 0.56767 0
vn 0.28321 0.95906 0
vn 0 0 -1
vn -0.83751 0.54642 0
vn -0.83751 0.54642 0
vn 0.24039 0.97068 0
vn -0.80861 0.58834 0
vn -0.80861 0.58834 0
vn 0 0 -1
vn 0 0 -1
vn 0 0 -1
vn 0 0 -1
vn 0.19829 0.98014 0
vn 0 0 -1
vn 0 0 -1
vn -0.07609 0.9971 0
vn -0.79362 0.60842 0
vn -0.79362 0.60842 0
vn 0 0 -1
vn -0.74672 0.66514 0
vn -0.10055 0.99493 0
vn -0.74672 0.66514 0
vn 0.45929 0.88829 0
vn 0 0 -1
vn 0 0 -1
vn 0.41485 0.90989 0
vn 0 0 -1
vn 0 0 -1
vn 0.50367 0.8639 0
vn -0.77829 0.62791 0
vn 0.37057 0.9288 0
vn -0.77829 0.62791 0
vn 0 0 -1
vn 0 0 -1
vn 0 0 -1
vn 0 0 -1
vn 0 0 -1
vn -0.90578 -0.42375 0
vn -0.90578 -0.42375 0
vn 0 0 -1
vn 0 0 -1
vn -0.8824 -0.47051 0
vn -0.8824 -0.47051 0
vn 0 0 -1
vn 0 0 -1
vn -0.66339 0.74828 0
vn 0 0 -1
vn -0.99328 -0.11575 0
vn -0.62859 0.77774 0
vn -0.99328 -0.11575 0
vn -0.61091 0.7917 0
vn 0 0 -1
vn -0.6974 0.71669 0
vn -0.9868 -0.16196 0
vn 0 0 -1
vn 0 0 -1
vn -0.9868 -0.16196 0
vn -0.26051 0.96547 0
vn 0 0 -1
vn -0.87769 0.47922 0
vn -0.87769 0.47922 0
vn -0.86476 0.50219 0
vn -0.86476 0.50219 0
vn 0 0 -1
vn 0 0 -1
vn 0 0 -1
vn 0 0 -1
vn 0 0 -1
vn -0.89442 -0.44723 0
vn -0.89442 -0.44723 0
vn 0 0 -1
vn 0 0 -1
vn -0.85135 0.52459 0
vn 0 0 -1
vn 0 0 -1
vn -0.98069 0.19556 0
vn 0 0 -1
vn -0.1942 0.98096 0
vn 0 0 -1
vn -0.98069 0.19556 0
vn 0 0 -1
vn 0 0 -1
vn 0 0 -1
vn 0 0 -1
vn -0.99372 0.1119 0
vn -0.99372 0.1119 0
vn -0.17138 0.98521 0
vn -0.97479 0.22313 0
vn -0.97479 0.22313 0
vn 0 0 -1
vn -0.23874 0.97108 0
vn -0.21665 0.97625 0
vn -0.28196 0.95942 0
vn -0.98582 0.1678 0
vn 0 0 -1
vn -0.9526 0.30422 0
vn -0.42458 0.90539 0
vn 0 0 -1
vn 0 0 -1
vn 0 0 -1
vn -0.9526 0.30422 0
vn 0 0 -1
vn 0 0 -1
vn 0 0 -1
vn 0 0 -1
vn -0.99017 0.1399 0
vn -0.14818 0.98896 0
vn -0.99017 0.1399 0
vn -0.96813 0.25045 0
vn -0.96813 0.25045 0
vn 0 0 -1
vn -0.98582 0.1678 0
vn -0.12457 0.99221 0
vn 0 0 -1
vn -0.96073 0.2775 0
vn -0.96073 0.2775 0
vn 0 0 -1
vn 0 0 -1
vn 0.63375 0.77354 0
vn -0.6805 0.73275 0
vn -0.6805 0.73275 0
vn 0 0 -1
vn 0 0 -1
vn 0 0 -1
vn -0.6974 0.71669 0
vn -0.6974 0.71669 0
vn 0 0 -1
vn -0.48236 0.87597 0
vn 0 0 -1
vn 0.54773 0.83666 0
vn -0.71408 0.70007 0
vn 0 0 -1
vn -0.71408 0.70007 0
vn -0.46329 0.88621 0
vn -0.46329 0.88621 0
vn 0.67508 0.73775 0
vn -0.73052 0.68289 0
vn -0.73052 0.68289 0
vn 0 0 -1
vn -0.48236 0.87597 0
vn -0.55685 0.83062 0
vn -0.50124 0.86531 0
vn -0.30312 0.95295 0
vn -0.99966 -0.02615 0
vn -0.99966 -0.02615 0
vn 0 0 -1
vn 0 0 -1
vn -0.64608 0.76327 0
vn 0 0 -1
vn 0 0 -1
vn -1 -0.00054 0
vn -1 -0.00054 0
vn -0.53848 0.84264 0
vn 0 0 -1
vn 0.75276 0.65829 0
vn -0.32399 0.94606 0
vn 0.71486 0.69927 0
vn -0.99648 0.08386 0
vn -0.99648 0.08386 0
vn -0.97255 -0.23271 0
vn -0.95986 -0.28048 0
vn -0.95986 -0.28048 0
vn -0.48236 0.87597 0
vn 0 0 -1
vn 0 0 -1
vn -0.99961 0.02786 0
vn -0.99844 0.05583 0
vn -0.99844 0.05583 0
vn -0.99961 0.02786 0
vn -0.51995 0.8542 0
vn 0 0 -1
vn 0 0 -1
vn -0.99033 -0.13874 0
vn 0 0 -1
vn -0.99033 -0.13874 0
vn -0.64608 0.76327 0
vn -0.73052 0.68289 0
vn 0 0 -1
vn -0.6805 0.73275 0
vn -0.97792 -0.20898 0
vn 0 0 -1
vn 0 0 -1
vn -0.97792 -0.20898 0
vn -0.71408 0.70007 0
vn -0.96653 -0.25656 0
vn -0.96653 -0.25656 0
vn -0.97255 -0.23271 0
vn -0.98267 -0.18538 0
vn -0.98267 -0.18538 0
vn -0.46329 0.88621 0
vn -0.99966 -0.02615 0
vn 0 0 -1
vn -0.53281 -0.84624 0
vn 0 0 -1
vn -0.53281 -0.84624 0
vn 0 0 -1
vn -0.99961 0.02786 0
vn -0.99567 -0.09301 0
vn 0 0 -1
vn -0.55364 -0.83276 0
vn 0 0 -1
vn 0 0 -1
vn 0 0 -1
vn -0.55364 -0.83276 0
vn 0 0 -1
vn -0.99844 0.05583 0
vn -0.99751 -0.07053 0
vn 0 0 -1
vn 0 0 -1
vn 0 0 -1
vn 0 0 -1
vn 0 0 -1
vn 0 0 -1
vn 0 0 -1
vn 0 0 -1
vn -0.51181 -0.8591 0
vn -0.51181 -0.8591 0
vn 0 0 -1
vn -0.94453 -0.32844 0
vn -0.80861 0.58834 0
vn -0.91648 -0.40008 0
vn -0.91648 -0.40008 0
vn 0 0 -1
vn 0 0 -1
vn -0.82325 0.56767 0
vn -0.9265 -0.37629 0
vn -0.83751 0.54642 0
vn 0 0 -1
vn 0 0 -1
vn -0.9265 -0.37629 0
vn 0 0 -1
vn 0 0 -1
vn -0.57427 -0.81866 0
vn -0.57427 -0.81866 0
vn 0 0 -1
vn 0 0 -1
vn 0 0 -1
vn -0.99883 -0.04835 0
vn 0 0 -1
vn -0.99648 0.08386 0
vn 0 0 -1
vn -0.25395 -0.96722 0
vn -0.59469 -0.80395 0
vn -0.25395 -0.96722 0
vn -0.59469 -0.80395 0
vn -0.94378 0.33057 0
vn 0 0 -1
vn 0 0 -1
vn 0 0 -1
vn -0.74672 0.66514 0
vn 0 0 -1
vn -0.95253 -0.30445 0
vn -0.95253 -0.30445 0
vn 0 0 -1
vn 0 0 -1
vn -0.76419 -0.64499 0
vn -0.76419 -0.64499 0
vn -0.79362 0.60842 0
vn -0.78093 -0.62461 0
vn 0 0 -1
vn -0.78093 -0.62461 0
vn -0.77829 0.62791 0
vn 0 0 -1
vn -0.93585 -0.35239 0
vn 0 0 -1
vn 0 0 -1
vn -0.93585 -0.35239 0
vn -0.94453 -0.32844 0
vn 0 0 -1
vn 0 0 -1
vn 0 0 -1
vn -0.81284 -0.58249 0
vn -0.81284 -0.58249 0
vn -0.82796 -0.56079 0
vn -0.82796 -0.56079 0
vn -0.92415 0.38204 0
vn 0 0 -1
vn -0.79716 -0.60377 0
vn -0.79716 -0.60377 0
vn -0.93429 0.35652 0
vn -0.76265 0.64681 0
vn -0.99883 -0.04835 0
vn -0.99883 -0.04835 0
vn 0 0 -1
vn -0.36493 0.93103 0
vn -0.57504 0.81813 0
vn 0 0 -1
vn -0.40492 0.91435 0
vn -0.99567 -0.09301 0
vn -0.99567 -0.09301 0
vn -0.34459 0.93875 0
vn 0 0 -1
vn 0 0 -1
vn -0.38504 0.9229 0
vn 0 0 -1
vn 0 0 -1
vn -0.44403 0.89601 0
vn 0 0 -1
vn 0 0 -1
vn -0.74696 -0.66486 0
vn -0.74696 -0.66486 0
vn -0.61487 -0.78863 0
vn -0.99017 0.1399 0
vn -0.69259 -0.72133 0
vn -0.69259 -0.72133 0
vn -0.98582 0.1678 0
vn -0.99751 -0.07053 0
vn -0.99751 -0.07053 0
vn 0 0 -1
vn 0 0 -1
vn -0.71113 -0.70306 0
vn -0.71113 -0.70306 0
vn 0 0 -1
vn 0 0 -1
vn 0 0 -1
vn -0.59306 0.80516 0
vn -0.96813 0.25045 0
vn -0.9526 0.30422 0
vn -0.96073 0.2775 0
vn 0 0 -1
vn -0.4694 -0.88298 0
vn -0.4694 -0.88298 0
vn -0.98069 0.19556 0
vn -0.72927 -0.68423 0
vn -0.72927 -0.68423 0
vn -0.97479 0.22313 0
vn 0 0 -1
vn 0 0 -1
vn 0 0 -1
vn 0 0 -1
vn 0 0 -1
vn 0 0 -1
vn 0 0 -1
vn 0 0 -1
vn 0 0 -1
vn 0 0 -1
vn 0 0 -1
vn -0.49067 -0.87135 0
vn -0.49067 -0.87135 0
vn 0 0 -1
vn 0 0 -1
vn -0.44803 -0.89402 0
vn 0 0 -1
vn -0.44803 -0.89402 0
vn 0 0 -1
vn 0 0 -1
vn 0.04033 -0.99919 0
vn 0.04033 -0.99919 0
vn -0.63477 -0.7727 0
vn 0.08016 -0.99678 0
vn 0.08016 -0.99678 0
vn 0 0 -1
vn 0 0 -1
vn 0 0 -1
vn -0.21096 -0.97749 0
vn 0 0 -1
vn 0 0 -1
vn -0.21096 -0.97749 0
vn 0 0 -1
vn -1 -0.00054 0
vn -0.23243 -0.97261 0
vn 0 0 -1
vn -0.16819 -0.98575 0
vn -0.16819 -0.98575 0
vn -0.1469 -0.98915 0
vn 0 0 -1
vn -0.23243 -0.97261 0
vn -0.1469 -0.98915 0
vn -0.06247 -0.99805 0
vn 0 0 -1
vn -0.06247 -0.99805 0
vn -0.84249 -0.53872 0
vn 0 0 -1
vn 0 0 -1
vn 0 0 -1
vn -0.04157 -0.99914 0
vn 0 0 -1
vn 0 0 -1
vn -0.82796 -0.56079 0
vn 0 0 -1
vn 0 0 -1
vn -0.04157 -0.99914 0
vn -0.61487 -0.78863 0
vn 0 0 -1
vn 0 0 -1
vn 0 0 -1
vn 0 0 -1
vn 0 0 -1
vn 0 0 -1
vn 0.11932 -0.99286 0
vn 0 0 -1
vn 0 0 -1
vn -0.86972 -0.49354 0
vn 0.11932 -0.99286 0
vn -0.85642 -0.51629 0
vn 0 0 -1
vn -0.65438 -0.75617 0
vn -0.12568 -0.99207 0
vn -0.12568 -0.99207 0
vn -0.96653 -0.25656 0
vn -0.97792 -0.20898 0
vn 0 0 -1
vn -0.36191 -0.93221 0
vn -0.9868 -0.16196 0
vn 0 0 -1
vn 0 0 -1
vn -0.36191 -0.93221 0
vn -0.3403 -0.94032 0
vn -0.3403 -0.94032 0
vn -0.98267 -0.18538 0
vn -0.42658 -0.90445 0
vn 0 0 -1
vn -0.42658 -0.90445 0
vn 0 0 -1
vn 0 0 -1
vn 0 0 -1
vn 0 0 -1
vn 0 0 -1
vn -0.18954 -0.98187 0
vn 0 0 -1
vn 0 0 -1
vn -0.95986 -0.28048 0
vn 0 0 -1
vn -0.18954 -0.98187 0
vn -0.10453 -0.99452 0
vn -0.10453 -0.99452 0
vn 0 0 -1
vn -0.97255 -0.23271 0
vn 0 0 -1
vn 0 0 -1
vn 0 0 -1
vn -0.86972 -0.49354 0
vn -0.86972 -0.49354 0
vn -0.61487 -0.78863 0
vn -0.89013 0.45571 0
vn -0.63477 -0.7727 0
vn 0 0 -1
vn 0.26744 -0.96357 0
vn 0 0 -1
vn 0.26744 -0.96357 0
vn -0.87769 0.47922 0
vn -0.63477 -0.7727 0
vn 0 0 -1
vn 0 0 -1
vn -0.90204 0.43166 0
vn 0 0 -1
vn -0.84249 -0.53872 0
vn 0 0 -1
vn -0.84249 -0.53872 0
vn 0 0 -1
vn -0.9265 -0.37629 0
vn 0 0 -1
vn 0 0 -1
vn 0 0 -1
vn 0.30203 -0.9533 0
vn 0.30203 -0.9533 0
vn 0 0 -1
vn 0 0 -1
vn 0 0 -1
vn -0.91339 0.40709 0
vn -0.85642 -0.51629 0
vn -0.85642 -0.51629 0
vn -0.91648 -0.40008 0
vn 0 0 -1
vn 0.33556 -0.94202 0
vn 0 0 -1
vn 0.19523 -0.98076 0
vn 0.19523 -0.98076 0
vn -0.86476 0.50219 0
vn -0.65438 -0.75617 0
vn -0.65438 -0.75617 0
vn 0 0 -1
vn 0 0 -1
vn -0.67366 -0.73904 0
vn -0.67366 -0.73904 0
vn -0.99372 0.1119 0
vn 0 0 -1
vn 0 0 -1
vn 0.33556 -0.94202 0
vn 0.36801 -0.92982 0
vn 0 0 -1
vn -0.79716 -0.60377 0
vn 0.36801 -0.92982 0
vn 0 0 -1
vn 0 0 -1
vn 0 0 -1
vn 0 0 -1
vn 0 0 -1
vn 0 0 -1
vn -0.78093 -0.62461 0
vn 0 0 -1
vn 0 0 -1
vn 0 0 -1
vn 0.39938 -0.91679 0
vn 0 0 -1
vn 0 0 -1
vn 0.39938 -0.91679 0
vn 0 0 -1
vn -0.02075 -0.99978 0
vn -0.02075 -0.99978 0
vn 0.00495 -0.99999 0
vn 0.00495 -0.99999 0
vn -0.81284 -0.58249 0
vn 0 0 -1
vn 0 0 -1
vn 0 0 -1
vn 0 0 -1
vn -0.94453 -0.32844 0
vn 0.23182 -0.97276 0
vn 0 0 -1
vn 0.23182 -0.97276 0
vn 0 0 -1
vn -0.93585 -0.35239 0
vn 0 0 -1
vn 0 0 -1
vn -0.76419 -0.64499 0
vn 0 0 -1
vn 0 0 -1
vn 0 0 -1
vn 0 0 -1
vn 0 0 -1
vn 0 0 -1
vn 0 0 -1
vn 0 0 -1
vn 0 0 -1
vn 0 0 -1
vn 0 0 -1
vn 0 0 -1
vn 0 0 -1
vn 0 0 -1
vn 0 0 -1
vn -0.95253 -0.30445 0
vn -0.08346 -0.99651 0
vn 0 0 -1
vn -0.08346 -0.99651 0
vn 0 0 -1
vn 0 0 -1
vn 0.1577 -0.98749 0
vn 0 0 -1
vn 0 0 -1
vn 0 0 -1
vn 0.82469 -0.56559 0
vn 0.82469 -0.56559 0
vn 0 0 -1
vn 0 0 -1
vn 0.19523 -0.98076 0
vn 0.53 0.848 0
vn 0.83136 -0.55573 0
vn 0 0 -1
vn -0.4694 -0.88298 0
vn 0 0 -1
vn 0 0 -1
vn 0 0 -1
vn 0 0 -1
vn 0.65549 -0.7552 0
vn 0.65549 -0.7552 0
vn -0.44803 -0.89402 0
vn 0 0 -1
vn 0 0 -1
vn 0 0 -1
vn 0.67586 -0.73703 0
vn 0 0 -1
vn 0.67586 -0.73703 0
vn -0.67366 -0.73904 0
vn 0 0 -1
vn 0 0 -1
vn 0 0 -1
vn 0 0 -1
vn -0.61294 0.79013 0
vn -0.29709 -0.95485 0
vn 0 0 -1
vn 0 0 -1
vn 0 0 -1
vn -0.61294 0.79013 0
vn 0 0 -1
vn 0 0 -1
vn 0.78142 -0.62401 0
vn 0.78142 -0.62401 0
vn 0 0 -1
vn 0 0 -1
vn 0 0 -1
vn 0.23182 -0.97276 0
vn 0 0 -1
vn 0 0 -1
vn 0 0 -1
vn -0.74184 0.67058 0
vn 0.53 0.848 0
vn 0 0 -1
vn 0 0 -1
vn 0.26744 -0.96357 0
vn -0.73521 0.67784 0
vn -0.73521 0.67784 0
vn 0 0 -1
vn 0 0 -1
vn 0 0 -1
vn 0 0 -1
vn 0 0 -1
vn 0.69539 -0.71864 0
vn 0 0 -1
vn 0.69539 -0.71864 0
vn -0.49067 -0.87135 0
vn 0 0 -1
vn 0 0 -1
vn 0 0 -1
vn 0.7141 -0.70004 0
vn 0.7141 -0.70004 0
vn 0 0 -1
vn 0 0 -1
vn 0 0 -1
vn 0 0 -1
vn 0 0 -1
vn 0 0 -1
vn -0.51181 -0.8591 0
vn 0 0 -1
vn 0 0 -1
vn 0 0 -1
vn 0 0 -1
vn 0 0 -1
vn 0 0 -1
vn 0 0 -1
vn 0 0 -1
vn -0.53281 -0.84624 0
vn 0 0 -1
vn 0 0 -1
vn 0 0 -1
vn 0 0 -1
vn 0 0 -1
vn 0.48696 -0.87342 0
vn 0 0 -1
vn 0 0 -1
vn 0 0 -1
vn 0 0 -1
vn 0 0 -1
vn 0 0 -1
vn 0 0 -1
vn -0.72927 -0.68423 0
vn 0 0 -1
vn 0 0 -1
vn 0 0 -1
vn 0 0 -1
vn 0 0 -1
vn 0 0 -1
vn 0 0 -1
vn 0.73204 -0.68127 0
vn 0 0 -1
vn 0 0 -1
vn -0.69259 -0.72133 0
vn 0.63426 -0.77312 0
vn 0.63426 -0.77312 0
vn 0 0 -1
vn 0 0 -1
vn 0 0 -1
vn 0 0 -1
vn 0 0 -1
vn 0 0 -1
vn 0 0 -1
vn -0.71113 -0.70306 0
vn 0 0 -1
vn 0.42966 -0.90299 0
vn 0.73204 -0.68127 0
vn 0.42966 -0.90299 0
vn 0 0 -1
vn 0.45884 -0.88852 0
vn 0 0 -1
vn 0 0 -1
vn 0.45884 -0.88852 0
vn -0.74696 -0.66486 0
vn 0.74922 -0.66232 0
vn 0.74922 -0.66232 0
vn -0.31869 -0.94786 0
vn -0.90578 -0.42375 0
vn 0 0 -1
vn -0.31869 -0.94786 0
vn -0.29709 -0.95485 0
vn -0.29709 -0.95485 0
vn -0.89442 -0.44723 0
vn 0 0 -1
vn -0.69317 0.72077 0
vn 0 0 -1
vn -0.42658 -0.90445 0
vn -0.69317 0.72077 0
vn 0 0 -1
vn -0.6782 0.73488 0
vn 0 0 -1
vn -0.6782 0.73488 0
vn -0.99328 -0.11575 0
vn -0.40507 -0.91428 0
vn 0 0 -1
vn 0 0 -1
vn 0 0 -1
vn -0.38351 -0.92354 0
vn -0.99033 -0.13874 0
vn -0.40507 -0.91428 0
vn -0.38351 -0.92354 0
vn 0 0 -1
vn -0.2755 -0.9613 0
vn -0.2755 -0.9613 0
vn 0 0 -1
vn 0 0 -1
vn -0.8824 -0.47051 0
vn 0 0 -1
vn 0 0 -1
vn 0.1577 -0.98749 0
vn 0.1577 -0.98749 0
vn 0 0 -1
vn 0 0 -1
vn 0 0 -1
vn 0 0 -1
vn 0 0 -1
vn 0 0 -1
vn 0 0 -1
vn -0.66272 0.74887 0
vn -0.66272 0.74887 0
vn -0.38351 -0.92354 0
vn 0 0 -1
vn 0 0 -1
vn 0 0 -1
vn -0.2755 -0.9613 0
vn -0.63012 0.7765 0
vn -0.6467 0.76274 0
vn -0.6467 0.76274 0
vn 0 0 -1
vn 0.79649 -0.60465 0
vn 0.79649 -0.60465 0
vn 0 0 -1
vn 0 0 -1
vn 0 0 -1
vn 0 0 -1
vn -0.31869 -0.94786 0
vn 0 0 -1
vn 0 0 -1
vn 0.81091 -0.58518 0
vn 0 0 -1
vn 0.81091 -0.58518 0
vn 0 0 -1
vn 0 0 -1
vn 0 0 -1
vn 0.58907 -0.80809 0
vn 0 0 -1
vn -0.12568 -0.99207 0
vn 0.61213 -0.79076 0
vn 0.58907 -0.80809 0
vn 0.61213 -0.79076 0
vn -0.70765 0.70657 0
vn 0 0 -1
vn 0 0 -1
vn -0.10453 -0.99452 0
vn -0.36191 -0.93221 0
vn 0 0 -1
vn 0 0 -1
vn 0 0 -1
vn -0.70765 0.70657 0
vn 0 0 -1
vn 0 0 -1
vn -0.63012 0.7765 0
vn -0.3403 -0.94032 0
vn 0 0 -1
vn 0 0 -1
vn -0.59515 0.80361 0
vn -0.59515 0.80361 0
vn 0 0 -1
vn -0.40507 -0.91428 0
vn 0 0 -1
vn 0 0 -1
vn -0.1725 0.98501 0
vn 0 0 -1
vn -0.13959 0.99021 0
vn 0 0 -1
vn 0 0 -1
vn 0 0 -1
vn 0 0 -1
vn 0 0 -1
vn -0.1725 0.98501 0
vn 0 0 -1
vn 0 0 -1
vn -0.35069 0.93649 0
vn -0.35069 0.93649 0
vn 0 0 -1
vn 0 0 -1
vn -0.08346 -0.99651 0
vn 0 0 -1
vn -0.32334 0.94628 0
vn 0 0 -1
vn -0.13959 0.99021 0
vn 0.39938 -0.91679 0
vn 0 0 -1
vn 0 0 -1
vn -0.32334 0.94628 0
vn 0 0 -1
vn 0 0 -1
vn 0 0 -1
vn 0.58907 -0.80809 0
vn 0.1514 0.98847 0
vn 0.1514 0.98847 0
vn 0.21508 0.9766 0
vn 0.56504 -0.82506 0
vn 0.76567 -0.64323 0
vn 0.21508 0.9766 0
vn -0.07123 0.99746 0
vn 0 0 -1
vn 0 0 -1
vn 0 0 -1
vn -0.07123 0.99746 0
vn -0.10581 0.99439 0
vn -0.10581 0.99439 0
vn 0 0 -1
vn 0 0 -1
vn 0 0 -1
vn 0 0 -1
vn 0 0 -1
vn 0 0 -1
vn -0.04157 -0.99914 0
vn 0 0 -1
vn 0 0 -1
vn -0.29505 0.95548 0
vn -0.06247 -0.99805 0
vn 0 0 -1
vn 0 0 -1
vn 0.08016 -0.99678 0
vn 0 0 -1
vn -0.20453 0.97886 0
vn -0.57672 0.81694 0
vn -0.20453 0.97886 0
vn 0 0 -1
vn -0.57672 0.81694 0
vn -0.23564 0.97184 0
vn -0.51727 0.85582 0
vn -0.51727 0.85582 0
vn 0 0 -1
vn -0.23564 0.97184 0
vn 0 0 -1
vn -0.40262 0.91537 0
vn -0.40262 0.91537 0
vn 0 0 -1
vn 0.36801 -0.92982 0
vn 0 0 -1
vn 0 0 -1
vn 0.33556 -0.94202 0
vn -0.37711 0.92617 0
vn -0.37711 0.92617 0
vn 0 0 -1
vn -0.72165 0.69226 0
vn 0 0 -1
vn 0 0 -1
vn -0.72165 0.69226 0
vn 0.30203 -0.9533 0
vn -0.02075 -0.99978 0
vn 0 0 -1
vn 0 0 -1
vn 0 0 -1
vn 0 0 -1
vn 0 0 -1
vn 0 0 -1
vn 0 0 -1
vn 0 0 -1
vn 0 0 -1
vn 0 0 -1
vn 0 0 -1
vn 0.51402 -0.85778 0
vn 0 0 -1
vn 0 0 -1
vn 0.51402 -0.85778 0
vn 0 0 -1
vn 0 0 -1
vn 0 0 -1
vn 0 0 -1
vn 0 0 -1
vn 0 0 -1
vn 0 0 -1
vn 0.54004 -0.84164 0
vn 0 0 -1
vn 0 0 -1
vn 0.54004 -0.84164 0
vn 0 0 -1
vn 0 0 -1
vn 0 0 -1
vn 0.69539 -0.71864 0
vn 0 0 -1
vn 0.42966 -0.90299 0
vn 0 0 -1
vn 0 0 -1
vn 0 0 -1
vn 0 0 -1
vn 0.67586 -0.73703 0
vn 0 0 -1
vn 0 0 -1
vn 0.48696 -0.87342 0
vn 0 0 -1
vn -0.23243 -0.97261 0
vn 0 0 -1
vn 0.76567 -0.64323 0
vn 0 0 -1
vn 0 0 -1
vn 0 0 -1
vn -0.57427 -0.81866 0
vn 0 0 -1
vn 0 0 -1
vn 0.76567 -0.64323 0
vn 0 0 -1
vn -0.25395 -0.96722 0
vn 0 0 -1
vn -0.55364 -0.83276 0
vn 0 0 -1
vn -0.18954 -0.98187 0
vn 0 0 -1
vn -0.16819 -0.98575 0
vn 0 0 -1
vn 0 0 -1
vn 0 0 -1
vn 0 0 -1
vn 0 0 -1
vn 0 0 -1
vn 0 0 -1
vn 0 0 -1
vn 0.56504 -0.82506 0
vn -0.21096 -0.97749 0
vn 0.56504 -0.82506 0
vn -0.1469 -0.98915 0
vn 0 0 -1
vn 0 0 -1
vn 0 0 -1
vn -0.59469 -0.80395 0
vn 0 0 -1
vn 0.08939 0.996 0
vn 0.08939 0.996 0
vn 0.73204 -0.68127 0
vn 0.48696 -0.87342 0
vn 0 0 -1
vn 0.06913 0.99761 0
vn 0.06913 0.99761 0
vn 0 0 -1
vn 0.7141 -0.70004 0
vn 0.45884 -0.88852 0
vn 0 0 -1
vn 0 0 -1
vn 0 0 -1
vn 0 0 -1
vn 0.19368 0.98107 0
vn 0.19368 0.98107 0
vn 0.61213 -0.79076 0
vn 0 0 -1
vn 0 0 -1
vn -0.45098 0.89253 0
vn 0 0 -1
vn -0.45098 0.89253 0
vn 0 0 -1
vn 0.65549 -0.7552 0
vn 0 0 -1
vn 0 0 -1
vn 0 0 -1
vn 0.63426 -0.77312 0
vn 0.13053 0.99144 0
vn 0.13053 0.99144 0
vn 0.74922 -0.66232 0
vn 0 0 -1
vn 0.54004 -0.84164 0
vn 0.10986 0.99395 0
vn 0 0 -1
vn 0 0 -1
vn 0.10986 0.99395 0
vn 0 0 -1
vn 0.17245 0.98502 0
vn 0.51402 -0.85778 0
vn 0.17245 0.98502 0
vn 0.65096 0.75911 0
vn -0.51727 0.85582 0
vn 0 0 -1
vn 0.65096 0.75911 0
vn 0.63048 0.7762 0
vn 0.63048 0.7762 0
vn -0.53781 0.84307 0
vn -0.47389 0.88059 0
vn 0 0 -1
vn 0 0 -1
vn 0 0 -1
vn -0.66272 0.74887 0
vn 0.04906 0.9988 0
vn 0.02733 0.99963 0
vn 0.02733 0.99963 0
vn 0.43538 0.90025 0
vn 0.85845 0.5129 0
vn 0.43538 0.90025 0
vn -0.6782 0.73488 0
vn 0.79853 0.60196 0
vn 0 0 -1
vn 0 0 -1
vn 0.79853 0.60196 0
vn 0 0 -1
vn 0 0 -1
vn 0.78195 0.62334 0
vn 0.78195 0.62334 0
vn -0.23564 0.97184 0
vn 0 0 -1
vn 0.8298 0.55806 0
vn 0.69075 0.72309 0
vn 0 0 -1
vn 0.69075 0.72309 0
vn 0.67106 0.7414 0
vn 0 0 -1
vn 0.08939 0.996 0
vn -0.49597 0.86834 0
vn 0 0 -1
vn 0.67106 0.7414 0
vn 0 0 -1
vn 0.41311 0.91068 0
vn 0.41311 0.91068 0
vn 0.47978 0.87739 0
vn 0.47978 0.87739 0
vn -0.6467 0.76274 0
vn 0 0 -1
vn 0 0 -1
vn 0 0 -1
vn 0.82469 -0.56559 0
vn 0.81091 -0.58518 0
vn 0 0 -1
vn 0 0 -1
vn 0 0 -1
vn 0.25835 0.96605 0
vn 0 0 -1
vn 0.79649 -0.60465 0
vn 0.25835 0.96605 0
vn 0 0 -1
vn 0 0 -1
vn -0.69317 0.72077 0
vn 0 0 -1
vn -0.03591 0.99936 0
vn 0 0 -1
vn -0.03591 0.99936 0
vn -0.70765 0.70657 0
vn 0.04906 0.9988 0
vn 0.45761 0.88915 0
vn 0.45761 0.88915 0
vn 0.52381 0.85184 0
vn 0.52381 0.85184 0
vn -0.63012 0.7765 0
vn -0.00124 1 0
vn -0.00124 1 0
vn -0.53781 0.84307 0
vn -0.53781 0.84307 0
vn 0 0 -1
vn 0 0 -1
vn 0 0 -1
vn 0 0 -1
vn -0.47389 0.88059 0
vn -0.47389 0.88059 0
vn 0 0 -1
vn 0 0 -1
vn 0.36858 0.92959 0
vn -0.32334 0.94628 0
vn 0.36858 0.92959 0
vn 0 0 -1
vn 0 0 -1
vn -0.40262 0.91537 0
vn 0 0 -1
vn 0.04033 -0.99919 0
vn 0 0 -1
vn 0 0 -1
vn -0.26582 0.96402 0
vn -0.26582 0.96402 0
vn 0 0 -1
vn 0.00495 -0.99999 0
vn 0.11932 -0.99286 0
vn 0 0 -1
vn -0.29505 0.95548 0
vn -0.55762 0.8301 0
vn -0.55762 0.8301 0
vn 0 0 -1
vn -0.49597 0.86834 0
vn -0.42723 0.90414 0
vn 0 0 -1
vn 0 0 -1
vn -0.49597 0.86834 0
vn 0 0 -1
vn 0 0 -1
vn -0.42723 0.90414 0
vn 0 0 -1
vn 0 0 -1
vn 0 0 -1
vn 0 0 -1
vn -0.26582 0.96402 0
vn 0 0 -1
vn 0.76479 0.64428 0
vn 0 0 -1
vn 0 0 -1
vn 0.76479 0.64428 0
vn -0.35069 0.93649 0
vn 0.8298 0.55806 0
vn -0.55762 0.8301 0
vn 0.60968 0.79265 0
vn 0 0 -1
vn 0.60968 0.79265 0
vn 0 0 -1
vn 0.84446 0.53562 0
vn 0.84446 0.53562 0
vn 0 0 -1
vn 0.81448 0.58019 0
vn 0.81448 0.58019 0
vn -0.57672 0.81694 0
vn 0.85845 0.5129 0
vn 0.58857 0.80845 0
vn 0 0 -1
vn 0.58857 0.80845 0
vn 0 0 -1
vn -0.37711 0.92617 0
vn 0.32422 0.94598 0
vn 0 0 -1
vn 0.39084 0.92046 0
vn 0.39084 0.92046 0
vn 0 0 -1
vn -0.29505 0.95548 0
vn 0.74706 0.66476 0
vn -0.20453 0.97886 0
vn 0 0 -1
vn 0.74706 0.66476 0
vn 0 0 -1
vn 0 0 -1
vn 0 0 -1
vn 0.32422 0.94598 0
vn 0 0 -1
vn 0 0 -1
vn 0 0 -1
vn 0 0 -1
vn 0 0 -1
vn 0.97797 -0.20876 0
vn 0.39084 0.92046 0
vn 0.97797 -0.20876 0
vn 0 0 -1
vn 0.99115 -0.13275 0
vn 0 0 -1
vn 0.99115 -0.13275 0
vn 0 0 -1
vn 0.76479 0.64428 0
vn 0.99855 -0.05387 0
vn 0.98953 0.14434 0
vn 0 0 -1
vn 0.99855 -0.05387 0
vn 0 0 -1
vn 0.98297 -0.18377 0
vn 0.98297 -0.18377 0
vn 0 0 -1
vn 0.36858 0.92959 0
vn 0.99484 0.10141 0
vn 0.99484 0.10141 0
vn 0.28019 0.95994 0
vn 0.99676 0.08043 0
vn 0.99676 0.08043 0
vn 0.98953 0.14434 0
vn 0.30215 0.95326 0
vn 0.9775 0.21094 0
vn 0 0 -1
vn 0.72879 0.68474 0
vn 0.21508 0.9766 0
vn 0.9775 0.21094 0
vn -0.1725 0.98501 0
vn 0 0 -1
vn 0.98208 0.18847 0
vn 0.98208 0.18847 0
vn -0.00124 1 0
vn 0 0 -1
vn 0 0 -1
vn -0.13959 0.99021 0
vn 0 0 -1
vn 0.96654 0.25653 0
vn 0.96653 0.25653 0
vn 0 0 -1
vn 0.19368 0.98107 0
vn 0 0 -1
vn 0 0 -1
vn 0 0 -1
vn 0.1514 0.98847 0
vn 0 0 -1
vn 0 0 -1
vn 0 0 -1
vn 0 0 -1
vn 0 0 -1
vn 0 0 -1
vn 0 0 -1
vn 0 0 -1
vn 0.97233 0.23363 0
vn 0.97233 0.23363 0
vn 0 0 -1
vn 0 0 -1
vn 0.10986 0.99395 0
vn 0.17245 0.98502 0
vn 0 0 -1
vn 0 0 -1
vn -0.45098 0.89253 0
vn 0.71001 0.70419 0
vn 0.71001 0.70419 0
vn 0 0 -1
vn 0 0 -1
vn 0 0 -1
vn 0.13053 0.99144 0
vn 0.72879 0.68474 0
vn -0.42723 0.90414 0
vn 0.06913 0.99761 0
vn 0 0 -1
vn 0 0 -1
vn 0 0 -1
vn 0.23664 0.9716 0
vn 0 0 -1
vn 0 0 -1
vn 0.23664 0.9716 0
vn 0 0 -1
vn 0.53 0.848 0
vn 0.45761 0.88915 0
vn 0 0 -1
vn 0.91798 0.39664 0
vn 0.30215 0.95326 0
vn 0.30215 0.95326 0
vn 0 0 -1
vn 0 0 -1
vn 0 0 -1
vn 0.91798 0.39664 0
vn 0 0 -1
vn 0 0 -1
vn 0.83136 -0.55573 0
vn 0.47978 0.87739 0
vn 0 0 -1
vn 0.99676 -0.08045 0
vn 0 0 -1
vn 0.28019 0.95994 0
vn 0.99676 -0.08045 0
vn 0.28019 0.95994 0
vn 0.92778 0.37314 0
vn 0.92778 0.37314 0
vn 0 0 -1
vn 0.78142 -0.62401 0
vn -0.61294 0.79013 0
vn 0.50186 0.86495 0
vn 0.5672 0.82358 0
vn 0.5672 0.82358 0
vn 0 0 -1
vn -0.59515 0.80361 0
vn 0.5456 0.83805 0
vn 0.5456 0.83805 0
vn 0 0 -1
vn 0 0 -1
vn 0 0 -1
vn -0.72165 0.69226 0
vn 0 0 -1
vn 0 0 -1
vn 0 0 -1
vn 0 0 -1
vn 0 0 -1
vn 0 0 -1
vn -0.73521 0.67784 0
vn 0.34637 0.9381 0
vn 0 0 -1
vn 0.34637 0.9381 0
vn 0 0 -1
vn 0.50186 0.86495 0
vn 0 0 -1
vn 0 0 -1
vn 0 0 -1
vn 0.52381 0.85184 0
vn 0.98737 -0.15843 0
vn 0 0 -1
vn 0.34637 0.9381 0
vn 0.98737 -0.15843 0
vn 0.32422 0.94598 0
vn 0 0 -1
vn 0.5672 0.82358 0
vn 0.88436 0.46681 0
vn 0.88436 0.46681 0
vn 0 0 -1
vn 0 0 -1
vn 0 0 -1
vn 0.93688 0.34965 0
vn 0 0 -1
vn 0.93688 0.34965 0
vn 0.50186 0.86495 0
vn 0.9453 0.32621 0
vn 0 0 -1
vn 0 0 -1
vn 0.9453 0.32621 0
vn 0 0 -1
vn 0.23664 0.9716 0
vn 0 0 -1
vn 0 0 -1
vn 0 0 -1
vn 0 0 -1
vn 0.5456 0.83805 0
vn 0.87175 0.48995 0
vn 0.87175 0.48995 0
vn 0 0 -1
vn 0.25835 0.96605 0
vn 0 0 -1
vn 0.99429 -0.10675 0
vn 0.99429 -0.10675 0
vn 0.41311 0.91068 0
vn 0 0 -1
vn 0 0 -1
vn 0.99963 -0.02703 0
vn 0 0 -1
vn 0.43538 0.90025 0
vn 0 0 -1
vn 0.99963 -0.02703 0
vn 0 0 -1
vn 0.99922 0.03951 0
vn 0.58122 -0.81375 0
vn 0.58122 -0.81375 0
vn 0.68635 -0.72727 0
vn 0.68635 -0.72727 0
vn 0.78195 0.62334 0
vn 0.99922 0.03951 0
vn 0.65293 -0.75742 0
vn 0.65293 -0.75742 0
vn 0.98608 0.16627 0
vn 0.9775 0.21094 0
vn 0.70247 -0.71172 0
vn 0.70247 -0.71172 0
vn 0.96011 0.27962 0
vn 0.61791 -0.78625 0
vn 0 0 -1
vn 0.61791 -0.78625 0
vn 0.93644 -0.35084 0
vn 0.66984 -0.74251 0
vn 0.66984 -0.74251 0
vn 0.89627 0.44351 0
vn 0 0 -1
vn 0.63562 -0.772 0
vn 0 0 -1
vn 0 0 -1
vn 0 0 -1
vn 0 0 -1
vn 0.63562 -0.772 0
vn 0.90747 0.42011 0
vn 0 0 -1
vn 0 0 -1
vn 0.843 -0.53792 0
vn 0.69075 0.72309 0
vn 0 0 -1
vn 0.843 -0.53792 0
vn 0 0 -1
vn 0.83062 -0.55684 0
vn 0 0 -1
vn 0.83062 -0.55684 0
vn 0 0 -1
vn 0.85845 0.5129 0
vn 0 0 -1
vn 0 0 -1
vn 0 0 -1
vn 0.63048 0.7762 0
vn 1 -0.00191 0
vn 1 -0.00191 0
vn 0 0 -1
vn 0.99821 0.05979 0
vn 0.99821 0.05979 0
vn 0 0 -1
vn 0.81448 0.58019 0
vn 0 0 -1
vn 0 0 -1
vn 0.99981 0.01959 0
vn 0.99981 0.01959 0
vn 0.99244 0.12272 0
vn 0.99244 0.12272 0
vn 0 0 -1
vn 0.79853 0.60196 0
vn 0.74706 0.66476 0
vn 0 0 -1
vn 0.92777 -0.37316 0
vn 0.92777 -0.37316 0
vn 0 0 -1
vn 0 0 -1
vn 0.02733 0.99963 0
vn 0.98608 0.16627 0
vn -0.10581 0.99439 0
vn 0.04906 0.9988 0
vn 0.98608 0.16627 0
vn 0 0 -1
vn 0 0 -1
vn -0.03591 0.99936 0
vn 0.90747 0.42011 0
vn 0.90747 0.42011 0
vn 0 0 -1
vn 0.96011 0.27962 0
vn 0.96011 0.27962 0
vn 0 0 -1
vn -0.07123 0.99746 0
vn 0.89627 0.44351 0
vn 0.89627 0.44351 0
vn 0.95304 0.30286 0
vn 0.95304 0.30286 0
vn 0 0 -1
vn 0 0 -1
vn 0 0 -1
vn 0 0 -1
vn 0 0 -1
vn 0.98208 0.18847 0
vn 0.59978 -0.80017 0
vn 0.59978 -0.80017 0
vn 0 0 -1
vn 0.95955 -0.28153 0
vn 0.97233 0.23363 0
vn 0 0 -1
vn 0 0 -1
vn 0 0 -1
vn 0 0 -1
vn 0 0 -1
vn 0.96653 0.25653 0
vn 0 0 -1
vn 0.96624 -0.25765 0
vn 0.94463 -0.32813 0
vn 0.95235 -0.30502 0
vn 0 0 -1
vn 0.95235 -0.30502 0
vn 0 0 -1
vn 0.95304 0.30286 0
vn 0.96624 -0.25765 0
vn 0.94463 -0.32813 0
vn 0.91864 -0.3951 0
vn 0.93644 -0.35084 0
vn 0.91864 -0.3951 0
vn 0 0 -1
vn 0 0 -1
vn 0.73356 -0.67963 0
vn 0 0 -1
vn -0.20023 -0.97975 0
vn 0.91798 0.39664 0
vn 0 0 -1
vn 0.73356 -0.67963 0
vn 0 0 -1
vn 0 0 -1
vn 0 0 -1
vn -0.14856 -0.9889 0
vn 0 0 -1
vn 0 0 -1
vn -0.20023 -0.97975 0
vn 0.83062 -0.55684 0
vn 0 0 -1
vn -0.14856 -0.9889 0
vn 0 0 -1
vn 0.855 -0.51863 0
vn 0 0 -1
vn 0.843 -0.53792 0
vn 0 0 -1
vn 0.90907 -0.41664 0
vn 0 0 -1
vn 0 0 -1
vn 0 0 -1
vn 0 0 -1
vn 0 0 -1
vn 0.86661 -0.49898 0
vn 0 0 -1
vn 0 0 -1
vn 0 0 -1
vn 0 0 -1
vn -0.40877 -0.91264 0
vn -0.40877 -0.91264 0
vn 0.95235 -0.30502 0
vn 0 0 -1
vn 0 0 -1
vn -0.35716 -0.93404 0
vn 0 0 -1
vn 0 0 -1
vn 0.95955 -0.28153 0
vn 0 0 -1
vn 0 0 -1
vn 0 0 -1
vn 0 0 -1
vn -0.0978 -0.99521 0
vn 0 0 -1
vn 0 0 -1
vn 0 0 -1
vn -0.35716 -0.93404 0
vn 0.29851 -0.95441 0
vn 0.29851 -0.95441 0
vn 0 0 -1
vn 0.99115 -0.13275 0
vn 0 0 -1
vn 0 0 -1
vn 0 0 -1
vn 0 0 -1
vn 0 0 -1
vn 0 0 -1
vn 0 0 -1
vn 0 0 -1
vn 0.80474 -0.59363 0
vn 0 0 -1
vn 0.80474 -0.59363 0
vn 0.9453 0.32621 0
vn 0 0 -1
vn 0.77738 -0.62903 0
vn 0.77738 -0.62903 0
vn 0 0 -1
vn 0.81787 -0.57541 0
vn 0 0 -1
vn 0.81787 -0.57541 0
vn 0.93688 0.34965 0
vn 0.79125 -0.6115 0
vn 0.88436 0.46681 0
vn 0 0 -1
vn 0 0 -1
vn 0 0 -1
vn 0.99429 -0.10675 0
vn 0.79125 -0.6115 0
vn 0.87175 0.48995 0
vn 0 0 -1
vn 0 0 -1
vn 0.99676 -0.08045 0
vn 0.74854 -0.66309 0
vn 0.34722 -0.93778 0
vn 0.74854 -0.66309 0
vn 0.34722 -0.93778 0
vn 0.7182 -0.69583 0
vn 0 0 -1
vn 0.92778 0.37314 0
vn 0.7182 -0.69583 0
vn 0.76315 -0.64623 0
vn 0.76315 -0.64623 0
vn 0.3231 -0.94636 0
vn 0.3231 -0.94636 0
vn 0 0 -1
vn 0 0 -1
vn 0 0 -1
vn 0 0 -1
vn 0.87783 -0.47896 0
vn 0.99922 0.03951 0
vn 0.43887 -0.89855 0
vn 0 0 -1
vn 0 0 -1
vn 0 0 -1
vn 0.43887 -0.89855 0
vn 0.67106 0.7414 0
vn 0.89907 -0.4378 0
vn 0 0 -1
vn 0.46059 -0.88761 0
vn 0 0 -1
vn 0.99821 0.05979 0
vn 0 0 -1
vn 0 0 -1
vn 0.46059 -0.88761 0
vn 0.72879 0.68474 0
vn 0.87783 -0.47896 0
vn 0.87783 -0.47896 0
vn 0 0 -1
vn 0 0 -1
vn 0 0 -1
vn 0.89907 -0.4378 0
vn 0 0 -1
vn 0.90907 -0.41664 0
vn 0.90907 -0.41664 0
vn 0 0 -1
vn 0 0 -1
vn 0.97238 -0.23339 0
vn 0.60968 0.79265 0
vn 0.97238 -0.23339 0
vn 0.71001 0.70419 0
vn 0 0 -1
vn 0 0 -1
vn 0.88866 -0.45857 0
vn 0.88866 -0.45857 0
vn 0 0 -1
vn 0 0 -1
vn 0.86661 -0.49898 0
vn 0 0 -1
vn 0.86661 -0.49898 0
vn 0 0 -1
vn 0.84446 0.53562 0
vn 0 0 -1
vn 0.95955 -0.28153 0
vn 0 0 -1
vn 0 0 -1
vn 0 0 -1
vn 0 0 -1
vn 0.855 -0.51863 0
vn 0.855 -0.51863 0
vn 0 0 -1
vn 0 0 -1
vn 0.8298 0.55806 0
vn 0.58857 0.80845 0
vn 0.65096 0.75911 0
vn 0 0 -1
vn 0 0 -1
vn 0 0 -1
vn 0 0 -1
vn -0.04826 -0.99883 0
vn -0.0978 -0.99521 0
vn 0 0 -1
vn 0 0 -1
vn 0 0 -1
vn 0 0 -1
vn 0.56223 -0.82698 0
vn 0.56223 -0.82698 0
vn 0.88866 -0.45857 0
vn 0 0 -1
vn 0 0 -1
vn 0 0 -1
vn 1 -0.00191 0
vn 0 0 -1
vn 0 0 -1
vn 0 0 -1
vn 0 0 -1
vn -0.04826 -0.99883 0
vn 0 0 -1
vn 0 0 -1
vn 0.99981 0.01959 0
vn 0 0 -1
vn 0 0 -1
vn 0.52294 -0.85237 0
vn 0.27345 -0.96189 0
vn 0 0 -1
vn 0.41668 -0.90905 0
vn 0.41668 -0.90905 0
vn 0.54281 -0.83986 0
vn 0 0 -1
vn 0 0 -1
vn 0 0 -1
vn 0.52294 -0.85237 0
vn 0 0 -1
vn 0 0 -1
vn 0 0 -1
vn 0 0 -1
vn 0.54281 -0.83986 0
vn 0.99244 0.12272 0
vn 0 0 -1
vn 0 0 -1
vn 0 0 -1
vn 0 0 -1
vn 0 0 -1
vn 0.48184 -0.87626 0
vn 0.48184 -0.87626 0
vn 0 0 -1
vn 0 0 -1
vn 0 0 -1
vn 0 0 -1
vn 0 0 -1
vn 0 0 -1
vn 0 0 -1
vn 0.89907 -0.4378 0
vn 0 0 -1
vn 0.93644 -0.35084 0
vn 0 0 -1
vn 0.19551 -0.9807 0
vn 0.94463 -0.32813 0
vn 0.19551 -0.9807 0
vn 0 0 -1
vn 0 0 -1
vn 0 0 -1
vn 0.65293 -0.75742 0
vn 0.29851 -0.95441 0
vn 0 0 -1
vn 0 0 -1
vn -0.68398 -0.7295 0
vn 0 0 -1
vn 0 0 -1
vn -0.64378 -0.76521 0
vn -0.64378 -0.76521 0
vn 0 0 -1
vn -0.68398 -0.7295 0
vn 0.22194 -0.97506 0
vn 0.27345 -0.96189 0
vn 0.24792 -0.96878 0
vn 0.54281 -0.83986 0
vn -0.99926 0.03852 0
vn -0.99926 0.03852 0
vn 0 0 -1
vn 0 0 -1
vn 0 0 -1
vn 0 0 -1
vn 0 0 -1
vn 0 0 -1
vn -0.95496 0.29674 0
vn -0.95496 0.29674 0
vn -1 -0.00219 0
vn -1 -0.00219 0
vn 0.56223 -0.82698 0
vn 0 0 -1
vn 0 0 -1
vn 0 0 -1
vn 0.50262 -0.86451 0
vn 0 0 -1
vn -0.81688 -0.57681 0
vn -0.81688 -0.57681 0
vn -0.78788 -0.61582 0
vn -0.78788 -0.61582 0
vn 0.79125 -0.6115 0
vn 0.77738 -0.62903 0
vn -0.93752 -0.34792 0
vn -0.93752 -0.34792 0
vn 0 0 -1
vn 0.11377 -0.99351 0
vn 0 0 -1
vn 0 0 -1
vn 0 0 -1
vn 0.66984 -0.74251 0
vn 0 0 -1
vn 0.91864 -0.3951 0
vn 0 0 -1
vn 0 0 -1
vn 0.92777 -0.37316 0
vn 0.11377 -0.99351 0
vn 0.14141 -0.98995 0
vn 0 0 -1
vn 0 0 -1
vn 0.14141 -0.98995 0
vn 0 0 -1
vn 0 0 -1
vn 0.96624 -0.25765 0
vn 0 0 -1
vn -0.30492 -0.95238 0
vn 0 0 -1
vn 0 0 -1
vn -0.30492 -0.95238 0
vn 0 0 -1
vn 0.97238 -0.23339 0
vn 0 0 -1
vn 0 0 -1
vn -0.25248 -0.9676 0
vn 0 0 -1
vn -0.25248 -0.9676 0
vn 0 0 -1
vn 0 0 -1
vn 0 0 -1
vn -0.00468 -0.99999 0
vn -0.00468 -0.99999 0
vn 0 0 -1
vn 0 0 -1
vn 0.68635 -0.72727 0
vn 0.02883 -0.99958 0
vn 0.02883 -0.99958 0
vn 0 0 -1
vn 0.16867 -0.98567 0
vn 0.70247 -0.71172 0
vn 0.16867 -0.98567 0
vn 0 0 -1
vn 0 0 -1
vn 0 0 -1
vn 0.37085 -0.92869 0
vn -0.50847 -0.86108 0
vn -0.50847 -0.86108 0
vn 0.34722 -0.93778 0
vn -0.45934 -0.88826 0
vn -0.45934 -0.88826 0
vn 0 0 -1
vn 0 0 -1
vn 0.97797 -0.20876 0
vn 0 0 -1
vn 0 0 -1
vn 0 0 -1
vn 0.98297 -0.18377 0
vn 0.99855 -0.05387 0
vn 0 0 -1
vn 0 0 -1
vn 0 0 -1
vn 0 0 -1
vn 0 0 -1
vn 0 0 -1
vn 0 0 -1
vn 0.39401 -0.91911 0
vn 0.39401 -0.91911 0
vn 0 0 -1
vn 0.22194 -0.97506 0
vn 0.22194 -0.97506 0
vn 0 0 -1
vn 0.99963 -0.02703 0
vn 0.37085 -0.92869 0
vn 0.37085 -0.92869 0
vn 0.98953 0.14434 0
vn 0.24792 -0.96878 0
vn 0.24792 -0.96878 0
vn 0.50262 -0.86451 0
vn 0.99676 0.08043 0
vn 0 0 -1
vn 0 0 -1
vn 0.27345 -0.96189 0
vn 0.98737 -0.15843 0
vn 0 0 -1
vn 0 0 -1
vn 0.99484 0.10141 0
vn 0 0 -1
vn 0.50262 -0.86451 0
vn 0 0 -1
vn 0 0 -1
vn 0 0 -1
vn 0 0 -1
vn 0 0 -1
vn 0 0 -1
vn -0.99677 0.08027 0
vn 0.52294 -0.85237 0
vn 0 0 -1
vn 0 0 -1
vn -0.99677 0.08027 0
vn 0 0 -1
vn -0.60098 -0.79926 0
vn 0 0 -1
vn 0 0 -1
vn 0 0 -1
vn -0.60098 -0.79926 0
vn 0 0 -1
vn 0.3231 -0.94636 0
vn 0 0 -1
vn 0 0 -1
vn -0.55579 -0.83132 0
vn 0 0 -1
vn 0.74854 -0.66309 0
vn -0.55579 -0.83132 0
vn 0.76315 -0.64623 0
vn -0.90657 -0.42207 0
vn -0.90657 -0.42207 0
vn 0 0 -1
vn 0 0 -1
vn 0 0 -1
vn -0.88784 -0.46016 0
vn 0.7182 -0.69583 0
vn -0.88784 -0.46016 0
vn 0 0 -1
vn 0.39401 -0.91911 0
vn -0.72144 -0.69248 0
vn -0.72144 -0.69248 0
vn -0.75608 -0.65448 0
vn -0.75608 -0.65448 0
vn -0.95007 -0.31204 0
vn -0.95007 -0.31204 0
vn 0 0 -1
vn -0.992 0.12621 0
vn 0 0 -1
vn -0.992 0.12621 0
vn 0 0 -1
vn 0 0 -1
vn -0.98926 -0.1462 0
vn 0 0 -1
vn -0.98926 -0.1462 0
vn 0 0 -1
vn 0 0 -1
vn 0 0 -1
vn 0 0 -1
vn 0 0 -1
vn -0.99328 -0.11577 0
vn 0 0 -1
vn -0.99328 -0.11577 0
vn 0 0 -1
vn 0 0 -1
vn 0 0 -1
vn 0 0 -1
vn -0.97775 -0.20977 0
vn -0.97775 -0.20977 0
vn 0 0 -1
vn 0 0 -1
vn 0 0 -1
vn 0.43887 -0.89855 0
vn 0 0 -1
vn 0 0 -1
vn 0 0 -1
vn 0 0 -1
vn -0.99902 -0.0443 0
vn 0 0 -1
vn -0.99902 -0.0443 0
vn 0.41668 -0.90905 0
vn 0 0 -1
vn 0 0 -1
vn 0.48184 -0.87626 0
vn -0.96086 -0.27704 0
vn -0.96086 -0.27704 0
vn -0.9842 0.17707 0
vn 0 0 -1
vn -0.97004 -0.24295 0
vn 0 0 -1
vn -0.9842 0.17707 0
vn 0 0 -1
vn 0 0 -1
vn 0 0 -1
vn 0 0 -1
vn 0 0 -1
vn -0.97004 -0.24295 0
vn 0 0 -1
vn -0.97232 0.23364 0
vn 0.46059 -0.88761 0
vn 0 0 -1
vn -0.97232 0.23364 0
vn -0.40877 -0.91264 0
vn 0.14141 -0.98995 0
vn 0 0 -1
vn 0.23069 0.97303 0
vn 0.23069 0.97303 0
vn 0.65643 0.75438 0
vn 0 0 -1
vn 0 0 -1
vn 0.65643 0.75438 0
vn 0 0 -1
vn 0 0 -1
vn -0.93752 -0.34792 0
vn 0 0 -1
vn 0 0 -1
vn 0 0 -1
vn -0.78788 -0.61582 0
vn 0 0 -1
vn -0.84736 0.53102 0
vn -0.84736 0.53102 0
vn 0 0 -1
vn -0.78233 0.62287 0
vn 0 0 -1
vn 0 0 -1
vn 0 0 -1
vn -0.78233 0.62287 0
vn 0.08578 -0.99631 0
vn -0.86674 -0.49876 0
vn 0 0 -1
vn 0 0 -1
vn -0.93017 0.36713 0
vn -0.93017 0.36713 0
vn 0 0 -1
vn 0 0 -1
vn 0 0 -1
vn 0 0 -1
vn 0 0 -1
vn 0 0 -1
vn 0 0 -1
vn -0.89539 0.44529 0
vn -0.89539 0.44529 0
vn 0 0 -1
vn 0 0 -1
vn -0.99653 -0.08319 0
vn 0 0 -1
vn 0 0 -1
vn 0 0 -1
vn 0 0 -1
vn -0.30914 0.95102 0
vn 0 0 -1
vn -0.30914 0.95102 0
vn 0 0 -1
vn 0 0 -1
vn 0 0 -1
vn 0 0 -1
vn 0 0 -1
vn 0 0 -1
vn -0.6966 0.71746 0
vn 0 0 -1
vn -0.6966 0.71746 0
vn 0.05745 -0.99835 0
vn 0 0 -1
vn 0 0 -1
vn 0 0 -1
vn -0.86674 -0.49876 0
vn 0 0 -1
vn -0.86674 -0.49876 0
vn 0.02883 -0.99958 0
vn 0 0 -1
vn 0 0 -1
vn 0 0 -1
vn 0 0 -1
vn -0.58788 0.80895 0
vn -0.58788 0.80895 0
vn 0 0 -1
vn 0.11377 -0.99351 0
vn -0.84313 -0.53771 0
vn 0 0 -1
vn 0 0 -1
vn -0.84313 -0.53771 0
vn 0 0 -1
vn 0.61791 -0.78625 0
vn 0 0 -1
vn 0.06133 0.99812 0
vn 0.06133 0.99812 0
vn 0.05745 -0.99835 0
vn 0.59978 -0.80017 0
vn 0 0 -1
vn 0.63562 -0.772 0
vn 0 0 -1
vn 0 0 -1
vn 0 0 -1
vn 0 0 -1
vn 0.12071 0.99269 0
vn 0.12071 0.99269 0
vn 0.05745 -0.99835 0
vn -0.25248 -0.9676 0
vn 0.58122 -0.81375 0
vn 0 0 -1
vn 0 0 -1
vn 0 0 -1
vn 0 0 -1
vn 0.08578 -0.99631 0
vn 0 0 -1
vn 0.08578 -0.99631 0
vn 0 0 -1
vn 0 0 -1
vn -0.15373 0.98811 0
vn -0.15373 0.98811 0
vn 0 0 -1
vn 0.80474 -0.59363 0
vn 0.73356 -0.67963 0
vn 0 0 -1
vn 0 0 -1
vn 0 0 -1
vn -0.02218 0.99975 0
vn -0.02218 0.99975 0
vn 0 0 -1
vn -0.92308 -0.38462 0
vn -0.92308 -0.38462 0
vn 0.81787 -0.57541 0
vn 0 0 -1
vn -0.81688 -0.57681 0
vn 0 0 -1
vn 0 0 -1
vn 0 0 -1
vn 0 0 -1
vn 0 0 -1
vn 0 0 -1
vn 0 0 -1
vn 0 0 -1
vn 0 0 -1
vn -0.84313 -0.53771 0
vn 0 0 -1
vn 0 0 -1
vn -0.45696 0.88949 0
vn 0 0 -1
vn -0.45696 0.88949 0
vn -0.00468 -0.99999 0
vn 0 0 -1
vn 0 0 -1
vn 0 0 -1
vn 0 0 -1
vn -0.45934 -0.88826 0
vn 0 0 -1
vn 0 0 -1
vn 0.61459 0.78885 0
vn 0 0 -1
vn 0 0 -1
vn 0 0 -1
vn 0.61459 0.78885 0
vn 0 0 -1
vn 0.50591 0.86258 0
vn 0.50591 0.86258 0
vn -0.75608 -0.65448 0
vn 0.63014 0.77648 0
vn 0 0 -1
vn 0.63014 0.77648 0
vn 0 0 -1
vn -0.72144 -0.69248 0
vn 0.53243 0.84648 0
vn 0 0 -1
vn 0.53243 0.84648 0
vn 0 0 -1
vn 0 0 -1
vn -0.90657 -0.42207 0
vn 0 0 -1
vn 0 0 -1
vn 0 0 -1
vn -0.60098 -0.79926 0
vn 0 0 -1
vn 0 0 -1
vn 0 0 -1
vn 0 0 -1
vn 0 0 -1
vn 0 0 -1
vn -0.92308 -0.38462 0
vn 0.59722 0.80207 0
vn 0.59722 0.80207 0
vn 0.66744 0.74466 0
vn 0.66744 0.74466 0
vn 0 0 -1
vn -0.50847 -0.86108 0
vn 0 0 -1
vn 0 0 -1
vn 0 0 -1
vn 0.68575 0.72784 0
vn -0.88784 -0.46016 0
vn 0.68575 0.72784 0
vn 0.67718 0.73582 0
vn 0.67718 0.73582 0
vn 0 0 -1
vn 0 0 -1
vn 0 0 -1
vn 0 0 -1
vn 0 0 -1
vn -0.55579 -0.83132 0
vn -0.97232 0.23364 0
vn -0.99902 -0.0443 0
vn 0 0 -1
vn 0.46003 0.8879 0
vn 0.46003 0.8879 0
vn 0 0 -1
vn 0 0 -1
vn 0 0 -1
vn 0.6997 0.71443 0
vn 0.6997 0.71443 0
vn 0 0 -1
vn 0.54121 0.84089 0
vn 0.54121 0.84089 0
vn -0.02218 0.99975 0
vn 0 0 -1
vn 0 0 -1
vn 0.70523 0.70898 0
vn 0 0 -1
vn 0 0 -1
vn 0 0 -1
vn 0 0 -1
vn 0.51668 0.85618 0
vn 0 0 -1
vn 0.51668 0.85618 0
vn 0 0 -1
vn 0.06133 0.99812 0
vn 0.70987 0.70433 0
vn 0.70987 0.70433 0
vn -0.98412 -0.17753 0
vn 0 0 -1
vn 0 0 -1
vn 0.28059 0.95983 0
vn 0.69323 0.72072 0
vn 0.69323 0.72072 0
vn 0 0 -1
vn 0 0 -1
vn 0.23069 0.97303 0
vn -0.98926 -0.1462 0
vn 0 0 -1
vn 0.32687 0.94507 0
vn -0.15373 0.98811 0
vn 0 0 -1
vn 0 0 -1
vn 0 0 -1
vn 0 0 -1
vn 0 0 -1
vn 0 0 -1
vn 0.70523 0.70898 0
vn 0 0 -1
vn 0.64404 0.76499 0
vn 0.64404 0.76499 0
vn 0 0 -1
vn 0 0 -1
vn 0 0 -1
vn 0 0 -1
vn 0 0 -1
vn 0 0 -1
vn 0.55634 0.83095 0
vn -0.97004 -0.24295 0
vn 0.71666 0.69742 0
vn 0.71666 0.69742 0
vn 0.17731 0.98416 0
vn -0.99328 -0.11577 0
vn 0 0 -1
vn -0.99653 -0.08319 0
vn -0.95007 -0.31204 0
vn 0.71888 0.69514 0
vn 0.71888 0.69514 0
vn 0 0 -1
vn 0 0 -1
vn 0 0 -1
vn 0.71886 0.69515 0
vn 0 0 -1
vn 0 0 -1
vn 0.71886 0.69515 0
vn -0.992 0.12621 0
vn 0 0 -1
vn 0.71367 0.70048 0
vn 0.71367 0.70048 0
vn 0 0 -1
vn 0.72106 0.69288 0
vn 0 0 -1
vn 0 0 -1
vn 0 0 -1
vn -0.9842 0.17707 0
vn 0 0 -1
vn 0.72106 0.69288 0
vn 0.72032 0.69364 0
vn 0.72032 0.69364 0
vn -0.97775 -0.20977 0
vn 0 0 -1
vn 0 0 -1
vn 0.48968 0.8719 0
vn 0.48968 0.8719 0
vn 0.12071 0.99269 0
vn 0.32687 0.94507 0
vn 0.32687 0.94507 0
vn -0.04826 -0.99883 0
vn 0.17731 0.98416 0
vn 0.17731 0.98416 0
vn -0.30492 -0.95238 0
vn 0.19551 -0.9807 0
vn 0 0 -1
vn 0 0 -1
vn 0 0 -1
vn 0 0 -1
vn 0 0 -1
vn 0.16867 -0.98567 0
vn 0 0 -1
vn -0.35716 -0.93404 0
vn 0 0 -1
vn 0.28059 0.95983 0
vn 0.28059 0.95983 0
vn -0.20023 -0.97975 0
vn 0 0 -1
vn 0 0 -1
vn -0.99653 -0.08319 0
vn -0.98412 -0.17753 0
vn -0.98412 -0.17753 0
vn 0 0 -1
vn -0.0978 -0.99521 0
vn 0 0 -1
vn 0 0 -1
vn 0 0 -1
vn 0 0 -1
vn 0 0 -1
vn 0 0 -1
vn -0.14856 -0.9889 0
vn 0 0 -1
vn 0 0 -1
vn 0 0 -1
vn -0.96086 -0.27704 0
vn 0 0 -1
vn 0.72034 0.69362 0
vn 0.72034 0.69362 0
vn 0 0 -1
vn 0 0 -1
vn 0 0 -1
vn 0 0 -1
vn 0.66862 0.7436 0
vn 0 0 -1
vn 0.66862 0.7436 0
vn 0 0 -1
vn 0.63292 0.77422 0
vn 0 0 -1
vn 0 0 -1
vn -0.78233 0.62287 0
vn 0.63292 0.77422 0
vn -0.45696 0.88949 0
vn 0 0 -1
vn 0.58358 0.81206 0
vn 0 0 -1
vn 0 0 -1
vn 0.58358 0.81206 0
vn -0.89539 0.44529 0
vn 0 0 -1
vn 0 0 -1
vn 0.65803 0.75299 0
vn 0.65803 0.75299 0
vn -0.84736 0.53102 0
vn 0 0 -1
vn 0 0 -1
vn -0.6966 0.71746 0
vn 0.61816 0.78605 0
vn 0.61816 0.78605 0
vn 0 0 -1
vn 0 0 -1
vn 0 0 -1
vn 0 0 -1
vn 0 0 -1
vn 0.56345 0.82615 0
vn -0.30914 0.95102 0
vn 0 0 -1
vn 0 0 -1
vn -0.93017 0.36713 0
vn 0 0 -1
vn 0.56345 0.82615 0
vn 0 0 -1
vn 0.61459 0.78885 0
vn -0.23432 0.97216 0
vn -0.58788 0.80895 0
vn 0.60176 0.79868 0
vn 0 0 -1
vn 0 0 -1
vn 0.60176 0.79868 0
vn 0 0 -1
vn 0 0 -1
vn 0 0 -1
vn 0 0 -1
vn 0 0 -1
vn 0.71369 0.70047 0
vn 0.31175 0.95016 0
vn 0 0 -1
vn 0.31175 0.95016 0
vn 0.35351 0.93543 0
vn 0.35351 0.93543 0
vn 0.71665 0.69743 0
vn 0.39208 0.91993 0
vn 0.39208 0.91993 0
vn 0 0 -1
vn 0.42755 0.90399 0
vn 0.42755 0.90399 0
vn 0 0 -1
vn 0.64617 0.76319 0
vn 0.64617 0.76319 0
vn 0 0 -1
vn 0.47658 0.87913 0
vn 0 0 -1
vn 0.1676 0.98586 0
vn 0.1676 0.98586 0
vn 0.57787 0.81613 0
vn -0.35997 0.93296 0
vn -0.35997 0.93296 0
vn 0.21868 0.9758 0
vn 0.3695 0.92923 0
vn 0.21868 0.9758 0
vn 0.26679 0.96376 0
vn 0.26679 0.96376 0
vn 0.53243 0.84648 0
vn -0.23432 0.97216 0
vn 0 0 -1
vn -0.16929 0.98557 0
vn 0 0 -1
vn -0.16929 0.98557 0
vn 0.40857 0.91273 0
vn -0.09448 0.99553 0
vn -0.09448 0.99553 0
vn 0 0 -1
vn -0.01162 0.99993 0
vn 0.64404 0.76499 0
vn -0.01162 0.99993 0
vn 0.55634 0.83095 0
vn -0.41946 0.90777 0
vn -0.41946 0.90777 0
vn 0.0577 0.99833 0
vn 0.0577 0.99833 0
vn 0 0 -1
vn 0 0 -1
vn -0.29808 0.95454 0
vn 0.50591 0.86258 0
vn -0.29808 0.95454 0
vn 0 0 -1
vn 0.70537 0.70884 0
vn 0.70537 0.70884 0
vn -1 -0.00219 0
vn 0.72106 0.69287 0
vn 0.72106 0.69287 0
vn 0 0 -1
vn 0.71369 0.70047 0
vn 0 0 -1
vn 0.71369 0.70047 0
vn 0 0 -1
vn 0 0 -1
vn 0 0 -1
vn 0.70993 0.70427 0
vn 0 0 -1
vn 0.70993 0.70427 0
vn 0.4442 0.89593 0
vn 0 0 -1
vn 0 0 -1
vn 0.4442 0.89593 0
vn 0 0 -1
vn 0 0 -1
vn -0.64378 -0.76521 0
vn 0 0 -1
vn 0.57787 0.81613 0
vn 0.57787 0.81613 0
vn 0.71665 0.69743 0
vn -0.68398 -0.7295 0
vn 0 0 -1
vn 0 0 -1
vn 0.47658 0.87913 0
vn 0 0 -1
vn 0 0 -1
vn 0 0 -1
vn -0.99926 0.03852 0
vn 0 0 -1
vn 0 0 -1
vn 0.47658 0.87913 0
vn 0.71665 0.69743 0
vn 0.40857 0.91273 0
vn 0 0 -1
vn 0 0 -1
vn 0 0 -1
vn -0.99677 0.08027 0
vn 0.1138 0.9935 0
vn 0.4442 0.89593 0
vn -0.95496 0.29674 0
vn 0.1138 0.9935 0
vn 0 0 -1
vn 0.55634 0.83095 0
vn 0.3695 0.92923 0
vn 0.3695 0.92923 0
vn 0.40857 0.91273 0
vn -0.92978 0.36811 0
vn 0.69323 0.72072 0
vn 0 0 -1
vn 0.71886 0.69515 0
vn 0 0 -1
vn 0 0 -1
vn 0 0 -1
vn -0.83386 0.55197 0
vn -0.83386 0.55197 0
vn 0.70987 0.70433 0
vn 0 0 -1
vn -0.89812 0.43974 0
vn -0.89812 0.43974 0
vn 0.72106 0.69288 0
vn 0.6997 0.71443 0
vn 0 0 -1
vn -0.94278 0.3334 0
vn -0.94278 0.3334 0
vn 0 0 -1
vn -0.92978 0.36811 0
vn 0 0 -1
vn 0 0 -1
vn 0 0 -1
vn 0 0 -1
vn 0 0 -1
vn 0.70993 0.70427 0
vn 0 0 -1
vn 0 0 -1
vn -0.91495 0.40356 0
vn 0 0 -1
vn -0.91495 0.40356 0
vn 0.72032 0.69364 0
vn 0.72034 0.69362 0
vn 0.71888 0.69514 0
vn 0 0 -1
vn 0 0 -1
vn 0.71666 0.69742 0
vn 0.72106 0.69287 0
vn 0.70537 0.70884 0
vn 0 0 -1
vn 0 0 -1
vn 0.71367 0.70048 0
vn -0.99375 0.11162 0
vn -0.99375 0.11162 0
vn 0.68633 0.72729 0
vn -0.99657 0.08279 0
vn 0.67803 0.73504 0
vn 0 0 -1
vn 0 0 -1
vn 0 0 -1
vn -0.96389 0.2663 0
vn -0.96389 0.2663 0
vn -0.98521 0.17133 0
vn -0.98521 0.17133 0
vn -0.99657 0.08279 0
vn 0 0 1
vn 0 0 1
vn 0.63292 0.77422 0
vn -0.99914 -0.04157 0
vn -0.99914 -0.04157 0
vn -0.99999 -0.00383 0
vn 0.69362 0.72035 0
vn -0.99999 -0.00383 0
vn 0.69994 0.7142 0
vn -0.98999 0.14113 0
vn -0.98999 0.14113 0
vn 0.70523 0.70898 0
vn 0 0 -1
vn 0 0 -1
vn 0 0 -1
vn -0.8072 0.59028 0
vn -0.8072 0.59028 0
vn -0.99851 0.05459 0
vn -0.99851 0.05459 0
vn 0 0 1
vn -0.98085 -0.19474 0
vn 0 0 -1
vn 0 0 -1
vn 0 0 -1
vn 0 0 1
vn 0.56345 0.82615 0
vn -0.98738 -0.15838 0
vn -0.98738 -0.15838 0
vn 0.64617 0.76319 0
vn 0 0 1
vn 0 0 1
vn 0 0 1
vn -0.99268 -0.1208 0
vn 0 0 -1
vn 0 0 -1
vn 0 0 -1
vn 0.60176 0.79868 0
vn -0.99268 -0.1208 0
vn -0.99664 -0.0819 0
vn 0 0 -1
vn -0.99664 -0.0819 0
vn 0.66862 0.7436 0
vn -0.98085 -0.19474 0
vn 0 0 -1
vn 0 0 -1
vn -0.57972 0.81481 0
vn -0.57972 0.81481 0
vn 0 0 -1
vn 0.51668 0.85618 0
vn 0.58358 0.81206 0
vn 0 0 -1
vn 0 0 -1
vn 0 0 -1
vn 0 0 -1
vn 0 0 -1
vn 0 0 -1
vn -0.76459 -0.64452 0
vn 0 0 -1
vn 0 0 -1
vn -0.29808 0.95454 0
vn 0.46003 0.8879 0
vn 0 0 -1
vn 0 0 -1
vn -0.95411 0.29946 0
vn -0.95411 0.29946 0
vn -0.76459 -0.64452 0
vn -0.6263 0.77958 0
vn 0.48968 0.8719 0
vn 0 0 -1
vn 0 0 -1
vn 0 0 -1
vn 0 0 -1
vn 0.61816 0.78605 0
vn -0.6263 0.77958 0
vn 0.63014 0.77648 0
vn 0.68633 0.72729 0
vn 0.68633 0.72729 0
vn 0.66744 0.74466 0
vn 0.59722 0.80207 0
vn 0 0 -1
vn 0.69994 0.7142 0
vn 0.69994 0.7142 0
vn 0 0 -1
vn 0 0 -1
vn 0.67718 0.73582 0
vn 0.68575 0.72784 0
vn 0 0 -1
vn 0.67803 0.73504 0
vn 0.67803 0.73504 0
vn 0 0 -1
vn 0.65803 0.75299 0
vn -0.99963 0.02702 0
vn -0.99963 0.02702 0
vn 0.69362 0.72035 0
vn 0 0 1
vn 0 0 1
vn 0 0 -1
vn 0 0 1
vn 0 0 1
vn 0.69362 0.72035 0
vn 0.65643 0.75438 0
vn 0 0 -1
vn 0 0 1
vn 0 0 1
vn -0.09448 0.99553 0
vn 0 0 1
vn 0 0 1
vn 0 0 1
vn 0 0 1
vn -0.87318 -0.4874 0
vn 0 0 1
vn -0.87318 -0.4874 0
vn 0 0 1
vn 0.21868 0.9758 0
vn 0 0 -1
vn -0.83552 -0.54946 0
vn -0.83552 -0.54946 0
vn 0 0 1
vn 0 0 1
vn -0.16929 0.98557 0
vn 0 0 1
vn -0.81405 -0.58079 0
vn -0.81405 -0.58079 0
vn 0 0 1
vn -0.23432 0.97216 0
vn 0 0 1
vn -0.79051 -0.61245 0
vn 0 0 1
vn -0.97934 0.20224 0
vn 0 0 1
vn 0 0 -1
vn 0 0 1
vn 0 0 -1
vn -0.79051 -0.61245 0
vn 0 0 -1
vn -0.35997 0.93296 0
vn 0 0 -1
vn -0.97934 0.20224 0
vn 0 0 -1
vn 0 0 -1
vn 0 0 -1
vn -0.92978 0.36811 0
vn 0.0577 0.99833 0
vn 0 0 1
vn -0.85516 -0.51837 0
vn -0.85516 -0.51837 0
vn 0 0 -1
vn -0.73596 -0.67703 0
vn -0.73596 -0.67703 0
vn -0.01162 0.99993 0
vn 0 0 -1
vn -0.70419 -0.71001 0
vn 0 0 1
vn 0 0 -1
vn 0 0 -1
vn -0.97226 0.23389 0
vn -0.97226 0.23389 0
vn 0 0 1
vn 0 0 1
vn -0.41946 0.90777 0
vn -0.70419 -0.71001 0
vn 0 0 1
vn 0 0 1
vn 0 0 -1
vn 0 0 -1
vn 0 0 -1
vn 0 0 1
vn 0 0 -1
vn 0 0 1
vn 0 0 1
vn 0 0 -1
vn 0 0 1
vn 0 0 -1
vn 0 0 -1
vn 0 0 -1
vn 0 0 -1
vn 0 0 -1
vn 0 0 -1
vn 0 0 1
vn 0.06185 -0.99809 0
vn 0.06185 -0.99809 0
vn 0 0 1
vn -0.47612 0.87938 0
vn 0 0 1
vn 0 0 1
vn 0 0 -1
vn 0 0 -1
vn 0 0 1
vn 0 0 1
vn -0.98085 -0.19474 0
vn 0 0 -1
vn 0 0 1
vn -0.57972 0.81481 0
vn 0 0 -1
vn -0.99664 -0.0819 0
vn 0 0 -1
vn -0.99268 -0.1208 0
vn 0 0 1
vn 0 0 -1
vn 0 0 -1
vn -0.18699 -0.98236 0
vn -0.18699 -0.98236 0
vn 0 0 1
vn 0 0 1
vn 0 0 -1
vn 0 0 -1
vn 0 0 1
vn 0 0 -1
vn 0 0 1
vn -0.09596 -0.99539 0
vn 0 0 1
vn -0.02025 -0.99979 0
vn -0.02025 -0.99979 0
vn 0 0 -1
vn -0.52962 0.84824 0
vn 0 0 -1
vn -0.6263 0.77958 0
vn 0 0 -1
vn 0 0 -1
vn 0.01745 -0.99985 0
vn 0.01745 -0.99985 0
vn 0 0 -1
vn -0.66932 0.74297 0
vn -0.47988 -0.87733 0
vn 0 0 1
vn -0.47988 -0.87733 0
vn -0.70881 0.7054 0
vn -0.4176 -0.90863 0
vn -0.85777 0.51403 0
vn -0.4176 -0.90863 0
vn 0 0 1
vn 0 0 1
vn 0 0 -1
vn -0.34815 -0.93744 0
vn -0.34815 -0.93744 0
vn 0 0 1
vn 0 0 -1
vn -0.77759 0.62877 0
vn 0 0 1
vn 0 0 -1
vn 0 0 1
vn -0.27126 -0.96251 0
vn -0.27126 -0.96251 0
vn 0 0 -1
vn 0 0 1
vn 0 0 -1
vn -0.94384 -0.33041 0
vn 0.08538 -0.99635 0
vn 0.08538 -0.99635 0
vn -0.66883 -0.74342 0
vn 0 0 1
vn -0.66883 -0.74342 0
vn -0.83386 0.55197 0
vn 0 0 1
vn 0 0 1
vn -0.97319 -0.23 0
vn -0.97319 -0.23 0
vn -0.62933 -0.77714 0
vn 0 0 1
vn -0.62933 -0.77714 0
vn 0 0 1
vn 0 0 1
vn 0 0 -1
vn 0 0 1
vn 0 0 1
vn 0.03833 -0.99927 0
vn 0 0 1
vn 0 0 1
vn 0.03833 -0.99927 0
vn -0.58511 -0.81096 0
vn -0.58511 -0.81096 0
vn -0.95466 -0.29771 0
vn -0.95466 -0.29771 0
vn -0.87913 0.47659 0
vn -0.53551 -0.84453 0
vn 0 0 1
vn -0.53551 -0.84453 0
vn 0 0 1
vn 0 0 1
vn -0.8072 0.59028 0
vn 0 0 1
vn -0.94384 -0.33041 0
vn -0.52962 0.84824 0
vn 0 0 -1
vn 0 0 -1
vn -0.74485 0.66723 0
vn -0.74485 0.66723 0
vn -0.47612 0.87938 0
vn -0.47612 0.87938 0
vn -0.52962 0.84824 0
vn 0 0 -1
vn 0 0 -1
vn -0.66932 0.74297 0
vn 0 0 -1
vn -0.66932 0.74297 0
vn -0.77759 0.62877 0
vn 0.54121 0.84089 0
vn -0.77759 0.62877 0
vn 0 0 -1
vn 0 0 -1
vn 0 0 -1
vn 0 0 1
vn 0 0 -1
vn 0 0 1
vn -0.70881 0.7054 0
vn 0 0 -1
vn 0 0 -1
vn 0 0 -1
vn -0.09596 -0.99539 0
vn -0.70881 0.7054 0
vn 0 0 -1
vn 0 0 -1
vn -0.74485 0.66723 0
vn 0 0 -1
vn -0.87913 0.47659 0
vn -0.87913 0.47659 0
vn 0 0 -1
vn 0 0 -1
vn 0 0 -1
vn -0.85777 0.51403 0
vn -0.85777 0.51403 0
vn 0 0 -1
vn 0.2027 -0.97924 0
vn 0 0 -1
vn 0 0 1
vn 0 0 -1
vn -0.98521 0.17133 0
vn 0 0 -1
vn 0 0 1
vn -0.99999 -0.00383 0
vn 1 0.00072 0
vn 0 0 -1
vn 0 0 1
vn 0 0 -1
vn 0 0 1
vn 0 0 -1
vn 0.22597 -0.97413 0
vn 0.22597 -0.97413 0
vn 0 0 1
vn 0 0 1
vn -0.98999 0.14113 0
vn 0 0 1
vn -0.99914 -0.04157 0
vn 0 0 -1
vn 0 0 1
vn 0 0 -1
vn 0.2027 -0.97924 0
vn 0 0 1
vn 0 0 1
vn 0 0 -1
vn 0 0 1
vn 0 0 1
vn 0 0 1
vn 0.24913 -0.96847 0
vn 0.99849 0.05502 0
vn 0.24913 -0.96847 0
vn -0.99375 0.11162 0
vn 0 0 1
vn 0 0 1
vn 0 0 1
vn 0 0 1
vn 0 0 1
vn 0.27217 -0.96225 0
vn 0.27217 -0.96225 0
vn 0 0 1
vn -0.99657 0.08279 0
vn 0 0 -1
vn 0.99962 0.02751 0
vn 0 0 -1
vn 0 0 -1
vn 0 0 1
vn -0.98738 -0.15838 0
vn 0 0 -1
vn 0 0 1
vn 0 0 1
vn 0.10892 -0.99405 0
vn 0.17934 -0.98379 0
vn 0.10892 -0.99405 0
vn 0 0 1
vn 0 0 1
vn 0 0 1
vn 0.13244 -0.99119 0
vn 0 0 -1
vn 0.13244 -0.99119 0
vn 0 0 1
vn -0.99851 0.05459 0
vn 0 0 1
vn 0 0 1
vn 0 0 -1
vn 0 0 -1
vn 0.15592 -0.98777 0
vn 0.15592 -0.98777 0
vn 0 0 1
vn 0 0 1
vn 0 0 1
vn 0.17934 -0.98379 0
vn 0 0 1
vn 0 0 1
vn 0 0 -1
vn -0.99963 0.02702 0
vn 0 0 -1
vn 0 0 1
vn 0 0 -1
vn 0 0 -1
vn 0 0 1
vn 0 0 1
vn 0 0 1
vn 0 0 1
vn 0 0 -1
vn 0 0 1
vn 0 0 1
vn 0 0 -1
vn 0 0 1
vn 0 0 1
vn -0.95466 -0.29771 0
vn 0 0 -1
vn 0 0 1
vn 0 0 1
vn 0 0 -1
vn 0 0 -1
vn 0 0 -1
vn 0 0 1
vn 0 0 -1
vn 0 0 -1
vn 0 0 1
vn 0 0 1
vn 0 0 -1
vn 0 0 1
vn 0 0 1
vn 0 0 1
vn 0 0 1
vn 0 0 1
vn 0 0 1
vn 0 0 1
vn 0 0 1
vn 0 0 1
vn 0 0 1
vn -0.96444 -0.26428 0
vn 0.73731 -0.67555 0
vn 0.73731 -0.67555 0
vn 0.31783 -0.94815 0
vn 0 0 -1
vn 0.99659 0.08247 0
vn 0 0 1
vn 0 0 -1
vn 0 0 -1
vn 0.31783 -0.94815 0
vn 0 0 1
vn 0 0 1
vn 0 0 1
vn 0 0 1
vn 0 0 1
vn 0.75353 -0.65741 0
vn 0.75353 -0.65741 0
vn -0.90501 -0.4254 0
vn 0 0 1
vn -0.94384 -0.33041 0
vn 0 0 1
vn 0 0 1
vn 0 0 1
vn 0 0 1
vn 0 0 1
vn 0 0 1
vn 0 0 1
vn -0.97319 -0.23 0
vn 0.68622 -0.7274 0
vn 0.68622 -0.7274 0
vn 0.89644 0.44317 0
vn -0.91906 -0.39412 0
vn 0.66841 -0.74379 0
vn 0.63169 -0.77522 0
vn 0 0 1
vn 0.63169 -0.77522 0
vn 0.91838 0.39569 0
vn -0.83552 -0.54946 0
vn 0 0 1
vn -0.70419 -0.71001 0
vn 0 0 1
vn 0.72068 -0.69327 0
vn -0.88975 -0.45645 0
vn 0.87233 0.48891 0
vn 0.72068 -0.69327 0
vn 0.70365 -0.71055 0
vn 0.70365 -0.71055 0
vn 0.66841 -0.74379 0
vn -0.93198 -0.3625 0
vn 0.90769 0.41964 0
vn -0.73596 -0.67703 0
vn 0.9285 0.37133 0
vn 0 0 1
vn 0 0 1
vn 0.59356 -0.80479 0
vn 0.51346 -0.85811 0
vn -0.87318 -0.4874 0
vn 0.59356 -0.80479 0
vn 0 0 1
vn 0 0 -1
vn 0 0 -1
vn 0 0 1
vn 0 0 1
vn 0.61279 -0.79024 0
vn -0.85516 -0.51837 0
vn 0.61279 -0.79024 0
vn 0.65023 -0.75974 0
vn 0 0 1
vn 0.65023 -0.75974 0
vn 0 0 1
vn -0.81405 -0.58079 0
vn 0 0 1
vn 0.93802 0.34658 0
vn -0.76459 -0.64452 0
vn 0 0 -1
vn -0.94278 0.3334 0
vn 0.31175 0.95016 0
vn 0 0 -1
vn -0.88975 -0.45645 0
vn -0.89812 0.43974 0
vn 0 0 -1
vn -0.93198 -0.3625 0
vn 0 0 -1
vn 0 0 -1
vn 0.42755 0.90399 0
vn 0 0 -1
vn -0.91495 0.40356 0
vn -0.93198 -0.3625 0
vn 0 0 -1
vn 0 0 -1
vn 0 0 -1
vn -0.91906 -0.39412 0
vn 0.39208 0.91993 0
vn 0 0 -1
vn -0.91906 -0.39412 0
vn 0 0 -1
vn -0.96444 -0.26428 0
vn -0.96444 -0.26428 0
vn 0 0 -1
vn 0 0 -1
vn 0.35351 0.93543 0
vn -0.90501 -0.4254 0
vn -0.90501 -0.4254 0
vn 0 0 -1
vn 0 0 -1
vn 0 0 -1
vn -0.88975 -0.45645 0
vn 0.1138 0.9935 0
vn 0.26679 0.96376 0
vn 0.88465 0.46626 0
vn 0 0 -1
vn 0 0 -1
vn 0.1676 0.98586 0
vn 0 0 -1
vn 0 0 -1
vn 0 0 -1
vn 0.90163 -0.43251 0
vn 0 0 1
vn 0.90163 -0.43251 0
vn 0.03833 -0.99927 0
vn 0.91207 -0.41004 0
vn -0.27126 -0.96251 0
vn 0.69047 0.72336 0
vn 0 0 1
vn 0 0 1
vn 0 0 1
vn 0 0 1
vn 0 0 1
vn 0 0 1
vn 0 0 1
vn -0.34815 -0.93744 0
vn 0.63697 0.77089 0
vn 0 0 1
vn 0 0 1
vn 0 0 1
vn 0 0 1
vn -0.09596 -0.99539 0
vn 0 0 1
vn 0.6551 0.75554 0
vn 0.93129 -0.36427 0
vn 0 0 1
vn 0 0 1
vn 0.93129 -0.36427 0
vn 0 0 1
vn 0.61856 0.78574 0
vn 0 0 1
vn -0.18699 -0.98236 0
vn 0 0 1
vn 0.92196 -0.38729 0
vn 0.92196 -0.38729 0
vn 0 0 1
vn 0 0 1
vn 0 0 1
vn 0 0 1
vn 0 0 1
vn 0.8546 -0.51929 0
vn 0.8546 -0.51929 0
vn 0 0 1
vn 0.95519 0.29598 0
vn -0.53551 -0.84453 0
vn 0.89066 -0.45468 0
vn 0.89066 -0.45468 0
vn 0.70769 0.70653 0
vn 0 0 1
vn 0 0 1
vn -0.58511 -0.81096 0
vn 0 0 1
vn 0.08538 -0.99635 0
vn 0.87915 -0.47654 0
vn 0.87915 -0.47654 0
vn 0.72457 0.6892 0
vn -0.4176 -0.90863 0
vn 0.67294 0.7397 0
vn 0 0 1
vn 0 0 1
vn 0 0 1
vn -0.47988 -0.87733 0
vn 0.91207 -0.41004 0
vn 0 0 1
vn 0 0 1
vn 0 0 1
vn 0.7996 -0.60053 0
vn 0.7996 -0.60053 0
vn 0 0 1
vn 0 0 1
vn 0 0 1
vn 0.83247 0.55407 0
vn 0 0 1
vn 0.99849 0.05502 0
vn 0.99849 0.05502 0
vn 0 0 1
vn 0.84157 -0.54015 0
vn 0 0 1
vn 0 0 1
vn 0 0 1
vn 0 0 1
vn 0 0 1
vn 0.84157 -0.54015 0
vn 0.78858 0.61493 0
vn 0.42882 -0.90339 0
vn 0.99659 0.08247 0
vn 0.99659 0.08247 0
vn 0.82805 -0.56065 0
vn 0 0 1
vn 0.82805 -0.56065 0
vn -0.66883 -0.74342 0
vn 0 0 1
vn 0 0 1
vn 0 0 1
vn 0.80363 0.59513 0
vn 0 0 1
vn -0.62933 -0.77714 0
vn 0 0 1
vn 0 0 1
vn 0 0 1
vn 0 0 1
vn 0.86713 -0.49809 0
vn 0.86713 -0.49809 0
vn 0.74112 0.67137 0
vn 0 0 1
vn 0 0 1
vn 0 0 1
vn 0 0 1
vn 0 0 1
vn 0.84623 0.53282 0
vn 0 0 1
vn 0.94825 -0.31751 0
vn 0.94825 -0.31751 0
vn 0 0 1
vn 0 0 1
vn 0 0 1
vn 0.78468 -0.6199 0
vn 0.40704 -0.91341 0
vn 0 0 1
vn 0.78468 -0.6199 0
vn 0.34042 -0.94027 0
vn 0.81827 0.57484 0
vn 0 0 1
vn 0 0 1
vn 0.38504 -0.9229 0
vn 0 0 1
vn 0 0 1
vn 0.76932 -0.63886 0
vn 0.76932 -0.63886 0
vn 0.85952 0.5111 0
vn 0 0 1
vn 0.81406 -0.58078 0
vn 0.45037 -0.89284 0
vn 0.81406 -0.58078 0
vn 0 0 1
vn 0 0 1
vn 0 0 1
vn 0 0 1
vn 0.99962 0.02751 0
vn 0.99962 0.02751 0
vn 0 0 1
vn 0 0 1
vn 0.24913 -0.96847 0
vn 0 0 1
vn 0 0 1
vn 0 0 1
vn 1 0.00072 0
vn 0.9997 -0.02465 0
vn 0.9997 -0.02465 0
vn 0 0 1
vn 0 0 1
vn 0 0 1
vn 0.29508 -0.95547 0
vn 0 0 1
vn 0 0 1
vn 0.31783 -0.94815 0
vn 0 0 1
vn 0.36283 -0.93186 0
vn 0 0 1
vn 0 0 1
vn 0 0 1
vn 0 0 1
vn 0 0 1
vn 0 0 1
vn 0 0 1
vn 0 0 1
vn 0.99511 -0.09879 0
vn 0.10892 -0.99405 0
vn 0.99511 -0.09879 0
vn 0 0 1
vn 0.33588 0.94191 0
vn 0 0 1
vn 0.77314 0.63424 0
vn 0.75731 0.65305 0
vn 0.99235 -0.12349 0
vn 0.99235 -0.12349 0
vn 0.37868 0.92553 0
vn 0.35736 0.93397 0
vn 0.22597 -0.97413 0
vn 0 0 1
vn 0.29243 0.95629 0
vn 0.15592 -0.98777 0
vn 0.99878 -0.04935 0
vn 0.99878 -0.04935 0
vn 0.2027 -0.97924 0
vn 0 0 1
vn 0 0 1
vn 0 0 1
vn 0.27217 -0.96225 0
vn 0.99725 -0.07407 0
vn 0.99725 -0.07407 0
vn 0.31423 0.94935 0
vn 0 0 1
vn 0 0 1
vn 0 0 1
vn 0 0 1
vn 0.45037 -0.89284 0
vn 0.45037 -0.89284 0
vn 0 0 1
vn 0 0 1
vn 0 0 1
vn 0 0 1
vn 0 0 1
vn 0 0 1
vn 0.38504 -0.9229 0
vn 0.38504 -0.9229 0
vn 0 0 1
vn 0 0 1
vn 0 0 1
vn 0 0 1
vn 0 0 1
vn 0 0 1
vn -0.79051 -0.61245 0
vn 0 0 1
vn 0 0 1
vn 0 0 1
vn 0.42882 -0.90339 0
vn 0 0 1
vn 0.42882 -0.90339 0
vn 0 0 1
vn 0 0 1
vn 0 0 1
vn 0.29508 -0.95547 0
vn 0 0 1
vn 0 0 1
vn 0.29508 -0.95547 0
vn 0 0 1
vn 0 0 1
vn 0 0 1
vn 0.36283 -0.93186 0
vn 0.36283 -0.93186 0
vn 0 0 1
vn 0 0 1
vn 0 0 1
vn 0 0 1
vn -0.95411 0.29946 0
vn 0 0 1
vn 0 0 1
vn 0 0 1
vn -0.96389 0.2663 0
vn 0 0 1
vn 0 0 1
vn 0.34042 -0.94027 0
vn 0.40704 -0.91341 0
vn 0 0 1
vn 0 0 1
vn 0.40704 -0.91341 0
vn 0 0 1
vn 0 0 1
vn -0.97226 0.23389 0
vn 0 0 1
vn 0 0 1
vn 0 0 1
vn 0 0 1
vn 0 0 1
vn 0 0 1
vn -0.97934 0.20224 0
vn 0.34042 -0.94027 0
vn 0 0 1
vn 0 0 1
vn 0 0 1
vn 0.93802 0.34658 0
vn 0.59356 -0.80479 0
vn 0.93802 0.34658 0
vn 0 0 1
vn -0.09133 0.99582 0
vn 0 0 1
vn 0 0 1
vn 0 0 1
vn 0.94692 0.32146 0
vn 0.94692 0.32146 0
vn 0 0 1
vn 0 0 1
vn 0.59987 0.8001 0
vn 0 0 1
vn 0.63169 -0.77522 0
vn 0 0 1
vn 0 0 1
vn 0.91838 0.39569 0
vn 0.91838 0.39569 0
vn 0 0 1
vn 0.9285 0.37133 0
vn 0.56171 0.82733 0
vn 0.65023 -0.75974 0
vn 0 0 1
vn 0 0 1
vn 0 0 1
vn 0 0 1
vn 0 0 1
vn 0 0 1
vn 0 0 1
vn 0 0 1
vn 0 0 1
vn 0.51346 -0.85811 0
vn 0.96976 0.24406 0
vn 0.96976 0.24406 0
vn 0 0 1
vn 0 0 1
vn 0 0 1
vn 0 0 1
vn 0.574 -0.81885 0
vn 0 0 1
vn 0 0 1
vn 0 0 1
vn 0 0 1
vn 0.97602 0.21766 0
vn 0.97602 0.21766 0
vn 0 0 1
vn 0 0 1
vn 0.55413 -0.83243 0
vn 0.95519 0.29598 0
vn -0.18068 0.98354 0
vn 0.95519 0.29598 0
vn 0 0 1
vn -0.1139 0.99349 0
vn 0 0 1
vn 0 0 1
vn 0 0 1
vn 0 0 1
vn 0.96281 0.27017 0
vn 0.96281 0.27017 0
vn 0.61279 -0.79024 0
vn -0.1586 0.98734 0
vn -0.13633 0.99066 0
vn -0.22423 0.97454 0
vn 0.93129 -0.36427 0
vn 0.99395 0.10983 0
vn 0.99395 0.10983 0
vn 0.94825 -0.31751 0
vn 0 0 1
vn 0 0 1
vn 0.94006 -0.34101 0
vn -0.20256 0.97927 0
vn 0 0 1
vn 0.47166 -0.88178 0
vn 0.92196 -0.38729 0
vn 0.4927 -0.8702 0
vn 0 0 1
vn 0 0 1
vn 0 0 1
vn -0.26683 0.96374 0
vn 0 0 1
vn 0 0 1
vn 0 0 1
vn 0.98159 0.19101 0
vn 0.98159 0.19101 0
vn 0.98644 0.16413 0
vn 0 0 1
vn 0 0 1
vn 0.99056 0.13706 0
vn 0 0 1
vn 0.98644 0.16413 0
vn 0.99056 0.13706 0
vn -0.24565 0.96936 0
vn 0.53394 -0.84552 0
vn 0.9285 0.37133 0
vn 0.58092 0.81396 0
vn 0 0 1
vn 0.61856 0.78574 0
vn -0.30838 0.95126 0
vn 0.89066 -0.45468 0
vn 0 0 1
vn 0.61856 0.78574 0
vn -0.28774 0.95771 0
vn 0 0 1
vn 0.63697 0.77089 0
vn 0 0 1
vn 0.63697 0.77089 0
vn 0.87915 -0.47654 0
vn 0.91207 -0.41004 0
vn 0 0 1
vn 0 0 1
vn 0.90163 -0.43251 0
vn -0.32873 0.94442 0
vn 0.22622 0.97408 0
vn 0.70769 0.70653 0
vn 0.69047 0.72336 0
vn 0.69047 0.72336 0
vn 0 0 1
vn 0 0 1
vn 0 0 1
vn 0.84157 -0.54015 0
vn 0 0 1
vn 0 0 1
vn 0 0 1
vn 0.70769 0.70653 0
vn 0 0 1
vn 0.8546 -0.51929 0
vn 0.82805 -0.56065 0
vn -0.36853 0.92962 0
vn 0.67294 0.7397 0
vn 0.86713 -0.49809 0
vn 0.6551 0.75554 0
vn 0.6551 0.75554 0
vn -0.34878 0.9372 0
vn 0.67294 0.7397 0
vn 0.76932 -0.63886 0
vn 0 0 1
vn 0 0 1
vn 0 0 1
vn 0 0 1
vn 0.77314 0.63424 0
vn -0.40707 0.9134 0
vn 0.77314 0.63424 0
vn 0.24841 0.96865 0
vn 0.7996 -0.60053 0
vn 0.72457 0.6892 0
vn 0.72457 0.6892 0
vn 0.27049 0.96272 0
vn 0.78858 0.61493 0
vn 0.78858 0.61493 0
vn -0.38796 0.92168 0
vn 0.1815 0.98339 0
vn 0.74112 0.67137 0
vn 0.81406 -0.58078 0
vn 0.20391 0.97899 0
vn 0.75731 0.65305 0
vn 0.75731 0.65305 0
vn 0.74112 0.67137 0
vn 0 0 1
vn 0 0 1
vn 0 0 1
vn 0 0 1
vn 0.96281 0.27017 0
vn 0.53394 -0.84552 0
vn 0 0 1
vn 0.53394 -0.84552 0
vn 0 0 1
vn 0 0 1
vn 0 0 1
vn 0.51346 -0.85811 0
vn 0.96976 0.24406 0
vn 0 0 1
vn 0.574 -0.81885 0
vn 0.4927 -0.8702 0
vn 0 0 1
vn 0.4927 -0.8702 0
vn 0 0 1
vn 0.574 -0.81885 0
vn 0.94692 0.32146 0
vn 0.47166 -0.88178 0
vn 0.55413 -0.83243 0
vn 0 0 1
vn 0.55413 -0.83243 0
vn 0.47166 -0.88178 0
vn 0 0 1
vn 0.98644 0.16413 0
vn 0.01745 -0.99985 0
vn 0.99395 0.10983 0
vn -0.02025 -0.99979 0
vn 0 0 1
vn 0 0 1
vn 0 0 1
vn 0 0 1
vn 0 0 1
vn 0 0 1
vn 0 0 1
vn 0.94006 -0.34101 0
vn 0.94006 -0.34101 0
vn 0 0 1
vn 0.99056 0.13706 0
vn 0 0 1
vn 0 0 1
vn 0 0 1
vn 0 0 1
vn 0.97602 0.21766 0
vn 0 0 1
vn 0 0 1
vn 0.06185 -0.99809 0
vn 0 0 1
vn 0.98159 0.19101 0
vn 0 0 1
vn 0 0 1
vn 0 0 1
vn 0.97514 -0.22158 0
vn 0 0 1
vn 0.35736 0.93397 0
vn 0 0 1
vn -0.70535 0.70886 0
vn 0.35736 0.93397 0
vn 0.33588 0.94191 0
vn 0 0 1
vn 0.33588 0.94191 0
vn 0.98036 -0.19721 0
vn 0 0 1
vn 0 0 1
vn -0.71768 0.69637 0
vn 0.96289 -0.2699 0
vn 0.39983 0.91659 0
vn 0.39983 0.91659 0
vn 0.48249 0.8759 0
vn 0.48249 0.8759 0
vn 0.96932 -0.24581 0
vn 0.37868 0.92553 0
vn -0.67973 0.73346 0
vn 0.46213 0.88681 0
vn 0.37868 0.92553 0
vn -0.6927 0.72122 0
vn 0.99235 -0.12349 0
vn 0.99511 -0.09879 0
vn -0.04582 0.99895 0
vn 0.31423 0.94935 0
vn 0.31423 0.94935 0
vn 0.98497 -0.17272 0
vn 0.29243 0.95629 0
vn 0.98897 -0.14814 0
vn 0.29243 0.95629 0
vn -0.06862 0.99764 0
vn 0 0 1
vn 0 0 1
vn 0 0 1
vn 0 0 1
vn 0 0 1
vn 0 0 1
vn -0.7851 0.61937 0
vn 0.59987 0.8001 0
vn 0.59987 0.8001 0
vn 0 0 1
vn 0 0 1
vn 0 0 1
vn 0 0 1
vn 0 0 1
vn -0.79528 0.60624 0
vn 0.58092 0.81396 0
vn 0.58092 0.81396 0
vn 0 0 1
vn 0 0 1
vn 0 0 1
vn 0 0 1
vn 0 0 1
vn 0 0 1
vn 0 0 1
vn 0 0 1
vn -0.77462 0.63242 0
vn 0 0 1
vn 0 0 1
vn 0.44156 0.89723 0
vn -0.75277 0.65828 0
vn 0.44156 0.89723 0
vn 0.52256 0.8526 0
vn 0.52256 0.8526 0
vn 0 0 1
vn -0.76385 0.6454 0
vn 0.95587 -0.2938 0
vn 0.50264 0.8645 0
vn 0.42079 0.90716 0
vn 0.42079 0.90716 0
vn 0 0 1
vn 0.50264 0.8645 0
vn 0 0 1
vn 0 0 1
vn -0.72969 0.68378 0
vn 0.56171 0.82733 0
vn 0.56171 0.82733 0
vn 0 0 1
vn 0 0 1
vn -0.74139 0.67108 0
vn 0.54226 0.84021 0
vn 0.54226 0.84021 0
vn 0.46213 0.88681 0
vn 0 0 1
vn 0 0 1
vn 0 0 1
vn 0 0 1
vn 0 0 1
vn 0 0 1
vn 0 0 1
vn 0 0 1
vn 0 0 1
vn 0 0 1
vn -0.4443 0.89588 0
vn -0.1586 0.98734 0
vn 0 0 1
vn 0 0 1
vn -0.1586 0.98734 0
vn -0.1139 0.99349 0
vn 0 0 1
vn 0 0 1
vn -0.1139 0.99349 0
vn 0 0 1
vn 0 0 1
vn 0 0 1
vn 0 0 1
vn -0.46241 0.88667 0
vn 0 0 1
vn 0 0 1
vn 0 0 1
vn 0 0 1
vn 0 0 1
vn 0 0 1
vn 0 0 1
vn 0 0 1
vn 0 0 1
vn 0 0 1
vn 0 0 1
vn -0.13633 0.99066 0
vn -0.13633 0.99066 0
vn -0.42585 0.90479 0
vn 0 0 1
vn 0 0 1
vn -0.83315 0.55305 0
vn 0 0 1
vn -0.84192 0.53961 0
vn 0 0 1
vn 0 0 1
vn 0 0 1
vn 0 0 1
vn 0 0 1
vn 0 0 1
vn 0 0 1
vn -0.09133 0.99582 0
vn -0.09133 0.99582 0
vn -0.81478 0.57977 0
vn 0 0 1
vn -0.80518 0.59304 0
vn 0 0 1
vn 0 0 1
vn 0 0 1
vn 0 0 1
vn 0 0 1
vn 0 0 1
vn -0.8241 0.56644 0
vn 0 0 1
vn 0 0 1
vn 0.50264 0.8645 0
vn 0 0 1
vn 0.98036 -0.19721 0
vn 0.44156 0.89723 0
vn 0.98036 -0.19721 0
vn 0 0 1
vn 0.70365 -0.71055 0
vn 0 0 1
vn 0.97514 -0.22158 0
vn 0.97514 -0.22158 0
vn 0 0 1
vn 0 0 1
vn 0 0 1
vn 0.46213 0.88681 0
vn 0 0 1
vn 0.75353 -0.65741 0
vn 0 0 1
vn 0 0 1
vn 0.39983 0.91659 0
vn 0.98897 -0.14814 0
vn 0.98897 -0.14814 0
vn 0 0 1
vn 0 0 1
vn 0 0 1
vn 0.17934 -0.98379 0
vn 0.73731 -0.67555 0
vn 0 0 1
vn 0.42079 0.90716 0
vn 0.98497 -0.17272 0
vn 0.13244 -0.99119 0
vn 0 0 1
vn 0.98497 -0.17272 0
vn 0 0 1
vn 0 0 1
vn 0 0 1
vn 0.89644 0.44317 0
vn 0.89644 0.44317 0
vn 0.95587 -0.2938 0
vn 0.95587 -0.2938 0
vn 0 0 1
vn 0 0 1
vn 0.52256 0.8526 0
vn 0.90769 0.41964 0
vn 0.90769 0.41964 0
vn 0.68622 -0.7274 0
vn 0 0 1
vn 0.54226 0.84021 0
vn 0.87233 0.48891 0
vn 0.87233 0.48891 0
vn 0 0 1
vn 0.96932 -0.24581 0
vn 0 0 1
vn 0 0 1
vn 0.48249 0.8759 0
vn 0.96932 -0.24581 0
vn 0.88465 0.46626 0
vn 0.88465 0.46626 0
vn 0 0 1
vn 0 0 1
vn 0.72068 -0.69327 0
vn 0.96289 -0.2699 0
vn 0.66841 -0.74379 0
vn 0.96289 -0.2699 0
vn 0 0 1
vn 0 0 1
vn 0.20391 0.97899 0
vn 0 0 1
vn -0.36853 0.92962 0
vn 0 0 1
vn 0.20391 0.97899 0
vn 0.159 0.98728 0
vn 0.159 0.98728 0
vn 0.1815 0.98339 0
vn 0.1815 0.98339 0
vn 0.80994 -0.58651 0
vn -0.66642 0.74557 0
vn 0.22622 0.97408 0
vn 0.22622 0.97408 0
vn -0.38796 0.92168 0
vn 0.27049 0.96272 0
vn 0.27049 0.96272 0
vn 0.75561 -0.65503 0
vn -0.63882 0.76936 0
vn 0.24841 0.96865 0
vn -0.40707 0.9134 0
vn -0.38796 0.92168 0
vn -0.65279 0.75754 0
vn -0.59486 0.80383 0
vn -0.34878 0.9372 0
vn -0.34878 0.9372 0
vn 0.24841 0.96865 0
vn -0.40707 0.9134 0
vn -0.36853 0.92962 0
vn -0.60985 0.79251 0
vn -0.6245 0.78102 0
vn 0.71553 -0.69859 0
vn 0.02278 0.99974 0
vn 0.02278 0.99974 0
vn -0.00005 1 0
vn -0.00005 1 0
vn 0.69429 -0.71969 0
vn 0.06833 0.99766 0
vn 0.06833 0.99766 0
vn 0.04556 0.99896 0
vn 0.04556 0.99896 0
vn 0.73596 -0.67703 0
vn 0.11377 0.99351 0
vn 0.79259 -0.60976 0
vn 0.09107 0.99584 0
vn 0 0 1
vn 0.09107 0.99584 0
vn 0 0 1
vn 0 0 1
vn 0 0 1
vn 0.13642 0.99065 0
vn 0 0 1
vn 0 0 1
vn 0.11377 0.99351 0
vn 0 0 1
vn 0.82655 -0.56287 0
vn 0.77448 -0.6326 0
vn 0.13642 0.99065 0
vn -0.87432 0.48536 0
vn -0.74139 0.67108 0
vn -0.74139 0.67108 0
vn 0 0 1
vn -0.75277 0.65828 0
vn -0.75277 0.65828 0
vn 0.52195 -0.85298 0
vn -0.85042 0.52611 0
vn 0 0 1
vn 0.49373 -0.86962 0
vn -0.71768 0.69637 0
vn -0.85865 0.51257 0
vn -0.71768 0.69637 0
vn -0.72969 0.68378 0
vn -0.72969 0.68378 0
vn 0 0 1
vn 0 0 1
vn 0 0 1
vn 0.5756 -0.81773 0
vn -0.06862 0.99764 0
vn -0.06862 0.99764 0
vn 0 0 1
vn 0 0 1
vn 0.54923 -0.83567 0
vn 0.62565 -0.7801 0
vn 0 0 1
vn 0 0 1
vn -0.70535 0.70886 0
vn -0.70535 0.70886 0
vn 0 0 1
vn 0.60107 -0.7992 0
vn -0.67973 0.73346 0
vn -0.67973 0.73346 0
vn 0 0 1
vn 0 0 1
vn 0 0 1
vn 0 0 1
vn -0.02293 0.99974 0
vn -0.02293 0.99974 0
vn 0 0 1
vn 0.67225 -0.74033 0
vn 0 0 1
vn 0 0 1
vn -0.6927 0.72122 0
vn -0.6927 0.72122 0
vn -0.04582 0.99895 0
vn -0.04582 0.99895 0
vn 0.64937 -0.76047 0
vn 0.9997 -0.02465 0
vn -0.00005 1 0
vn 1 0.00072 0
vn -0.02293 0.99974 0
vn 0.85952 0.5111 0
vn 0.85952 0.5111 0
vn 0.99725 -0.07407 0
vn 0.04556 0.99896 0
vn 0.99878 -0.04935 0
vn 0 0 1
vn 0 0 1
vn 0 0 1
vn 0.02278 0.99974 0
vn 0 0 1
vn 0.81827 0.57484 0
vn 0.81827 0.57484 0
vn 0.09107 0.99584 0
vn 0.78468 -0.6199 0
vn 0.80363 0.59513 0
vn 0.80363 0.59513 0
vn 0.06833 0.99766 0
vn 0.84623 0.53282 0
vn 0.84623 0.53282 0
vn 0.159 0.98728 0
vn 0.83247 0.55407 0
vn 0.83247 0.55407 0
vn 0.11377 0.99351 0
vn 0.13642 0.99065 0
vn -0.53141 0.84711 0
vn -0.53141 0.84711 0
vn 0 0 1
vn -0.5478 0.83661 0
vn 0 0 1
vn 0 0 1
vn 0 0 1
vn 0.85752 -0.51445 0
vn -0.0714 -0.99745 0
vn 0.8424 -0.53885 0
vn 0 0 1
vn 0 0 1
vn -0.4976 0.86741 0
vn -0.40614 -0.91381 0
vn 0 0 1
vn -0.5478 0.83661 0
vn -0.4443 0.89588 0
vn -0.4443 0.89588 0
vn 0 0 1
vn -0.4976 0.86741 0
vn 0 0 1
vn -0.42585 0.90479 0
vn -0.46241 0.88667 0
vn -0.46241 0.88667 0
vn 0 0 1
vn -0.42585 0.90479 0
vn 0 0 1
vn 0 0 1
vn -0.92123 0.38902 0
vn 0 0 1
vn 0 0 1
vn 0 0 1
vn 0 0 1
vn -0.91526 0.40286 0
vn 0 0 1
vn 0 0 1
vn 0 0 1
vn 0 0 1
vn -0.90905 0.41669 0
vn -0.92696 0.37516 0
vn -0.48018 0.87717 0
vn -0.48018 0.87717 0
vn -0.84192 0.53961 0
vn -0.84192 0.53961 0
vn 0 0 1
vn -0.63882 0.76936 0
vn -0.66642 0.74557 0
vn -0.66642 0.74557 0
vn 0 0 1
vn 0 0 1
vn -0.19123 -0.98155 0
vn 0 0 1
vn -0.65279 0.75754 0
vn 0 0 1
vn 0 0 1
vn 0 0 1
vn 0 0 1
vn -0.65279 0.75754 0
vn 0 0 1
vn 0 0 1
vn 0 0 1
vn -0.16728 -0.98591 0
vn 0 0 1
vn 0 0 1
vn 0 0 1
vn 0 0 1
vn 0 0 1
vn 0 0 1
vn -0.63882 0.76936 0
vn -0.14329 -0.98968 0
vn 0 0 1
vn 0 0 1
vn -0.6245 0.78102 0
vn -0.1193 -0.99286 0
vn -0.6245 0.78102 0
vn 0 0 1
vn 0 0 1
vn 0 0 1
vn 0 0 1
vn 0 0 1
vn 0 0 1
vn 0 0 1
vn -0.60985 0.79251 0
vn 0 0 1
vn 0 0 1
vn 0 0 1
vn 0 0 1
vn 0 0 1
vn -0.60985 0.79251 0
vn 0 0 1
vn 0 0 1
vn 0 0 1
vn 0 0 1
vn -0.59486 0.80383 0
vn -0.59486 0.80383 0
vn 0 0 1
vn 0 0 1
vn 0 0 1
vn 0 0 1
vn 0 0 1
vn 0 0 1
vn -0.57952 0.81496 0
vn 0 0 1
vn -0.57952 0.81496 0
vn 0 0 1
vn 0 0 1
vn -0.56383 0.82589 0
vn -0.56383 0.82589 0
vn 0 0 1
vn 0 0 1
vn 0 0 1
vn 0 0 1
vn 0 0 1
vn 0 0 1
vn 0 0 1
vn -0.09533 -0.99545 0
vn 0.43443 -0.90071 0
vn 0 0 1
vn 0 0 1
vn 0 0 1
vn 0 0 1
vn 0.82655 -0.56287 0
vn 0 0 1
vn 0.82655 -0.56287 0
vn 0 0 1
vn 0 0 1
vn 0 0 1
vn -0.35652 -0.93429 0
vn 0 0 1
vn -0.23899 -0.97102 0
vn 0 0 1
vn 0 0 1
vn 0.80994 -0.58651 0
vn -0.42499 -0.9052 0
vn 0.80994 -0.58651 0
vn 0 0 1
vn 0 0 1
vn 0 0 1
vn 0 0 1
vn 0 0 1
vn -0.30993 -0.95076 0
vn -0.37955 -0.92517 0
vn 0 0 1
vn 0 0 1
vn 0 0 1
vn 0 0 1
vn 0 0 1
vn 0 0 1
vn 0 0 1
vn -0.2864 -0.95811 0
vn 0 0 1
vn 0 0 1
vn 0 0 1
vn 0 0 1
vn -0.26275 -0.96487 0
vn 0 0 1
vn -0.33331 -0.94282 0
vn -0.21514 -0.97658 0
vn 0 0 1
vn 0 0 1
vn 0 0 1
vn 0 0 1
vn 0 0 1
vn 0 0 1
vn 0 0 1
vn 0 0 1
vn 0 0 1
vn 0 0 1
vn -0.30838 0.95126 0
vn -0.30838 0.95126 0
vn -0.4976 0.86741 0
vn -0.32873 0.94442 0
vn -0.32873 0.94442 0
vn -0.56383 0.82589 0
vn -0.26683 0.96374 0
vn -0.26683 0.96374 0
vn 0 0 1
vn -0.57952 0.81496 0
vn 0 0 1
vn -0.5478 0.83661 0
vn -0.28774 0.95771 0
vn -0.28774 0.95771 0
vn 0 0 1
vn -0.53141 0.84711 0
vn 0 0 1
vn -0.51468 0.85738 0
vn -0.22423 0.97454 0
vn -0.22423 0.97454 0
vn 0 0 1
vn 0 0 1
vn 0 0 1
vn 0 0 1
vn -0.24565 0.96936 0
vn 0 0 1
vn -0.24565 0.96936 0
vn 0 0 1
vn 0 0 1
vn 0 0 1
vn 0 0 1
vn 0 0 1
vn 0 0 1
vn -0.18068 0.98354 0
vn -0.18068 0.98354 0
vn 0 0 1
vn 0 0 1
vn 0 0 1
vn 0 0 1
vn -0.20256 0.97927 0
vn -0.48018 0.87717 0
vn -0.20256 0.97927 0
vn 0 0 1
vn 0 0 1
vn -0.88896 0.45798 0
vn 0 0 1
vn 0 0 1
vn -0.88896 0.45798 0
vn -0.88177 0.47169 0
vn 0 0 1
vn 0 0 1
vn -0.88177 0.47169 0
vn 0 0 1
vn 0 0 1
vn 0 0 1
vn 0 0 1
vn 0 0 1
vn 0 0 1
vn 0 0 1
vn 0 0 1
vn 0.5756 -0.81773 0
vn -0.86661 0.49898 0
vn 0 0 1
vn 0 0 1
vn -0.04752 -0.99887 0
vn -0.86661 0.49898 0
vn 0 0 1
vn 0.49373 -0.86962 0
vn 0.49373 -0.86962 0
vn 0 0 1
vn 0 0 1
vn 0.52195 -0.85298 0
vn 0.52195 -0.85298 0
vn 0 0 1
vn 0 0 1
vn 0 0 1
vn 0 0 1
vn -0.02371 -0.99972 0
vn 0 0 1
vn 0 0 1
vn 0.62565 -0.7801 0
vn 0.62565 -0.7801 0
vn 0.54923 -0.83567 0
vn 0.00427 -0.99999 0
vn 0.54923 -0.83567 0
vn -0.85865 0.51257 0
vn -0.85865 0.51257 0
vn 0 0 1
vn 0 0 1
vn 0 0 1
vn 0 0 1
vn 0 0 1
vn 0 0 1
vn -0.85042 0.52611 0
vn -0.85042 0.52611 0
vn -0.92696 0.37516 0
vn -0.92696 0.37516 0
vn 0 0 1
vn 0 0 1
vn 0 0 1
vn 0.67225 -0.74033 0
vn 0.67225 -0.74033 0
vn 0 0 1
vn 0 0 1
vn 0.0806 -0.99675 0
vn 0.60107 -0.7992 0
vn 0.60107 -0.7992 0
vn 0 0 1
vn 0 0 1
vn 0.11995 -0.99278 0
vn 0 0 1
vn 0 0 1
vn -0.92974 0.36821 0
vn 0 0 1
vn 0 0 1
vn 0 0 1
vn 0 0 1
vn -0.82072 -0.57133 0
vn 0 0 1
vn -0.75981 -0.65015 0
vn 0 0 1
vn 0 0 1
vn -0.92123 0.38902 0
vn -0.92123 0.38902 0
vn 0 0 1
vn 0 0 1
vn 0 0 1
vn 0 0 1
vn 0 0 1
vn 0 0 1
vn -0.90905 0.41669 0
vn -0.83468 -0.55074 0
vn 0 0 1
vn 0 0 1
vn 0 0 1
vn 0 0 1
vn 0 0 1
vn -0.90905 0.41669 0
vn -0.74335 -0.6689 0
vn 0 0 1
vn -0.77578 -0.631 0
vn 0 0 1
vn 0 0 1
vn -0.9026 0.43048 0
vn -0.9026 0.43048 0
vn 0 0 1
vn -0.80625 -0.59158 0
vn 0 0 1
vn 0 0 1
vn -0.8959 0.44425 0
vn -0.79126 -0.61147 0
vn -0.91526 0.40286 0
vn -0.91526 0.40286 0
vn 0 0 1
vn -0.8959 0.44425 0
vn -0.8481 -0.52983 0
vn 0 0 1
vn 0 0 1
vn 0 0 1
vn -0.88515 -0.46531 0
vn 0 0 1
vn 0 0 1
vn 0 0 1
vn 0 0 1
vn 0 0 1
vn 0 0 1
vn -0.40614 -0.91381 0
vn 0 0 1
vn 0 0 1
vn 0 0 1
vn -0.861 -0.50861 0
vn 0 0 1
vn 0.8424 -0.53885 0
vn -0.89639 -0.44327 0
vn 0.8424 -0.53885 0
vn 0.85752 -0.51445 0
vn 0.85752 -0.51445 0
vn 0 0 1
vn 0 0 1
vn 0 0 1
vn 0 0 1
vn 0 0 1
vn -0.40614 -0.91381 0
vn 0.86481 -0.50211 0
vn 0 0 1
vn 0 0 1
vn 0 0 1
vn 0 0 1
vn 0 0 1
vn 0 0 1
vn 0 0 1
vn 0 0 1
vn 0 0 1
vn 0 0 1
vn -0.81478 0.57977 0
vn -0.81478 0.57977 0
vn 0 0 1
vn 0 0 1
vn -0.87335 -0.4871 0
vn 0 0 1
vn 0 0 1
vn 0 0 1
vn 0 0 1
vn 0 0 1
vn 0 0 1
vn 0 0 1
vn 0 0 1
vn 0 0 1
vn 0 0 1
vn 0 0 1
vn 0 0 1
vn 0 0 1
vn 0 0 1
vn 0 0 1
vn 0 0 1
vn -0.9026 0.43048 0
vn 0 0 1
vn -0.83315 0.55305 0
vn -0.83315 0.55305 0
vn 0 0 1
vn -0.8959 0.44425 0
vn 0 0 1
vn 0 0 1
vn -0.8241 0.56644 0
vn -0.8241 0.56644 0
vn -0.80518 0.59304 0
vn 0 0 1
vn 0 0 1
vn -0.80518 0.59304 0
vn 0 0 1
vn 0 0 1
vn 0 0 1
vn 0 0 1
vn 0 0 1
vn 0 0 1
vn 0 0 1
vn 0 0 1
vn -0.88177 0.47169 0
vn 0 0 1
vn 0 0 1
vn 0 0 1
vn 0 0 1
vn -0.7851 0.61937 0
vn -0.79528 0.60624 0
vn 0 0 1
vn -0.7851 0.61937 0
vn 0 0 1
vn 0.86481 -0.50211 0
vn 0 0 1
vn -0.51468 0.85738 0
vn -0.51468 0.85738 0
vn 0 0 1
vn 0 0 1
vn 0 0 1
vn 0 0 1
vn 0 0 1
vn 0 0 1
vn -0.77462 0.63242 0
vn -0.77462 0.63242 0
vn -0.76385 0.6454 0
vn 0 0 1
vn 0 0 1
vn -0.86661 0.49898 0
vn -0.76385 0.6454 0
vn -0.88896 0.45798 0
vn 0 0 1
vn 0 0 1
vn 0 0 1
vn -0.79528 0.60624 0
vn 0 0 1
vn 0 0 1
vn 0 0 1
vn -0.55503 -0.83183 0
vn 0 0 1
vn -0.65429 -0.75625 0
vn 0 0 1
vn 0 0 1
vn 0 0 1
vn 0 0 1
vn 0 0 1
vn -0.67297 -0.73967 0
vn 0 0 1
vn 0 0 1
vn -0.37955 -0.92517 0
vn -0.37955 -0.92517 0
vn 0 0 1
vn 0 0 1
vn 0 0 1
vn 0 0 1
vn 0.43443 -0.90071 0
vn 0.43443 -0.90071 0
vn 0 0 1
vn 0 0 1
vn 0 0 1
vn -0.53411 -0.84541 0
vn 0 0 1
vn 0 0 1
vn 0 0 1
vn 0 0 1
vn -0.42499 -0.9052 0
vn -0.42499 -0.9052 0
vn 0 0 1
vn 0 0 1
vn -0.72643 -0.68724 0
vn -0.35652 -0.93429 0
vn 0 0 1
vn 0 0 1
vn 0 0 1
vn -0.35652 -0.93429 0
vn 0 0 1
vn 0 0 1
vn 0 0 1
vn 0 0 1
vn 0 0 1
vn 0 0 1
vn 0 0 1
vn 0 0 1
vn 0 0 1
vn 0 0 1
vn 0 0 1
vn 0 0 1
vn 0 0 1
vn 0 0 1
vn -0.40238 -0.91547 0
vn 0 0 1
vn -0.40238 -0.91547 0
vn 0 0 1
vn 0 0 1
vn -0.6352 -0.77235 0
vn 0 0 1
vn 0 0 1
vn 0 0 1
vn 0 0 1
vn 0.23315 -0.97244 0
vn 0.23315 -0.97244 0
vn 0 0 1
vn 0 0 1
vn 0 0 1
vn 0 0 1
vn 0 0 1
vn 0.33817 -0.94109 0
vn 0.33817 -0.94109 0
vn 0.46456 -0.88554 0
vn 0 0 1
vn 0.46456 -0.88554 0
vn 0 0 1
vn 0 0 1
vn -0.69123 -0.72264 0
vn 0 0 1
vn 0 0 1
vn 0 0 1
vn 0 0 1
vn 0 0 1
vn -0.70905 -0.70516 0
vn 0.26911 -0.96311 0
vn 0.26911 -0.96311 0
vn 0 0 1
vn 0 0 1
vn 0.37124 -0.92854 0
vn 0.37124 -0.92854 0
vn 0 0 1
vn -0.99675 0.08058 0
vn -0.99264 0.12106 0
vn -0.95917 0.28282 0
vn -0.98686 0.16159 0
vn 0 0 1
vn 0.30412 -0.95263 0
vn 0.30412 -0.95263 0
vn 0 0 1
vn -0.97937 0.20209 0
vn 0 0 1
vn 0.40332 -0.91506 0
vn 0.40332 -0.91506 0
vn -0.77578 -0.631 0
vn -0.77578 -0.631 0
vn -0.93188 0.36276 0
vn 0.04056 -0.99918 0
vn -0.97015 0.24252 0
vn 0.04056 -0.99918 0
vn 0 0 1
vn 0.00427 -0.99999 0
vn 0.00427 -0.99999 0
vn -0.89729 0.44144 0
vn -0.77748 0.6289 0
vn 0.15853 -0.98735 0
vn 0.15853 -0.98735 0
vn -0.74335 -0.6689 0
vn -0.02371 -0.99972 0
vn -0.02371 -0.99972 0
vn -0.94643 0.32292 0
vn -0.79126 -0.61147 0
vn -0.79126 -0.61147 0
vn -0.04752 -0.99887 0
vn -0.04752 -0.99887 0
vn -0.85519 0.51831 0
vn 0.0806 -0.99675 0
vn 0.0806 -0.99675 0
vn 0.19628 -0.98055 0
vn -0.91551 0.40229 0
vn 0.19628 -0.98055 0
vn 0.33817 -0.94109 0
vn -0.87719 0.48014 0
vn 0.11995 -0.99278 0
vn 0.11995 -0.99278 0
vn 0 0 1
vn 0.15853 -0.98735 0
vn 0.71553 -0.69859 0
vn 0.71553 -0.69859 0
vn 0 0 1
vn 0.64937 -0.76047 0
vn 0.64937 -0.76047 0
vn 0.19628 -0.98055 0
vn 0.77448 -0.6326 0
vn 0.77448 -0.6326 0
vn 0.46456 -0.88554 0
vn 0 0 1
vn 0.23315 -0.97244 0
vn 0 0 1
vn 0.75561 -0.65503 0
vn 0.75561 -0.65503 0
vn 0 0 1
vn 0 0 1
vn 0.69429 -0.71969 0
vn 0.26911 -0.96311 0
vn 0.69429 -0.71969 0
vn 0 0 1
vn 0 0 1
vn 0 0 1
vn 0 0 1
vn 0 0 1
vn 0 0 1
vn 0.40332 -0.91506 0
vn 0 0 1
vn 0 0 1
vn 0 0 1
vn 0.79259 -0.60976 0
vn 0.79259 -0.60976 0
vn 0 0 1
vn 0.30412 -0.95263 0
vn 0.73596 -0.67703 0
vn 0.04056 -0.99918 0
vn 0.73596 -0.67703 0
vn -0.87432 0.48536 0
vn -0.87432 0.48536 0
vn 0.5756 -0.81773 0
vn 0 0 1
vn 0 0 1
vn 0 0 1
vn -0.40238 -0.91547 0
vn 0 0 1
vn 0 0 1
vn 0 0 1
vn 0 0 1
vn 0.37124 -0.92854 0
vn 0 0 1
vn 0 0 1
vn 0 0 1
vn 0 0 1
vn 0 0 1
vn 0 0 1
vn 0 0 1
vn 0 0 1
vn 0 0 1
vn 0 0 1
vn 0 0 1
vn 0 0 1
vn 0 0 1
vn -0.92671 -0.37577 0
vn -0.98626 -0.16523 0
vn -0.87335 -0.4871 0
vn -0.87335 -0.4871 0
vn 0 0 1
vn 0 0 1
vn -0.98199 -0.18893 0
vn 0 0 1
vn -0.93567 -0.35287 0
vn -0.93567 -0.35287 0
vn 0 0 1
vn -0.92671 -0.37577 0
vn 0 0 1
vn -0.44736 -0.89435 0
vn -0.99304 -0.11779 0
vn -0.44736 -0.89435 0
vn 0 0 1
vn 0 0 1
vn 0 0 1
vn 0 0 1
vn -0.861 -0.50861 0
vn 0 0 1
vn 0 0 1
vn -0.861 -0.50861 0
vn 0 0 1
vn 0 0 1
vn 0 0 1
vn 0 0 1
vn 0 0 1
vn -0.49132 -0.87098 0
vn -0.49132 -0.87098 0
vn -0.99751 -0.07046 0
vn 0 0 1
vn 0 0 1
vn -0.98994 -0.1415 0
vn -0.51287 -0.85847 0
vn -0.51287 -0.85847 0
vn 0 0 1
vn 0 0 1
vn 0 0 1
vn 0 0 1
vn 0 0 1
vn -0.99556 -0.0941 0
vn 0 0 1
vn 0 0 1
vn 0 0 1
vn 0 0 1
vn 0 0 1
vn 0 0 1
vn 0 0 1
vn 0 0 1
vn -0.91718 -0.39848 0
vn -0.91718 -0.39848 0
vn -0.90707 -0.42099 0
vn 0 0 1
vn 0 0 1
vn 0 0 1
vn -0.97714 -0.21261 0
vn 0 0 1
vn 0 0 1
vn 0 0 1
vn 0 0 1
vn -0.90707 -0.42099 0
vn -0.57562 -0.81772 0
vn -0.57562 -0.81772 0
vn -0.9989 -0.04688 0
vn 0 0 1
vn 0 0 1
vn 0 0 1
vn 0 0 1
vn 0 0 1
vn -0.99973 -0.02339 0
vn -0.59585 -0.8031 0
vn -0.59585 -0.8031 0
vn 0 0 1
vn 0 0 1
vn 0 0 1
vn 0 0 1
vn -0.61572 -0.78797 0
vn -0.61572 -0.78797 0
vn 0 0 1
vn 0 0 1
vn -0.99919 0.0402 0
vn 0 0 1
vn 0 0 1
vn -0.99999 0.00419 0
vn 0 0 1
vn 0 0 1
vn -0.46948 -0.88295 0
vn -0.46948 -0.88295 0
vn 0 0 1
vn 0 0 1
vn 0 0 1
vn 0 0 1
vn 0.07405 0.99725 0
vn -0.65429 -0.75625 0
vn 0 0 1
vn -0.65429 -0.75625 0
vn 0 0 1
vn 0 0 1
vn 0 0 1
vn 0 0 1
vn 0 0 1
vn 0.03736 0.9993 0
vn -0.67297 -0.73967 0
vn -0.67297 -0.73967 0
vn 0 0 1
vn 0 0 1
vn -0.53411 -0.84541 0
vn 0 0 1
vn 0 0 1
vn 0 0 1
vn 0.21376 0.97689 0
vn -0.55503 -0.83183 0
vn -0.55503 -0.83183 0
vn 0 0 1
vn 0.10998 0.99393 0
vn 0 0 1
vn -0.53411 -0.84541 0
vn 0 0 1
vn 0 0 1
vn 0 0 1
vn 0 0 1
vn 0 0 1
vn 0 0 1
vn 0 0 1
vn 0 0 1
vn 0 0 1
vn -0.72643 -0.68724 0
vn -0.00061 1 0
vn 0.17976 0.98371 0
vn -0.72643 -0.68724 0
vn 0.24727 0.96895 0
vn 0 0 1
vn 0 0 1
vn 0 0 1
vn 0 0 1
vn 0 0 1
vn 0 0 1
vn -0.6352 -0.77235 0
vn -0.6352 -0.77235 0
vn 0.34575 0.93832 0
vn 0 0 1
vn -0.70905 -0.70516 0
vn -0.70905 -0.70516 0
vn 0.14519 0.9894 0
vn 0.3782 0.92572 0
vn 0 0 1
vn -0.51287 -0.85847 0
vn -0.91718 -0.39848 0
vn -0.19123 -0.98155 0
vn -0.19123 -0.98155 0
vn -0.69123 -0.72264 0
vn -0.69123 -0.72264 0
vn 0 0 1
vn 0 0 1
vn 0 0 1
vn 0 0 1
vn -0.93567 -0.35287 0
vn 0 0 1
vn 0 0 1
vn -0.90707 -0.42099 0
vn 0 0 1
vn 0 0 1
vn 0 0 1
vn -0.26275 -0.96487 0
vn -0.26275 -0.96487 0
vn 0 0 1
vn 0 0 1
vn -0.49132 -0.87098 0
vn 0 0 1
vn 0 0 1
vn 0 0 1
vn 0 0 1
vn 0 0 1
vn -0.16728 -0.98591 0
vn 0 0 1
vn -0.16728 -0.98591 0
vn 0 0 1
vn -0.2864 -0.95811 0
vn -0.2864 -0.95811 0
vn 0 0 1
vn 0 0 1
vn 0 0 1
vn 0 0 1
vn -0.92671 -0.37577 0
vn -0.30993 -0.95076 0
vn -0.30993 -0.95076 0
vn 0 0 1
vn 0 0 1
vn 0 0 1
vn -0.21514 -0.97658 0
vn -0.21514 -0.97658 0
vn 0 0 1
vn 0 0 1
vn 0 0 1
vn 0 0 1
vn 0 0 1
vn -0.33331 -0.94282 0
vn -0.33331 -0.94282 0
vn 0 0 1
vn -0.46948 -0.88295 0
vn 0 0 1
vn -0.57562 -0.81772 0
vn -0.1193 -0.99286 0
vn 0 0 1
vn -0.1193 -0.99286 0
vn 0 0 1
vn -0.0714 -0.99745 0
vn 0 0 1
vn -0.0714 -0.99745 0
vn 0 0 1
vn 0 0 1
vn -0.59585 -0.8031 0
vn 0 0 1
vn 0 0 1
vn 0 0 1
vn -0.14329 -0.98968 0
vn -0.14329 -0.98968 0
vn 0 0 1
vn 0 0 1
vn -0.09533 -0.99545 0
vn -0.09533 -0.99545 0
vn 0 0 1
vn 0 0 1
vn -0.61572 -0.78797 0
vn 0 0 1
vn 0 0 1
vn 0 0 1
vn 0 0 1
vn 0 0 1
vn -0.44736 -0.89435 0
vn 0 0 1
vn 0 0 1
vn -0.23899 -0.97102 0
vn -0.23899 -0.97102 0
vn 0 0 1
vn -0.97015 0.24252 0
vn -0.97015 0.24252 0
vn -0.43756 0.89919 0
vn -0.56816 0.82292 0
vn -0.93188 0.36276 0
vn -0.48285 0.8757 0
vn -0.93188 0.36276 0
vn -0.94643 0.32292 0
vn -0.94643 0.32292 0
vn 0 0 1
vn 0 0 1
vn -0.52641 0.85023 0
vn 0 0 1
vn 0 0 1
vn -0.91551 0.40229 0
vn -0.91551 0.40229 0
vn 0 0 1
vn -0.95905 -0.28324 0
vn -0.89729 0.44144 0
vn -0.89729 0.44144 0
vn -0.24215 0.97024 0
vn -0.29279 0.95618 0
vn 0 0 1
vn 0 0 1
vn 0 0 1
vn -0.87719 0.48014 0
vn 0 0 1
vn 0 0 1
vn -0.85519 0.51831 0
vn -0.85519 0.51831 0
vn 0 0 1
vn 0 0 1
vn 0 0 1
vn -0.95905 -0.28324 0
vn -0.04038 0.99918 0
vn -0.80536 0.59279 0
vn -0.87719 0.48014 0
vn -0.80536 0.59279 0
vn 0 0 1
vn 0 0 1
vn -0.83125 0.55589 0
vn -0.83125 0.55589 0
vn 0 0 1
vn 0 0 1
vn 0 0 1
vn -0.08659 0.99624 0
vn 0 0 1
vn 0 0 1
vn -0.74761 0.66414 0
vn -0.34237 0.93956 0
vn -0.74761 0.66414 0
vn 0 0 1
vn -0.77748 0.6289 0
vn -0.95184 -0.30659 0
vn -0.95184 -0.30659 0
vn -0.98199 -0.18893 0
vn 0 0 1
vn 0 0 1
vn -0.98199 -0.18893 0
vn 0 0 1
vn 0 0 1
vn 0 0 1
vn -0.94405 -0.32981 0
vn -0.39069 0.92052 0
vn -0.77748 0.6289 0
vn -0.94405 -0.32981 0
vn 0 0 1
vn 0 0 1
vn -0.1386 0.99035 0
vn -0.19067 0.98165 0
vn 0 0 1
vn -0.96567 -0.25978 0
vn -0.96567 -0.25978 0
vn 0.9766 -0.21504 0
vn -0.99556 -0.0941 0
vn -0.99556 -0.0941 0
vn 0 0 1
vn -0.97714 -0.21261 0
vn 0 0 1
vn 0.99409 -0.10856 0
vn 0.99999 -0.00475 0
vn 0 0 1
vn -0.9717 -0.23623 0
vn -0.97714 -0.21261 0
vn -0.98626 -0.16523 0
vn -0.98626 -0.16523 0
vn 0.94814 -0.31786 0
vn 0 0 1
vn 0 0 1
vn 0 0 1
vn -0.9717 -0.23623 0
vn 0 0 1
vn 0.80478 -0.59357 0
vn 0 0 1
vn 0.90944 -0.41584 0
vn 0.86135 -0.50801 0
vn -0.99304 -0.11779 0
vn -0.99304 -0.11779 0
vn 0 0 1
vn 0 0 1
vn 0 0 1
vn 0 0 1
vn -0.98994 -0.1415 0
vn 0 0 1
vn 0 0 1
vn -0.98994 -0.1415 0
vn 0 0 1
vn -0.99751 -0.07046 0
vn -0.99751 -0.07046 0
vn -0.80625 -0.59158 0
vn 0 0 1
vn 0 0 1
vn -0.80625 -0.59158 0
vn 0.74067 -0.67187 0
vn 0 0 1
vn 0 0 1
vn 0 0 1
vn 0 0 1
vn 0 0 1
vn 0 0 1
vn 0 0 1
vn -0.83468 -0.55074 0
vn -0.83468 -0.55074 0
vn -0.83125 0.55589 0
vn -0.8481 -0.52983 0
vn -0.8481 -0.52983 0
vn -0.80536 0.59279 0
vn -0.74761 0.66414 0
vn -0.74335 -0.6689 0
vn -0.89639 -0.44327 0
vn -0.89639 -0.44327 0
vn -0.94405 -0.32981 0
vn -0.95184 -0.30659 0
vn -0.75981 -0.65015 0
vn -0.75981 -0.65015 0
vn -0.88515 -0.46531 0
vn -0.88515 -0.46531 0
vn -0.95905 -0.28324 0
vn -0.9717 -0.23623 0
vn -0.96567 -0.25978 0
vn -0.82072 -0.57133 0
vn -0.82072 -0.57133 0
vn 0 0 1
vn 0 0 1
vn 0.74816 0.66351 0
vn 0.31318 0.94969 0
vn 0.31318 0.94969 0
vn 0 0 1
vn 0 0 1
vn 0.57504 0.81813 0
vn 0 0 1
vn 0 0 1
vn 0.54157 0.84066 0
vn 0.3782 0.92572 0
vn 0 0 1
vn 0.3782 0.92572 0
vn 0 0 1
vn 0.7834 0.62152 0
vn 0.47564 0.87964 0
vn 0 0 1
vn 0 0 1
vn 0.8852 0.46521 0
vn 0.47564 0.87964 0
vn 0.44305 0.8965 0
vn 0 0 1
vn 0.44305 0.8965 0
vn 0 0 1
vn 0.85245 0.52281 0
vn 0.71292 0.70124 0
vn 0.28038 0.95989 0
vn 0.28038 0.95989 0
vn 0.67789 0.73516 0
vn 0.9158 0.40164 0
vn 0.50846 0.86109 0
vn 0.50846 0.86109 0
vn 0.99603 0.08906 0
vn 0.98456 0.17502 0
vn 0.81831 0.57477 0
vn 0.4106 0.91182 0
vn 0.4106 0.91182 0
vn 0 0 1
vn -0.71572 0.69839 0
vn -0.71572 0.69839 0
vn 0 0 1
vn -0.68182 0.73152 0
vn -0.68182 0.73152 0
vn -0.47573 -0.87959 0
vn 0.9666 0.25627 0
vn 0 0 1
vn 0 0 1
vn -0.60801 0.79393 0
vn -0.60801 0.79393 0
vn 0 0 1
vn 0 0 1
vn 0 0 1
vn 0.94329 0.33196 0
vn 0 0 1
vn 0 0 1
vn 0 0 1
vn 0 0 1
vn -0.64591 0.76341 0
vn 0 0 1
vn -0.46529 -0.88516 0
vn -0.64591 0.76341 0
vn 0 0 1
vn 0 0 1
vn -0.52641 0.85023 0
vn -0.52641 0.85023 0
vn 0 0 1
vn 0 0 1
vn -0.56816 0.82292 0
vn -0.56816 0.82292 0
vn 0 0 1
vn 0 0 1
vn 0 0 1
vn 0 0 1
vn -0.47191 -0.88165 0
vn -0.45563 -0.89017 0
vn 0 0 1
vn -0.43756 0.89919 0
vn -0.43756 0.89919 0
vn 0 0 1
vn 0 0 1
vn -0.48285 0.8757 0
vn -0.48285 0.8757 0
vn -0.47567 -0.87962 0
vn 0 0 1
vn -0.08659 0.99624 0
vn -0.08659 0.99624 0
vn 0 0 1
vn -0.47203 -0.88158 0
vn 0 0 1
vn 0 0 1
vn -0.34237 0.93957 0
vn -0.34237 0.93957 0
vn 0 0 1
vn -0.46606 -0.88475 0
vn -0.1386 0.99035 0
vn -0.1386 0.99035 0
vn 0 0 1
vn 0 0 1
vn 0 0 1
vn -0.24215 0.97024 0
vn -0.24215 0.97024 0
vn -0.39069 0.92052 0
vn -0.39069 0.92052 0
vn 0 0 1
vn 0 0 1
vn -0.29279 0.95618 0
vn 0 0 1
vn -0.47694 -0.87894 0
vn -0.29279 0.95618 0
vn -0.04038 0.99918 0
vn -0.04038 0.99918 0
vn 0 0 1
vn -0.98686 0.16159 0
vn 0 0 1
vn 0.47564 0.87964 0
vn 0 0 1
vn 0.44305 0.8965 0
vn 0 0 1
vn 0 0 1
vn 0 0 1
vn 0 0 1
vn 0 0 1
vn 0 0 1
vn 0 0 1
vn 0.31318 0.94969 0
vn 0 0 1
vn 0 0 1
vn -0.60801 0.79393 0
vn 0 0 1
vn 0 0 1
vn 0 0 1
vn 0 0 1
vn 0 0 1
vn 0.50846 0.86109 0
vn 0 0 1
vn 0 0 1
vn 0 0 1
vn 0 0 1
vn 0 0 1
vn 0 0 1
vn 0.28038 0.95989 0
vn -0.99264 0.12106 0
vn -0.99264 0.12106 0
vn 0 0 1
vn 0 0 1
vn 0 0 1
vn -0.99675 0.08058 0
vn -0.99675 0.08058 0
vn 0 0 1
vn 0 0 1
vn 0 0 1
vn 0 0 1
vn 0.4106 0.91182 0
vn 0 0 1
vn -0.97937 0.20209 0
vn -0.71572 0.69839 0
vn -0.97937 0.20209 0
vn 0 0 1
vn -0.64591 0.76341 0
vn 0 0 1
vn 0 0 1
vn 0 0 1
vn -0.95917 0.28282 0
vn -0.95917 0.28282 0
vn 0 0 1
vn 0 0 1
vn -0.98686 0.16159 0
vn -0.68182 0.73152 0
vn 0 0 1
vn 0 0 1
vn 0 0 1
vn 0 0 1
vn 0 0 1
vn 0 0 1
vn 0 0 1
vn 0 0 1
vn 0 0 1
vn 0 0 1
vn 0 0 1
vn 0 0 1
vn 0 0 1
vn 0 0 1
vn 0 0 1
vn 0 0 1
vn 0 0 1
vn 0 0 1
vn 0 0 1
vn 0 0 1
vn 0 0 1
vn -0.24026 -0.97071 0
vn 0 0 1
vn 0.99409 -0.10856 0
vn -0.2142 -0.97679 0
vn 0 0 1
vn 0 0 1
vn -0.40492 -0.91435 0
vn 0 0 1
vn 0.99409 -0.10856 0
vn 0 0 1
vn 0 0 1
vn 0 0 1
vn 0 0 1
vn 0 0 1
vn 0 0 1
vn 0 0 1
vn 0 0 1
vn 0 0 1
vn 0 0 1
vn 0 0 1
vn -0.3792 -0.92532 0
vn 0 0 1
vn 0 0 1
vn 0 0 1
vn 0 0 1
vn 0 0 1
vn 0 0 1
vn 0 0 1
vn 0 0 1
vn 0.9766 -0.21504 0
vn 0 0 1
vn 0 0 1
vn 0 0 1
vn 0 0 1
vn -0.44261 -0.89671 0
vn 0 0 1
vn 0 0 1
vn 0 0 1
vn 0 0 1
vn -0.31072 -0.9505 0
vn 0 0 1
vn 0 0 1
vn 0 0 1
vn 0.74067 -0.67187 0
vn 0 0 1
vn 0 0 1
vn 0 0 1
vn 0.99999 -0.00475 0
vn 0 0 1
vn 0 0 1
vn 0.99999 -0.00475 0
vn -0.42587 -0.90479 0
vn 0 0 1
vn 0 0 1
vn 0 0 1
vn 0 0 1
vn -0.26638 -0.96387 0
vn 0 0 1
vn 0 0 1
vn 0 0 1
vn 0 0 1
vn 0 0 1
vn 0 0 1
vn 0 0 1
vn 0 0 1
vn 0 0 1
vn 0 0 1
vn 0 0 1
vn 0 0 1
vn 0 0 1
vn 0 0 1
vn 0 0 1
vn 0 0 1
vn 0 0 1
vn 0 0 1
vn -0.34805 -0.93748 0
vn 0 0 1
vn -0.19067 0.98165 0
vn -0.19067 0.98165 0
vn 0 0 1
vn 0 0 1
vn 0 0 1
vn 0 0 1
vn 0.9766 -0.21504 0
vn 0 0 1
vn 0 0 1
vn 0.94814 -0.31786 0
vn 0.94814 -0.31786 0
vn -0.122 -0.99253 0
vn -0.122 -0.99253 0
vn -0.16416 -0.98643 0
vn -0.41914 -0.90792 0
vn -0.41914 -0.90792 0
vn 0.45929 0.88829 0
vn -0.16416 -0.98643 0
vn -0.06912 -0.99761 0
vn -0.06912 -0.99761 0
vn 0.54773 0.83666 0
vn 0.59119 0.80653 0
vn 0.0016 -1 0
vn 0.0016 -1 0
vn -0.30501 -0.95235 0
vn -0.27405 -0.96171 0
vn -0.27405 -0.96171 0
vn -0.30501 -0.95235 0
vn 0.71846 -0.69557 0
vn -0.3792 -0.92532 0
vn -0.3792 -0.92532 0
vn -0.20361 -0.97905 0
vn -0.20361 -0.97905 0
vn -0.24026 -0.97071 0
vn -0.24026 -0.97071 0
vn 0.75809 -0.65215 0
vn 0.61357 -0.78964 0
vn -0.40492 -0.91435 0
vn -0.40492 -0.91435 0
vn 0.67086 -0.74159 0
vn -0.42587 -0.90479 0
vn -0.42587 -0.90479 0
vn -0.2142 -0.97679 0
vn 0.84276 -0.53829 0
vn -0.2142 -0.97679 0
vn -0.44261 -0.89671 0
vn -0.44261 -0.89671 0
vn 0.86295 -0.50529 0
vn -0.31072 -0.9505 0
vn -0.31072 -0.9505 0
vn 0.79123 -0.61151 0
vn -0.26638 -0.96387 0
vn -0.26638 -0.96387 0
vn 0.81913 -0.57361 0
vn 0.13143 -0.99133 0
vn 0.03736 0.9993 0
vn 0.03736 0.9993 0
vn -0.99973 -0.02339 0
vn -0.99973 -0.02339 0
vn -0.0838 -0.99648 0
vn 0.5131 -0.85833 0
vn 0 0 1
vn 0.07405 0.99725 0
vn 0 0 1
vn -0.34805 -0.93748 0
vn -0.34805 -0.93748 0
vn 0.59377 -0.80464 0
vn -0.99919 0.0402 0
vn -0.99919 0.0402 0
vn -0.47567 -0.87962 0
vn -0.47567 -0.87962 0
vn 0 0 1
vn 0 0 1
vn -0.9989 -0.04688 0
vn -0.9989 -0.04688 0
vn 0.00998 -0.99995 0
vn 0 0 1
vn 0 0 1
vn 0.07405 0.99725 0
vn -0.47203 -0.88158 0
vn -0.47203 -0.88158 0
vn -0.47694 -0.87894 0
vn 0 0 1
vn -0.47694 -0.87894 0
vn -0.99999 0.00419 0
vn -0.99999 0.00419 0
vn 0 0 1
vn -0.15341 -0.98816 0
vn 0.42912 -0.90325 0
vn 0 0 1
vn 0.10998 0.99393 0
vn 0.10998 0.99393 0
vn 0 0 1
vn 0 0 1
vn -0.45563 -0.89017 0
vn 0.17976 0.98371 0
vn 0 0 1
vn 0 0 1
vn 0.17976 0.98371 0
vn 0 0 1
vn 0.46263 -0.88655 0
vn 0 0 1
vn 0.6432 0.7657 0
vn 0.25594 -0.96669 0
vn 0.34301 -0.93933 0
vn 0 0 1
vn 0.14519 0.9894 0
vn 0.14519 0.9894 0
vn 0.60891 0.79324 0
vn 0 0 1
vn -0.46606 -0.88475 0
vn -0.46606 -0.88475 0
vn 0 0 1
vn 0 0 1
vn 0 0 1
vn 0.24727 0.96895 0
vn 0.24727 0.96895 0
vn 0.0835 -0.99651 0
vn 0.25502 -0.96694 0
vn 0.66998 -0.74237 0
vn -0.47191 -0.88165 0
vn 0 0 1
vn 0 0 1
vn 0.54474 -0.83861 0
vn -0.47191 -0.88165 0
vn 0 0 1
vn 0 0 1
vn 0.21376 0.97689 0
vn 0 0 1
vn 0 0 1
vn -0.47573 -0.87959 0
vn 0.36605 -0.93059 0
vn 0.21376 0.97689 0
vn -0.47573 -0.87959 0
vn 0 0 1
vn 0 0 1
vn -0.00061 1 0
vn -0.00061 1 0
vn 0.16907 -0.9856 0
vn 0 0 1
vn 0 0 1
vn 0 0 1
vn 0.34575 0.93832 0
vn 0.9743 -0.22524 0
vn 0.34575 0.93832 0
vn -0.45563 -0.89017 0
vn 0 0 1
vn 0 0 1
vn 0 0 1
vn 0.81831 0.57477 0
vn 0.81831 0.57477 0
vn 0 0 1
vn 0 0 1
vn 0 0 1
vn 0 0 1
vn 0 0 1
vn 0.88033 -0.47436 0
vn 0.85245 0.52281 0
vn 0.85245 0.52281 0
vn 0 0 1
vn 0 0 1
vn 0 0 1
vn 0 0 1
vn 0.89541 -0.44524 0
vn 0 0 1
vn 0.8852 0.46521 0
vn 0 0 1
vn 0.94808 -0.31804 0
vn 0 0 1
vn 0 0 1
vn 0 0 1
vn 0 0 1
vn 0.99603 0.08906 0
vn 0.99603 0.08906 0
vn 0 0 1
vn 0.95558 -0.29472 0
vn 0 0 1
vn 0 0 1
vn 0 0 1
vn 0 0 1
vn 0.67789 0.73516 0
vn 0.67789 0.73516 0
vn 0 0 1
vn 0 0 1
vn 0.71292 0.70124 0
vn 0.71292 0.70124 0
vn 0.93978 -0.34179 0
vn 0.74816 0.66351 0
vn 0.8852 0.46521 0
vn 0.9158 0.40164 0
vn 0.9158 0.40164 0
vn 0 0 1
vn 0 0 1
vn 0.93055 -0.36616 0
vn 0 0 1
vn 0.25594 -0.96669 0
vn 0 0 1
vn -0.40148 -0.91587 0
vn 0 0 1
vn 0 0 1
vn 0 0 1
vn 0 0 1
vn 0.25594 -0.96669 0
vn 0 0 1
vn 0 0 1
vn 0.54157 0.84066 0
vn 0.54157 0.84066 0
vn 0 0 1
vn 0 0 1
vn 0 0 1
vn 0 0 1
vn 0 0 1
vn 0 0 1
vn 0.57504 0.81813 0
vn 0.57504 0.81813 0
vn 0.16907 -0.9856 0
vn 0.16907 -0.9856 0
vn 0.74816 0.66351 0
vn 0 0 1
vn -0.33316 -0.94287 0
vn 0 0 1
vn -0.35857 -0.9335 0
vn 0 0 1
vn 0.34301 -0.93933 0
vn 0.7834 0.62152 0
vn 0.7834 0.62152 0
vn 0 0 1
vn 0 0 1
vn 0.34301 -0.93933 0
vn 0 0 1
vn 0 0 1
vn 0 0 1
vn 0 0 1
vn 0 0 1
vn 0 0 1
vn -0.38131 -0.92445 0
vn 0 0 1
vn 0 0 1
vn 0.59377 -0.80464 0
vn 0.59377 -0.80464 0
vn 0 0 1
vn 0 0 1
vn -0.44725 -0.89441 0
vn 0 0 1
vn 0 0 1
vn 0 0 1
vn 0 0 1
vn 0 0 1
vn 0 0 1
vn 0 0 1
vn -0.4578 -0.88905 0
vn 0.5131 -0.85833 0
vn 0.5131 -0.85833 0
vn 0 0 1
vn 0 0 1
vn 0 0 1
vn 0 0 1
vn 0.0835 -0.99651 0
vn -0.41914 -0.90792 0
vn 0 0 1
vn 0 0 1
vn 0.60891 0.79324 0
vn 0.6432 0.7657 0
vn 0.6432 0.7657 0
vn 0 0 1
vn 0 0 1
vn 0.60891 0.79324 0
vn 0.0835 -0.99651 0
vn 0 0 1
vn 0 0 1
vn 0 0 1
vn 0 0 1
vn 0.66998 -0.74238 0
vn 0.66998 -0.74238 0
vn -0.43438 -0.90073 0
vn 0 0 1
vn 0 0 1
vn 0 0 1
vn 0 0 1
vn 0 0 1
vn 0 0 1
vn 0 0 1
vn 0 0 1
vn 0 0 1
vn 0 0 1
vn 0 0 1
vn 0 0 1
vn 0 0 1
vn 0 0 1
vn 0 0 1
vn 0 0 1
vn 0 0 1
vn -0.122 -0.99253 0
vn 0 0 1
vn 0 0 1
vn 0 0 1
vn 0 0 1
vn 0 0 1
vn 0 0 1
vn 0 0 1
vn 0 0 1
vn 0 0 1
vn -0.16416 -0.98643 0
vn 0 0 1
vn 0 0 1
vn 0 0 1
vn 0.42912 -0.90325 0
vn 0.42912 -0.90325 0
vn 0 0 1
vn 0 0 1
vn 0 0 1
vn 0 0 1
vn 0 0 1
vn 0 0 1
vn 0 0 1
vn 0 0 1
vn 0 0 1
vn 0 0 1
vn 0 0 1
vn 0 0 1
vn 0 0 1
vn 0 0 1
vn 0 0 1
vn 0 0 1
vn 0 0 1
vn 0 0 1
vn 0 0 1
vn 0 0 1
vn -0.06912 -0.99761 0
vn 0 0 1
vn 0 0 1
vn 0 0 1
vn 0 0 1
vn 0 0 1
vn 0 0 1
vn 0 0 1
vn 0.90944 -0.41584 0
vn 0 0 1
vn 0 0 1
vn 0.86135 -0.50801 0
vn 0 0 1
vn 0 0 1
vn -0.27405 -0.96171 0
vn 0.90944 -0.41584 0
vn 0 0 1
vn 0.86135 -0.50801 0
vn 0 0 1
vn 0 0 1
vn -0.30501 -0.95235 0
vn 0 0 1
vn 0 0 1
vn 0 0 1
vn 0 0 1
vn 0 0 1
vn 0 0 1
vn 0.80478 -0.59357 0
vn 0 0 1
vn 0.0016 -1 0
vn 0 0 1
vn 0.80478 -0.59357 0
vn 0 0 1
vn 0 0 1
vn 0 0 1
vn 0 0 1
vn 0 0 1
vn 0 0 1
vn 0.74067 -0.67187 0
vn 0 0 1
vn 0 0 1
vn 0 0 1
vn 0 0 1
vn 0 0 1
vn 0 0 1
vn 0 0 1
vn -0.20361 -0.97905 0
vn 0 0 1
vn 0 0 1
vn 0 0 1
vn -0.38131 -0.92445 0
vn -0.38131 -0.92445 0
vn 0.93978 -0.34179 0
vn -0.40148 -0.91587 0
vn 0.93055 -0.36616 0
vn 0.93055 -0.36616 0
vn 0.15697 0.9876 0
vn 0.95558 -0.29472 0
vn 0.88033 -0.47436 0
vn 0.88033 -0.47436 0
vn 0.95558 -0.29472 0
vn 0.24039 0.97068 0
vn 0.93978 -0.34179 0
vn 0.11648 0.99319 0
vn -0.40148 -0.91587 0
vn -0.35857 -0.9335 0
vn -0.35857 -0.9335 0
vn 0.19829 0.98014 0
vn 0.75276 0.65829 0
vn 0.63375 0.77354 0
vn -0.4578 -0.88905 0
vn -0.4578 -0.88905 0
vn -0.44725 -0.89441 0
vn 0.67508 0.73775 0
vn -0.44725 -0.89441 0
vn -0.33316 -0.94287 0
vn -0.33316 -0.94287 0
vn 0.71486 0.69927 0
vn -0.43438 -0.90073 0
vn -0.43438 -0.90073 0
vn 0.50367 0.8639 0
vn 0 0 1
vn 0.99908 0.04282 0
vn 0 0 1
vn -0.93429 0.35652 0
vn 0 0 1
vn -0.94378 0.33057 0
vn 0 0 1
vn 1 0.00153 0
vn 1 0.00153 0
vn 0 0 1
vn 0 0 1
vn 0 0 1
vn 0 0 1
vn 0.32664 0.94515 0
vn 0.32664 0.94515 0
vn 0 0 1
vn 0 0 1
vn 0.99908 0.04282 0
vn 0 0 1
vn 0 0 1
vn 0 0 1
vn 0.41485 0.90989 0
vn 0.41485 0.90989 0
vn 0 0 1
vn 0 0 1
vn 0 0 1
vn 0.99939 -0.03491 0
vn 0.99939 -0.03491 0
vn 0.99773 -0.06733 0
vn -0.21665 0.97625 0
vn 0.9837 0.17981 0
vn 0.99773 -0.06733 0
vn 0.9837 0.17981 0
vn 0 0 1
vn 0 0 1
vn 0 0 1
vn 0 0 1
vn 0.28321 0.95906 0
vn 0.28321 0.95906 0
vn 0 0 1
vn -0.1942 0.98096 0
vn 0 0 1
vn 0.9962 0.08707 0
vn 0 0 1
vn -0.17138 0.98521 0
vn 0.37057 0.9288 0
vn 0.37057 0.9288 0
vn -0.14818 0.98896 0
vn 0 0 1
vn 0 0 1
vn 0.9962 0.08707 0
vn 0 0 1
vn 0.97368 0.22793 0
vn 0.97368 0.22793 0
vn 0 0 1
vn 0 0 1
vn 0.24039 0.97068 0
vn 0 0 1
vn 0.24039 0.97068 0
vn -0.30312 0.95295 0
vn 0 0 1
vn 0 0 1
vn 0.11648 0.99319 0
vn 0.11648 0.99319 0
vn 0.99114 0.13279 0
vn 0.99114 0.13279 0
vn 0.15697 0.9876 0
vn 0.15697 0.9876 0
vn -0.28196 0.95942 0
vn 0 0 1
vn 0 0 1
vn 0.00294 1 0
vn 0 0 1
vn 0.19829 0.98014 0
vn 0 0 1
vn 0 0 1
vn -0.26051 0.96547 0
vn 0 0 1
vn 0.19829 0.98014 0
vn -0.23874 0.97108 0
vn 0.07683 0.99704 0
vn 0 0 1
vn 0.75276 0.65829 0
vn 0.75276 0.65829 0
vn 0.67508 0.73775 0
vn 0.67508 0.73775 0
vn 0 0 1
vn -0.02579 0.99967 0
vn 0 0 1
vn 0.45929 0.88829 0
vn 0 0 1
vn 0 0 1
vn 0 0 1
vn 0.45929 0.88829 0
vn 0.03804 0.99928 0
vn 0 0 1
vn 0.63375 0.77354 0
vn 0.63375 0.77354 0
vn -0.12457 0.99221 0
vn 0.59119 0.80653 0
vn 0.59119 0.80653 0
vn 0.50367 0.8639 0
vn 0.50367 0.8639 0
vn -0.10055 0.99493 0
vn 0 0 1
vn -0.51995 0.8542 0
vn 0.71486 0.69927 0
vn 0.71486 0.69927 0
vn 0 0 1
vn -0.50124 0.86531 0
vn 0 0 1
vn -0.07609 0.9971 0
vn 0 0 1
vn 0 0 1
vn 0 0 1
vn -0.48236 0.87597 0
vn -0.53848 0.84264 0
vn -0.05117 0.99869 0
vn 0 0 1
vn 0 0 1
vn 0 0 1
vn 0 0 1
vn 0 0 1
vn 0.54773 0.83666 0
vn 0.54773 0.83666 0
vn 0 0 1
vn 0.97948 -0.20154 0
vn 0 0 1
vn 0 0 1
vn 0 0 1
vn -0.46529 -0.88516 0
vn -0.46529 -0.88516 0
vn 0 0 1
vn 0 0 1
vn 0 0 1
vn 0 0 1
vn 0 0 1
vn 0.96863 -0.24852 0
vn 0 0 1
vn 0 0 1
vn 0.96241 -0.27162 0
vn 0 0 1
vn 0 0 1
vn 0 0 1
vn 0 0 1
vn 0 0 1
vn 0 0 1
vn 0 0 1
vn 0.99525 -0.09734 0
vn 0 0 1
vn 0.9666 0.25627 0
vn 0 0 1
vn 0.9666 0.25627 0
vn 0 0 1
vn 0 0 1
vn 0 0 1
vn 0 0 1
vn 0.94329 0.33196 0
vn 0.9884 -0.15189 0
vn 0.94329 0.33196 0
vn 0 0 1
vn 0 0 1
vn 0 0 1
vn 0.98456 0.17502 0
vn 0 0 1
vn 0.98456 0.17502 0
vn 0 0 1
vn 0 0 1
vn 0 0 1
vn 0 0 1
vn 0 0 1
vn 0.9086 -0.41766 0
vn 0 0 1
vn 0 0 1
vn 0 0 1
vn 0 0 1
vn 0.99211 -0.1254 0
vn 0 0 1
vn 0 0 1
vn 0 0 1
vn 0 0 1
vn 0.92023 -0.39138 0
vn 0 0 1
vn 0 0 1
vn 0 0 1
vn 0 0 1
vn 0.98418 -0.17717 0
vn 0 0 1
vn -0.40492 0.91435 0
vn 0 0 1
vn 0 0 1
vn 0 0 1
vn 0 0 1
vn 0 0 1
vn 0 0 1
vn 0 0 1
vn 0 0 1
vn 0 0 1
vn 0.81913 -0.57361 0
vn 0 0 1
vn 0 0 1
vn 0.81913 -0.57361 0
vn 0 0 1
vn 0 0 1
vn 0 0 1
vn 0.13143 -0.99133 0
vn 0 0 1
vn 0 0 1
vn 0.13143 -0.99133 0
vn 0 0 1
vn 0 0 1
vn 0 0 1
vn 0 0 1
vn 0 0 1
vn -0.42458 0.90539 0
vn 0 0 1
vn 0 0 1
vn 0 0 1
vn 0.90485 0.42572 0
vn 0 0 1
vn 0 0 1
vn 0 0 1
vn 0 0 1
vn 0 0 1
vn 0 0 1
vn 0 0 1
vn 0.92657 0.37613 0
vn -0.15341 -0.98816 0
vn -0.15341 -0.98816 0
vn 0 0 1
vn -0.0838 -0.99648 0
vn -0.0838 -0.99648 0
vn 0.79123 -0.61151 0
vn 0.79123 -0.61151 0
vn 0.9609 0.27689 0
vn 0 0 1
vn 0.94523 0.3264 0
vn 0.54474 -0.83861 0
vn 0 0 1
vn 0.54474 -0.83861 0
vn 0 0 1
vn 0.00998 -0.99995 0
vn 0.00998 -0.99995 0
vn 0.82176 0.56983 0
vn 0 0 1
vn 0 0 1
vn 0.78849 0.61505 0
vn 0 0 1
vn 0 0 1
vn 0 0 1
vn 0 0 1
vn 0 0 1
vn 0.46263 -0.88655 0
vn 0.46263 -0.88655 0
vn 0.9743 -0.22524 0
vn 0.9743 -0.22524 0
vn 0 0 1
vn 0 0 1
vn 0.36605 -0.93059 0
vn 0.36605 -0.93059 0
vn 0.8801 0.47479 0
vn 0 0 1
vn 0 0 1
vn 0 0 1
vn 0.96241 -0.27162 0
vn 0.96241 -0.27162 0
vn 0 0 1
vn 0.85236 0.52295 0
vn 0.25502 -0.96694 0
vn 0.97948 -0.20154 0
vn 0.97948 -0.20154 0
vn 0.25502 -0.96694 0
vn 0 0 1
vn 0 0 1
vn 0 0 1
vn 1 0.00153 0
vn 0.99211 -0.1254 0
vn 0.99211 -0.1254 0
vn 0 0 1
vn 0 0 1
vn 0 0 1
vn 0.96863 -0.24852 0
vn 0.96863 -0.24852 0
vn 0 0 1
vn 0 0 1
vn 0.98418 -0.17717 0
vn 0.98418 -0.17717 0
vn 0.9837 0.17981 0
vn 0.99525 -0.09734 0
vn 0.97368 0.22793 0
vn 0.99908 0.04282 0
vn 0.99525 -0.09734 0
vn 0 0 1
vn 0.9086 -0.41766 0
vn 0.9086 -0.41766 0
vn 0 0 1
vn 0.9884 -0.15189 0
vn 0.9884 -0.15189 0
vn 0.99939 -0.03491 0
vn 0 0 1
vn 0.9962 0.08707 0
vn 0 0 1
vn 0.28321 0.95906 0
vn 0.32664 0.94515 0
vn 0.99773 -0.06733 0
vn 0.92023 -0.39138 0
vn 0.92023 -0.39138 0
vn 0.37057 0.9288 0
vn 0.89541 -0.44524 0
vn 0.94808 -0.31804 0
vn 0.94808 -0.31804 0
vn 0.41485 0.90989 0
vn 0.99114 0.13279 0
vn 0.89541 -0.44524 0
vn 0 0 1
vn -0.97479 0.22313 0
vn -0.97479 0.22313 0
vn 0 0 1
vn 0 0 1
vn 0 0 1
vn 0.78849 0.61505 0
vn 0.78849 0.61505 0
vn 0.92657 0.37613 0
vn 0.92657 0.37613 0
vn 0 0 1
vn 0 0 1
vn -0.9526 0.30422 0
vn 0 0 1
vn -0.96653 -0.25656 0
vn 0 0 1
vn -0.9526 0.30422 0
vn 0.8801 0.47479 0
vn 0 0 1
vn 0.90485 0.42572 0
vn 0 0 1
vn 0.90485 0.42572 0
vn 0 0 1
vn 0 0 1
vn 0 0 1
vn 0 0 1
vn 0 0 1
vn -1 -0.00054 0
vn -0.98582 0.1678 0
vn -0.98582 0.1678 0
vn -0.99648 0.08386 0
vn 0 0 1
vn 0 0 1
vn -0.96813 0.25045 0
vn 0 0 1
vn 0 0 1
vn 0 0 1
vn -0.96813 0.25045 0
vn 0.82176 0.56983 0
vn -0.99844 0.05583 0
vn 0.82176 0.56983 0
vn 0 0 1
vn 0.94523 0.3264 0
vn 0.94523 0.3264 0
vn 0 0 1
vn -0.97255 -0.23271 0
vn 0 0 1
vn -0.6974 0.71669 0
vn -0.9868 -0.16196 0
vn 0 0 1
vn 0 0 1
vn 0 0 1
vn 0 0 1
vn 0 0 1
vn -0.6974 0.71669 0
vn -0.98267 -0.18538 0
vn 0 0 1
vn 0 0 1
vn 0 0 1
vn -0.95986 -0.28048 0
vn 0 0 1
vn 0 0 1
vn 0 0 1
vn 0 0 1
vn 0 0 1
vn -0.96073 0.2775 0
vn -0.96073 0.2775 0
vn -0.73052 0.68289 0
vn -0.73052 0.68289 0
vn 0.9609 0.27689 0
vn -0.97792 -0.20898 0
vn 0.85236 0.52295 0
vn 0.85236 0.52295 0
vn 0 0 1
vn 0 0 1
vn -0.74672 0.66514 0
vn -0.74672 0.66514 0
vn 0 0 1
vn 0.9609 0.27689 0
vn 0 0 1
vn 0 0 1
vn -0.89013 0.45571 0
vn -0.62859 0.77774 0
vn -0.62859 0.77774 0
vn -0.71408 0.70007 0
vn -0.71408 0.70007 0
vn 0 0 1
vn -0.66339 0.74828 0
vn -0.66339 0.74828 0
vn 0 0 1
vn 0.8801 0.47479 0
vn -0.92415 0.38204 0
vn -0.99328 -0.11575 0
vn -0.91339 0.40709 0
vn -0.87769 0.47922 0
vn -0.90204 0.43166 0
vn 0 0 1
vn 0 0 1
vn -0.96813 0.25045 0
vn 0 0 1
vn 0 0 1
vn 0 0 1
vn -0.99017 0.1399 0
vn 0 0 1
vn 0 0 1
vn 0 0 1
vn 0 0 1
vn 0 0 1
vn 0 0 1
vn 0 0 1
vn 0 0 1
vn 0 0 1
vn 0 0 1
vn 0 0 1
vn 0 0 1
vn -0.98582 0.1678 0
vn -0.96073 0.2775 0
vn 0 0 1
vn 0 0 1
vn 0 0 1
vn 0 0 1
vn 0 0 1
vn 0 0 1
vn 0 0 1
vn 0 0 1
vn -0.97479 0.22313 0
vn 0 0 1
vn -0.99372 0.1119 0
vn 0 0 1
vn -0.9526 0.30422 0
vn 0 0 1
vn 0 0 1
vn 0 0 1
vn 0 0 1
vn -0.98069 0.19556 0
vn 0 0 1
vn 0 0 1
vn 0 0 1
vn 0 0 1
vn 0 0 1
vn 0 0 1
vn 0 0 1
vn -0.92415 0.38204 0
vn -0.92415 0.38204 0
vn -0.6974 0.71669 0
vn 0 0 1
vn -0.73052 0.68289 0
vn 0 0 1
vn 0 0 1
vn 0 0 1
vn 0 0 1
vn 0 0 1
vn 0 0 1
vn -0.74672 0.66514 0
vn -0.93429 0.35652 0
vn -0.93429 0.35652 0
vn -0.21665 0.97625 0
vn -0.21665 0.97625 0
vn -0.6805 0.73275 0
vn -0.14818 0.98896 0
vn -0.14818 0.98896 0
vn 0 0 1
vn 0 0 1
vn 0 0 1
vn 0 0 1
vn -0.91339 0.40709 0
vn -0.91339 0.40709 0
vn -0.62859 0.77774 0
vn -0.71408 0.70007 0
vn 0 0 1
vn -0.94378 0.33057 0
vn -0.94378 0.33057 0
vn -0.1942 0.98096 0
vn -0.1942 0.98096 0
vn -0.66339 0.74828 0
vn 0 0 1
vn -0.61091 0.7917 0
vn 0 0 1
vn 0 0 1
vn -0.59306 0.80516 0
vn 0 0 1
vn 0 0 1
vn -0.38504 0.9229 0
vn 0 0 1
vn -0.36493 0.93103 0
vn -0.57504 0.81813 0
vn -0.55685 0.83062 0
vn 0 0 1
vn 0 0 1
vn 0.67086 -0.74159 0
vn 0 0 1
vn 0.67086 -0.74159 0
vn 0 0 1
vn 0 0 1
vn 0 0 1
vn 0 0 1
vn 0 0 1
vn 0.75809 -0.65215 0
vn 0.75809 -0.65215 0
vn 0 0 1
vn 0 0 1
vn -0.46329 0.88621 0
vn 0 0 1
vn 0.71846 -0.69557 0
vn 0.71846 -0.69557 0
vn -0.44403 0.89601 0
vn 0 0 1
vn -0.34459 0.93875 0
vn 0 0 1
vn 0 0 1
vn -0.89442 -0.44723 0
vn 0.86295 -0.50529 0
vn 0 0 1
vn 0.86295 -0.50529 0
vn 0.61357 -0.78964 0
vn 0.61357 -0.78964 0
vn -0.12457 0.99221 0
vn -0.12457 0.99221 0
vn -0.8824 -0.47051 0
vn -0.32399 0.94606 0
vn -0.05117 0.99869 0
vn 0 0 1
vn 0 0 1
vn 0.84276 -0.53829 0
vn 0.84276 -0.53829 0
vn 0 0 1
vn -0.05117 0.99869 0
vn 0 0 1
vn 0 0 1
vn 0 0 1
vn -0.10055 0.99493 0
vn -0.10055 0.99493 0
vn 0 0 1
vn 0 0 1
vn -0.90578 -0.42375 0
vn 0 0 1
vn 0 0 1
vn 0 0 1
vn -0.93585 -0.35239 0
vn 0 0 1
vn 0 0 1
vn 0 0 1
vn -0.91648 -0.40008 0
vn 0 0 1
vn -0.07609 0.9971 0
vn -0.07609 0.9971 0
vn 0 0 1
vn 0 0 1
vn 0 0 1
vn 0 0 1
vn 0 0 1
vn 0 0 1
vn 0 0 1
vn 0 0 1
vn -0.94453 -0.32844 0
vn 0 0 1
vn -0.76419 -0.64499 0
vn -0.48236 0.87597 0
vn -0.48236 0.87597 0
vn -0.50124 0.86531 0
vn -0.81284 -0.58249 0
vn -0.50124 0.86531 0
vn -0.9265 -0.37629 0
vn -0.51995 0.8542 0
vn -0.51995 0.8542 0
vn 0 0 1
vn -0.95253 -0.30445 0
vn -0.53848 0.84264 0
vn -0.78093 -0.62461 0
vn -0.53848 0.84264 0
vn 0 0 1
vn -0.38504 0.9229 0
vn 0 0 1
vn -0.38504 0.9229 0
vn -0.61091 0.7917 0
vn -0.61091 0.7917 0
vn 0 0 1
vn 0 0 1
vn -0.55685 0.83062 0
vn 0 0 1
vn -0.32399 0.94606 0
vn -0.55685 0.83062 0
vn -0.57504 0.81813 0
vn -0.57504 0.81813 0
vn 0 0 1
vn -0.32399 0.94606 0
vn 0 0 1
vn 0 0 1
vn 0 0 1
vn -0.79716 -0.60377 0
vn -0.59306 0.80516 0
vn -0.59306 0.80516 0
vn 0 0 1
vn -0.36493 0.93103 0
vn -0.36493 0.93103 0
vn 0 0 1
vn 0 0 1
vn 0 0 1
vn 0 0 1
vn 0 0 1
vn 0 0 1
vn -0.84249 -0.53872 0
vn 0 0 1
vn -0.44403 0.89601 0
vn -0.44403 0.89601 0
vn -0.85642 -0.51629 0
vn -0.40492 0.91435 0
vn -0.99751 -0.07053 0
vn -0.87769 0.47922 0
vn -0.87769 0.47922 0
vn -0.42458 0.90539 0
vn -0.34459 0.93875 0
vn -0.34459 0.93875 0
vn -0.82796 -0.56079 0
vn 0 0 1
vn -0.89013 0.45571 0
vn -0.89013 0.45571 0
vn 0 0 1
vn 0 0 1
vn 0 0 1
vn -0.86972 -0.49354 0
vn -0.90204 0.43166 0
vn -0.90204 0.43166 0
vn 0 0 1
vn 0 0 1
vn 0 0 1
vn -0.46329 0.88621 0
vn -0.46329 0.88621 0
vn 0 0 1
vn -0.99372 0.1119 0
vn -0.99372 0.1119 0
vn -0.99961 0.02786 0
vn 0 0 1
vn -0.98069 0.19556 0
vn -0.98069 0.19556 0
vn 0 0 1
vn 0 0 1
vn 0 0 1
vn -0.99567 -0.09301 0
vn -0.42458 0.90539 0
vn -0.40492 0.91435 0
vn -0.99966 -0.02615 0
vn 0 0 1
vn 0 0 1
vn 0 0 1
vn -0.99017 0.1399 0
vn 0 0 1
vn 0 0 1
vn 0 0 1
vn 0 0 1
vn -0.99017 0.1399 0
vn 0 0 1
vn 0 0 1
vn 0 0 1
vn -0.99883 -0.04835 0
vn -0.06247 -0.99805 0
vn 0.36801 -0.92982 0
vn -0.04157 -0.99914 0
vn -0.16819 -0.98575 0
vn -0.1469 -0.98915 0
vn -0.1469 -0.98915 0
vn 0.00495 -0.99999 0
vn -0.10453 -0.99452 0
vn -0.10453 -0.99452 0
vn -0.16819 -0.98575 0
vn -0.12568 -0.99207 0
vn -0.12568 -0.99207 0
vn -0.02075 -0.99978 0
vn 0 0 1
vn 0 0 1
vn 0 0 1
vn -0.25395 -0.96722 0
vn -0.25395 -0.96722 0
vn 0 0 1
vn 0.33556 -0.94202 0
vn 0 0 1
vn 0 0 1
vn 0 0 1
vn 0.39938 -0.91679 0
vn -0.18954 -0.98187 0
vn -0.18954 -0.98187 0
vn 0 0 1
vn 0.30203 -0.9533 0
vn -0.08346 -0.99651 0
vn -0.21096 -0.97749 0
vn -0.21096 -0.97749 0
vn 0 0 1
vn -0.23243 -0.97261 0
vn -0.23243 -0.97261 0
vn 0 0 1
vn 0 0 1
vn 0 0 1
vn -0.64608 0.76327 0
vn 0 0 1
vn 0 0 1
vn 0 0 1
vn 0 0 1
vn 0 0 1
vn 0 0 1
vn 0 0 1
vn 0 0 1
vn -0.64608 0.76327 0
vn 0 0 1
vn 0 0 1
vn -0.99033 -0.13874 0
vn 0 0 1
vn -0.6805 0.73275 0
vn -0.6805 0.73275 0
vn 0 0 1
vn 0 0 1
vn 0 0 1
vn 0 0 1
vn 0 0 1
vn 0 0 1
vn 0 0 1
vn 0 0 1
vn 0.26744 -0.96357 0
vn 0 0 1
vn 0 0 1
vn 0 0 1
vn -0.31869 -0.94786 0
vn -0.82325 0.56767 0
vn 0 0 1
vn 0 0 1
vn 0 0 1
vn 0 0 1
vn 0 0 1
vn -0.29709 -0.95485 0
vn -0.86476 0.50219 0
vn -0.86476 0.50219 0
vn 0 0 1
vn -0.82325 0.56767 0
vn -0.85135 0.52459 0
vn -0.85135 0.52459 0
vn 0 0 1
vn 0 0 1
vn 0 0 1
vn 0 0 1
vn 0 0 1
vn -0.2755 -0.9613 0
vn 0 0 1
vn 0 0 1
vn 0 0 1
vn 0 0 1
vn 0 0 1
vn 0 0 1
vn -0.76265 0.64681 0
vn -0.76265 0.64681 0
vn 0 0 1
vn 0 0 1
vn 0 0 1
vn -0.40507 -0.91428 0
vn 0 0 1
vn -0.80861 0.58834 0
vn -0.80861 0.58834 0
vn 0 0 1
vn 0 0 1
vn -0.36191 -0.93221 0
vn 0 0 1
vn 0 0 1
vn 0 0 1
vn -0.83751 0.54642 0
vn -0.83751 0.54642 0
vn 0 0 1
vn 0 0 1
vn -0.3403 -0.94032 0
vn 0 0 1
vn -0.38351 -0.92354 0
vn 0 0 1
vn 0 0 1
vn 0 0 1
vn 0 0 1
vn 0 0 1
vn -0.79362 0.60842 0
vn -0.79362 0.60842 0
vn -0.1469 -0.98915 0
vn 0 0 1
vn 0 0 1
vn 0 0 1
vn 0 0 1
vn 0 0 1
vn -0.16819 -0.98575 0
vn -0.10453 -0.99452 0
vn -0.42658 -0.90445 0
vn 0 0 1
vn 0 0 1
vn 0 0 1
vn -0.12568 -0.99207 0
vn 0 0 1
vn 0 0 1
vn -0.77829 0.62791 0
vn -0.77829 0.62791 0
vn 0 0 1
vn -0.23243 -0.97261 0
vn -0.89442 -0.44723 0
vn -0.89442 -0.44723 0
vn -0.8824 -0.47051 0
vn -0.8824 -0.47051 0
vn 0 0 1
vn -0.25395 -0.96722 0
vn -0.63477 -0.7727 0
vn 0 0 1
vn 0 0 1
vn 0 0 1
vn 0 0 1
vn 0 0 1
vn 0 0 1
vn -0.21096 -0.97749 0
vn -0.18954 -0.98187 0
vn 0 0 1
vn 0 0 1
vn -0.93585 -0.35239 0
vn -0.71113 -0.70306 0
vn -0.93585 -0.35239 0
vn 0 0 1
vn 0 0 1
vn -0.90578 -0.42375 0
vn -0.90578 -0.42375 0
vn 0 0 1
vn 0 0 1
vn 0 0 1
vn 0 0 1
vn 0 0 1
vn -0.91648 -0.40008 0
vn -0.91648 -0.40008 0
vn 0 0 1
vn 0 0 1
vn 0 0 1
vn 0 0 1
vn -0.65438 -0.75617 0
vn 0 0 1
vn -0.61487 -0.78863 0
vn -0.69259 -0.72133 0
vn -0.67366 -0.73904 0
vn 0 0 1
vn 0 0 1
vn 0 0 1
vn 0 0 1
vn 0 0 1
vn 0 0 1
vn -0.30312 0.95295 0
vn -0.83751 0.54642 0
vn -0.23874 0.97108 0
vn -0.26051 0.96547 0
vn 0 0 1
vn 0 0 1
vn 0 0 1
vn 0 0 1
vn -0.23874 0.97108 0
vn -0.82325 0.56767 0
vn 0 0 1
vn -0.17138 0.98521 0
vn 0 0 1
vn 0 0 1
vn -0.17138 0.98521 0
vn 0 0 1
vn -0.85135 0.52459 0
vn 0 0 1
vn 0 0 1
vn 0 0 1
vn -0.64608 0.76327 0
vn 0 0 1
vn -0.30312 0.95295 0
vn 0 0 1
vn -0.86476 0.50219 0
vn 0 0 1
vn 0 0 1
vn -0.28196 0.95942 0
vn 0 0 1
vn -0.28196 0.95942 0
vn -0.02579 0.99967 0
vn -0.02579 0.99967 0
vn -0.77829 0.62791 0
vn 0 0 1
vn -0.76265 0.64681 0
vn 0 0 1
vn 0 0 1
vn -0.26051 0.96547 0
vn -0.79362 0.60842 0
vn 0 0 1
vn -0.80861 0.58834 0
vn 0.00294 1 0
vn 0.00294 1 0
vn 0 0 1
vn -0.99648 0.08386 0
vn -0.99648 0.08386 0
vn 0 0 1
vn -0.55364 -0.83276 0
vn -0.99567 -0.09301 0
vn 0 0 1
vn -0.99567 -0.09301 0
vn 0 0 1
vn -0.99966 -0.02615 0
vn 0 0 1
vn -0.99966 -0.02615 0
vn 0 0 1
vn 0 0 1
vn -0.85642 -0.51629 0
vn 0 0 1
vn -0.57427 -0.81866 0
vn -0.86972 -0.49354 0
vn -0.86972 -0.49354 0
vn 0 0 1
vn 0 0 1
vn -0.99751 -0.07053 0
vn 0 0 1
vn -0.99751 -0.07053 0
vn 0 0 1
vn 0 0 1
vn 0 0 1
vn 0 0 1
vn 0 0 1
vn 0 0 1
vn 0 0 1
vn 0.07683 0.99704 0
vn 0.07683 0.99704 0
vn -0.85642 -0.51629 0
vn 0.03804 0.99928 0
vn 0.03804 0.99928 0
vn -1 -0.00054 0
vn -1 -0.00054 0
vn 0 0 1
vn 0 0 1
vn 0 0 1
vn 0 0 1
vn 0 0 1
vn 0 0 1
vn 0.58907 -0.80809 0
vn 0 0 1
vn -0.99961 0.02786 0
vn 0 0 1
vn 0 0 1
vn -0.99883 -0.04835 0
vn -0.99883 -0.04835 0
vn 0 0 1
vn 0 0 1
vn -0.59469 -0.80395 0
vn 0 0 1
vn 0 0 1
vn -0.99844 0.05583 0
vn -0.99844 0.05583 0
vn 0 0 1
vn 0 0 1
vn 0 0 1
vn 0 0 1
vn 0 0 1
vn 0 0 1
vn 0 0 1
vn 0 0 1
vn 0 0 1
vn 0 0 1
vn 0 0 1
vn 0 0 1
vn 0.56504 -0.82506 0
vn 0 0 1
vn 0 0 1
vn -0.96653 -0.25656 0
vn -0.96653 -0.25656 0
vn 0 0 1
vn 0 0 1
vn 0.42966 -0.90299 0
vn 0.54004 -0.84164 0
vn 0.61213 -0.79076 0
vn 0 0 1
vn 0 0 1
vn 0 0 1
vn 0 0 1
vn 0 0 1
vn 0 0 1
vn 0 0 1
vn -0.98267 -0.18538 0
vn -0.98267 -0.18538 0
vn 0 0 1
vn 0 0 1
vn 0 0 1
vn 0.73204 -0.68127 0
vn 0.45884 -0.88852 0
vn 0 0 1
vn 0.76567 -0.64323 0
vn 0 0 1
vn 0 0 1
vn -0.97255 -0.23271 0
vn 0 0 1
vn -0.9868 -0.16196 0
vn 0 0 1
vn -0.97255 -0.23271 0
vn 0 0 1
vn -0.9868 -0.16196 0
vn 0 0 1
vn 0 0 1
vn 0 0 1
vn 0 0 1
vn 0 0 1
vn 0 0 1
vn 0.51402 -0.85778 0
vn 0 0 1
vn 0 0 1
vn -0.97792 -0.20898 0
vn -0.97792 -0.20898 0
vn 0 0 1
vn 0.48696 -0.87342 0
vn -0.95986 -0.28048 0
vn -0.95986 -0.28048 0
vn -0.3403 -0.94032 0
vn 0 0 1
vn -0.3403 -0.94032 0
vn 0.7141 -0.70004 0
vn 0 0 1
vn -0.31869 -0.94786 0
vn -0.31869 -0.94786 0
vn -0.29709 -0.95485 0
vn -0.29709 -0.95485 0
vn 0 0 1
vn -0.99033 -0.13874 0
vn -0.99033 -0.13874 0
vn -0.2755 -0.9613 0
vn -0.2755 -0.9613 0
vn 0 0 1
vn 0 0 1
vn 0 0 1
vn -0.99328 -0.11575 0
vn -0.99328 -0.11575 0
vn 0.74922 -0.66232 0
vn 0.65549 -0.7552 0
vn 0.08016 -0.99678 0
vn -0.40507 -0.91428 0
vn -0.40507 -0.91428 0
vn 0.63426 -0.77312 0
vn -0.42658 -0.90445 0
vn -0.42658 -0.90445 0
vn 0.04033 -0.99919 0
vn -0.36191 -0.93221 0
vn -0.36191 -0.93221 0
vn 0.11932 -0.99286 0
vn 0.69539 -0.71864 0
vn 0 0 1
vn 0.67586 -0.73703 0
vn -0.38351 -0.92354 0
vn -0.38351 -0.92354 0
vn 0 0 1
vn 0 0 1
vn 0 0 1
vn 0.08939 0.996 0
vn -0.35069 0.93649 0
vn 0 0 1
vn 0.10986 0.99395 0
vn -0.32334 0.94628 0
vn -0.32334 0.94628 0
vn -0.29505 0.95548 0
vn 0 0 1
vn -0.29505 0.95548 0
vn 0.21508 0.9766 0
vn -0.55762 0.8301 0
vn -0.55762 0.8301 0
vn 0 0 1
vn -0.35069 0.93649 0
vn 0 0 1
vn -0.37711 0.92617 0
vn -0.37711 0.92617 0
vn 0.34637 0.9381 0
vn 0 0 1
vn 0.36858 0.92959 0
vn 0 0 1
vn 0 0 1
vn 0.13053 0.99144 0
vn 0 0 1
vn 0 0 1
vn -0.26582 0.96402 0
vn -0.26582 0.96402 0
vn 0 0 1
vn 0.1514 0.98847 0
vn 0 0 1
vn 0 0 1
vn 0 0 1
vn -0.65438 -0.75617 0
vn -0.65438 -0.75617 0
vn 0 0 1
vn 0 0 1
vn -0.63477 -0.7727 0
vn -0.63477 -0.7727 0
vn 0 0 1
vn 0 0 1
vn -0.69259 -0.72133 0
vn -0.69259 -0.72133 0
vn -0.71113 -0.70306 0
vn -0.37711 0.92617 0
vn 0 0 1
vn 0 0 1
vn 0 0 1
vn -0.40262 0.91537 0
vn 0 0 1
vn 0 0 1
vn 0 0 1
vn -0.67366 -0.73904 0
vn -0.67366 -0.73904 0
vn 0 0 1
vn 0 0 1
vn -0.23564 0.97184 0
vn -0.23564 0.97184 0
vn 0 0 1
vn 0 0 1
vn 0.17245 0.98502 0
vn 0 0 1
vn -0.20453 0.97886 0
vn -0.20453 0.97886 0
vn 0 0 1
vn 0 0 1
vn 0 0 1
vn 0 0 1
vn -0.57672 0.81694 0
vn -0.57672 0.81694 0
vn 0.19368 0.98107 0
vn 0 0 1
vn 0 0 1
vn 0.1577 -0.98749 0
vn 0 0 1
vn 0 0 1
vn -0.61487 -0.78863 0
vn 0 0 1
vn -0.61487 -0.78863 0
vn 0 0 1
vn 0 0 1
vn 0.23182 -0.97276 0
vn 0.19523 -0.98076 0
vn 0 0 1
vn 0 0 1
vn 0 0 1
vn 0 0 1
vn 0 0 1
vn 0 0 1
vn -0.72927 -0.68423 0
vn 0 0 1
vn 0 0 1
vn 0 0 1
vn 0 0 1
vn 0 0 1
vn 0 0 1
vn 0 0 1
vn 0 0 1
vn -0.55762 0.8301 0
vn -0.53281 -0.84624 0
vn -0.53281 -0.84624 0
vn 0 0 1
vn 0 0 1
vn -0.20453 0.97886 0
vn 0 0 1
vn 0 0 1
vn -0.53781 0.84307 0
vn -0.23564 0.97184 0
vn -0.51181 -0.8591 0
vn -0.51181 -0.8591 0
vn 0 0 1
vn 0 0 1
vn -0.4694 -0.88298 0
vn -0.32334 0.94628 0
vn -0.4694 -0.88298 0
vn 0 0 1
vn 0 0 1
vn 0 0 1
vn 0 0 1
vn 0 0 1
vn -0.71113 -0.70306 0
vn 0 0 1
vn -0.74696 -0.66486 0
vn 0 0 1
vn -0.74696 -0.66486 0
vn -0.35069 0.93649 0
vn -0.44803 -0.89402 0
vn -0.44803 -0.89402 0
vn 0 0 1
vn 0 0 1
vn 0 0 1
vn 0 0 1
vn 0 0 1
vn 0 0 1
vn 0 0 1
vn 0 0 1
vn 0 0 1
vn -0.72927 -0.68423 0
vn 0 0 1
vn 0 0 1
vn -0.49067 -0.87135 0
vn -0.49067 -0.87135 0
vn 0 0 1
vn 0 0 1
vn 0 0 1
vn 0 0 1
vn 0.51402 -0.85778 0
vn 0.51402 -0.85778 0
vn 0 0 1
vn 0 0 1
vn -0.42723 0.90414 0
vn 0 0 1
vn 0 0 1
vn 0.54004 -0.84164 0
vn 0.54004 -0.84164 0
vn 0 0 1
vn -0.49597 0.86834 0
vn 0.45884 -0.88852 0
vn 0.45884 -0.88852 0
vn -0.69317 0.72077 0
vn 0.61213 -0.79076 0
vn -0.6782 0.73488 0
vn 0.48696 -0.87342 0
vn 0.48696 -0.87342 0
vn 0 0 1
vn 0 0 1
vn -0.57427 -0.81866 0
vn -0.57427 -0.81866 0
vn -0.29505 0.95548 0
vn 0.61213 -0.79076 0
vn -0.51727 0.85582 0
vn 0 0 1
vn 0 0 1
vn -0.55364 -0.83276 0
vn -0.26582 0.96402 0
vn -0.57672 0.81694 0
vn -0.55364 -0.83276 0
vn 0 0 1
vn 0.56504 -0.82506 0
vn 0.56504 -0.82506 0
vn -0.47389 0.88059 0
vn 0.58907 -0.80809 0
vn -0.59469 -0.80395 0
vn -0.59469 -0.80395 0
vn 0.58907 -0.80809 0
vn 0 0 1
vn 0 0 1
vn 0 0 1
vn -0.45098 0.89253 0
vn 0 0 1
vn 0 0 1
vn 0 0 1
vn 0 0 1
vn 0 0 1
vn -0.78093 -0.62461 0
vn -0.78093 -0.62461 0
vn 0 0 1
vn 0 0 1
vn 0 0 1
vn 0 0 1
vn 0 0 1
vn 0 0 1
vn 0 0 1
vn 0 0 1
vn 0 0 1
vn -0.95253 -0.30445 0
vn 0 0 1
vn 0 0 1
vn -0.95253 -0.30445 0
vn -0.94453 -0.32844 0
vn -0.94453 -0.32844 0
vn 0 0 1
vn -0.72927 -0.68423 0
vn -0.9265 -0.37629 0
vn -0.9265 -0.37629 0
vn 0 0 1
vn 0 0 1
vn 0 0 1
vn 0 0 1
vn -0.74696 -0.66486 0
vn 0 0 1
vn 0 0 1
vn 0 0 1
vn -0.84249 -0.53872 0
vn -0.84249 -0.53872 0
vn -0.4694 -0.88298 0
vn 0 0 1
vn -0.49067 -0.87135 0
vn 0 0 1
vn -0.79716 -0.60377 0
vn -0.79716 -0.60377 0
vn 0 0 1
vn 0 0 1
vn -0.81284 -0.58249 0
vn -0.81284 -0.58249 0
vn 0 0 1
vn 0 0 1
vn 0 0 1
vn -0.44803 -0.89402 0
vn -0.76419 -0.64499 0
vn 0 0 1
vn 0 0 1
vn -0.76419 -0.64499 0
vn 0.11932 -0.99286 0
vn 0.82469 -0.56559 0
vn 0.00495 -0.99999 0
vn 0.65549 -0.7552 0
vn 0.65549 -0.7552 0
vn 0.00495 -0.99999 0
vn 0 0 1
vn 0 0 1
vn 0.67586 -0.73703 0
vn 0.53 0.848 0
vn 0.04033 -0.99919 0
vn 0.04033 -0.99919 0
vn 0 0 1
vn -0.99961 0.02786 0
vn 0.41311 0.91068 0
vn -0.08346 -0.99651 0
vn -0.08346 -0.99651 0
vn 0 0 1
vn -0.04157 -0.99914 0
vn -0.51181 -0.8591 0
vn 0 0 1
vn 0 0 1
vn 0 0 1
vn 0 0 1
vn -0.53281 -0.84624 0
vn 0 0 1
vn 0.63426 -0.77312 0
vn -0.04157 -0.99914 0
vn 0 0 1
vn -0.06247 -0.99805 0
vn 0.63426 -0.77312 0
vn -0.06247 -0.99805 0
vn -0.02075 -0.99978 0
vn 0 0 1
vn -0.82796 -0.56079 0
vn -0.02075 -0.99978 0
vn -0.82796 -0.56079 0
vn 0 0 1
vn 0 0 1
vn 0.67586 -0.73703 0
vn 0.08016 -0.99678 0
vn 0.69539 -0.71864 0
vn 0.08016 -0.99678 0
vn -0.74184 0.67058 0
vn 0.69539 -0.71864 0
vn 0.7141 -0.70004 0
vn -0.73521 0.67784 0
vn 0.11932 -0.99286 0
vn 0.30203 -0.9533 0
vn 0.30203 -0.9533 0
vn 0.43538 0.90025 0
vn 0 0 1
vn 0 0 1
vn 0 0 1
vn 0 0 1
vn 0 0 1
vn 0.45761 0.88915 0
vn 0 0 1
vn 0 0 1
vn 0.47978 0.87739 0
vn 0.23182 -0.97276 0
vn 0 0 1
vn 0.23182 -0.97276 0
vn 0 0 1
vn 0 0 1
vn 0 0 1
vn 0.26744 -0.96357 0
vn 0.26744 -0.96357 0
vn 0.25835 0.96605 0
vn 0 0 1
vn 0 0 1
vn 0 0 1
vn 0 0 1
vn 0.23664 0.9716 0
vn 0.39938 -0.91679 0
vn 0 0 1
vn -0.72165 0.69226 0
vn 0 0 1
vn 0.39938 -0.91679 0
vn 0 0 1
vn 0 0 1
vn 0 0 1
vn 0 0 1
vn 0 0 1
vn 0 0 1
vn 0 0 1
vn 0 0 1
vn 0.33556 -0.94202 0
vn 0.33556 -0.94202 0
vn 0.50186 0.86495 0
vn 0 0 1
vn 0.36801 -0.92982 0
vn 0 0 1
vn 0.36801 -0.92982 0
vn 0.52381 0.85184 0
vn 0 0 1
vn 0 0 1
vn 0 0 1
vn 0 0 1
vn 0 0 1
vn 0 0 1
vn 0 0 1
vn 0 0 1
vn 0 0 1
vn 0 0 1
vn 0 0 1
vn 0 0 1
vn 0 0 1
vn 0.28019 0.95994 0
vn 0 0 1
vn -0.40262 0.91537 0
vn -0.40262 0.91537 0
vn 0.39084 0.92046 0
vn 0 0 1
vn 0 0 1
vn 0 0 1
vn 0 0 1
vn 0 0 1
vn 0.06913 0.99761 0
vn 0 0 1
vn 0 0 1
vn 0 0 1
vn 0 0 1
vn 0 0 1
vn 0.5456 0.83805 0
vn 0 0 1
vn 0.1577 -0.98749 0
vn 0.1577 -0.98749 0
vn 0 0 1
vn 0.5672 0.82358 0
vn 0 0 1
vn 0.19523 -0.98076 0
vn 0.19523 -0.98076 0
vn 0 0 1
vn 0 0 1
vn 0 0 1
vn 0.30215 0.95326 0
vn 0 0 1
vn 0 0 1
vn 0 0 1
vn 0 0 1
vn 0 0 1
vn 0 0 1
vn 0 0 1
vn 0 0 1
vn 0.32422 0.94598 0
vn 0 0 1
vn 0 0 1
vn 0 0 1
vn 0 0 1
vn 0 0 1
vn 0.99676 -0.08045 0
vn 0 0 1
vn 0.95304 0.30286 0
vn 0.95304 0.30286 0
vn 0.99855 -0.05387 0
vn 0.93644 -0.35084 0
vn 0.96011 0.27962 0
vn 0.96011 0.27962 0
vn 0 0 1
vn 0.97238 -0.23339 0
vn 0 0 1
vn 0 0 1
vn 0 0 1
vn 0 0 1
vn 0.9775 0.21094 0
vn 0 0 1
vn 0 0 1
vn 0 0 1
vn 0 0 1
vn 0.92777 -0.37316 0
vn 0 0 1
vn 0 0 1
vn 0.98953 0.14434 0
vn 0 0 1
vn 0.98953 0.14434 0
vn 0 0 1
vn 0 0 1
vn 0.97797 -0.20876 0
vn 0 0 1
vn 0.95955 -0.28153 0
vn 0 0 1
vn 0.94463 -0.32813 0
vn 0 0 1
vn 0.90907 -0.41664 0
vn 0.99115 -0.13275 0
vn 0.97233 0.23363 0
vn 0.97233 0.23363 0
vn 0.91864 -0.3951 0
vn -0.51727 0.85582 0
vn -0.10581 0.99439 0
vn -0.13959 0.99021 0
vn -0.1725 0.98501 0
vn -0.53781 0.84307 0
vn -0.53781 0.84307 0
vn -0.47389 0.88059 0
vn -0.47389 0.88059 0
vn -0.66272 0.74887 0
vn 0.04906 0.9988 0
vn -0.6782 0.73488 0
vn -0.6782 0.73488 0
vn -0.51727 0.85582 0
vn 0.96653 0.25653 0
vn 0.96653 0.25653 0
vn 0 0 1
vn 0.9775 0.21094 0
vn 0.98297 -0.18377 0
vn 0.98208 0.18847 0
vn 0 0 1
vn 0 0 1
vn 0.98737 -0.15843 0
vn 0.98208 0.18847 0
vn -0.49597 0.86834 0
vn -0.49597 0.86834 0
vn -0.03591 0.99936 0
vn -0.07123 0.99746 0
vn 0.99429 -0.10675 0
vn 0.96011 0.27962 0
vn -0.6467 0.76274 0
vn -0.6467 0.76274 0
vn 0.79649 -0.60465 0
vn -0.61294 0.79013 0
vn -0.61294 0.79013 0
vn 0.82469 -0.56559 0
vn 0.98953 0.14434 0
vn 0.81091 -0.58518 0
vn 0.81091 -0.58518 0
vn -0.69317 0.72077 0
vn -0.42723 0.90414 0
vn -0.70765 0.70657 0
vn -0.45098 0.89253 0
vn -0.42723 0.90414 0
vn -0.00124 1 0
vn -0.45098 0.89253 0
vn -0.70765 0.70657 0
vn -0.66272 0.74887 0
vn 0.79649 -0.60465 0
vn 0.97233 0.23363 0
vn 0.95304 0.30286 0
vn -0.63012 0.7765 0
vn -0.63012 0.7765 0
vn -0.69317 0.72077 0
vn 0.02733 0.99963 0
vn 0 0 1
vn 0.53 0.848 0
vn 0.83136 -0.55573 0
vn 0 0 1
vn 0 0 1
vn 0 0 1
vn 0 0 1
vn 0 0 1
vn -0.72165 0.69226 0
vn 0.88436 0.46681 0
vn 0 0 1
vn -0.72165 0.69226 0
vn 0.47978 0.87739 0
vn 0.50186 0.86495 0
vn 0.50186 0.86495 0
vn 0.92778 0.37314 0
vn 0.9453 0.32621 0
vn 0.47978 0.87739 0
vn 0.91798 0.39664 0
vn 0.53 0.848 0
vn -0.74184 0.67058 0
vn 0.98608 0.16627 0
vn 0 0 1
vn 0.98208 0.18847 0
vn -0.59515 0.80361 0
vn -0.59515 0.80361 0
vn 0.78142 -0.62401 0
vn 0.78142 -0.62401 0
vn 0.9775 0.21094 0
vn 0.82469 -0.56559 0
vn -0.73521 0.67784 0
vn -0.73521 0.67784 0
vn 0.87175 0.48995 0
vn 0 0 1
vn 0 0 1
vn 0 0 1
vn 0 0 1
vn 0 0 1
vn 0.96654 0.25653 0
vn -0.6467 0.76274 0
vn -0.66272 0.74887 0
vn 0.79649 -0.60465 0
vn -0.63012 0.7765 0
vn 0.76567 -0.64323 0
vn 0.76567 -0.64323 0
vn 0.42966 -0.90299 0
vn 0.42966 -0.90299 0
vn -0.70765 0.70657 0
vn -0.61294 0.79013 0
vn -0.59515 0.80361 0
vn 0.85845 0.5129 0
vn 0.39084 0.92046 0
vn 0.39084 0.92046 0
vn 0.84446 0.53562 0
vn 0 0 1
vn 0.36858 0.92959 0
vn 0.36858 0.92959 0
vn 0.65096 0.75911 0
vn 0 0 1
vn 0.13053 0.99144 0
vn 0 0 1
vn 0 0 1
vn 0 0 1
vn 0 0 1
vn 0.17245 0.98502 0
vn 0 0 1
vn 0.17245 0.98502 0
vn 0 0 1
vn 0 0 1
vn 0 0 1
vn 0 0 1
vn 0 0 1
vn 0.13053 0.99144 0
vn 0.78142 -0.62401 0
vn 0.73204 -0.68127 0
vn 0.73204 -0.68127 0
vn 0.7141 -0.70004 0
vn 0.81091 -0.58518 0
vn 0.74922 -0.66232 0
vn 0 0 1
vn 0 0 1
vn 0 0 1
vn 0 0 1
vn 0 0 1
vn 0 0 1
vn 0.08939 0.996 0
vn 0.08939 0.996 0
vn 0.63048 0.7762 0
vn 0 0 1
vn 0.74922 -0.66232 0
vn 0 0 1
vn 0 0 1
vn 0 0 1
vn 0 0 1
vn 0.06913 0.99761 0
vn 0.06913 0.99761 0
vn 0.69075 0.72309 0
vn 0 0 1
vn 0.67106 0.7414 0
vn 0 0 1
vn 0 0 1
vn 0.71001 0.70419 0
vn 0 0 1
vn 0 0 1
vn 0 0 1
vn 0.72879 0.68474 0
vn 0.21508 0.9766 0
vn 0 0 1
vn 0 0 1
vn 0.19368 0.98107 0
vn 0.19368 0.98107 0
vn -0.1725 0.98501 0
vn 0 0 1
vn -0.00124 1 0
vn -0.00124 1 0
vn 0 0 1
vn 0.87783 -0.47896 0
vn 0 0 1
vn 0.21508 0.9766 0
vn -0.03591 0.99936 0
vn -0.03591 0.99936 0
vn 0 0 1
vn 0 0 1
vn 0.843 -0.53792 0
vn 0 0 1
vn -0.1725 0.98501 0
vn 0 0 1
vn 0 0 1
vn 0 0 1
vn 0 0 1
vn 0 0 1
vn 0.10986 0.99395 0
vn 0.10986 0.99395 0
vn 0 0 1
vn 0.1514 0.98847 0
vn 0.1514 0.98847 0
vn 0 0 1
vn 0 0 1
vn 0 0 1
vn 0 0 1
vn 0 0 1
vn 0 0 1
vn 0 0 1
vn 0 0 1
vn 0 0 1
vn 0 0 1
vn 0 0 1
vn 0 0 1
vn 0 0 1
vn 0 0 1
vn 0 0 1
vn 0.88866 -0.45857 0
vn 0 0 1
vn 0.04906 0.9988 0
vn 0.855 -0.51863 0
vn 0.04906 0.9988 0
vn 0 0 1
vn 0 0 1
vn 0.96624 -0.25765 0
vn 0 0 1
vn 0 0 1
vn 0 0 1
vn 0.81787 -0.57541 0
vn 0.02733 0.99963 0
vn 0.02733 0.99963 0
vn 0.95235 -0.30502 0
vn 0 0 1
vn 0 0 1
vn 0 0 1
vn 0 0 1
vn 0.86661 -0.49898 0
vn 0 0 1
vn 0 0 1
vn -0.07123 0.99746 0
vn 0 0 1
vn -0.07123 0.99746 0
vn -0.13959 0.99021 0
vn -0.13959 0.99021 0
vn 0 0 1
vn -0.10581 0.99439 0
vn -0.10581 0.99439 0
vn 0.89907 -0.4378 0
vn 0 0 1
vn 0 0 1
vn 0 0 1
vn 0 0 1
vn 0 0 1
vn 0.83062 -0.55684 0
vn 0 0 1
vn 0 0 1
vn 0 0 1
vn 0 0 1
vn 0 0 1
vn 0 0 1
vn 0 0 1
vn 0.99963 -0.02703 0
vn 0.99963 -0.02703 0
vn 0 0 1
vn 0 0 1
vn 0 0 1
vn 0 0 1
vn -0.45935 -0.88826 0
vn 0 0 1
vn 0 0 1
vn 0 0 1
vn 0 0 1
vn 0 0 1
vn 0 0 1
vn 0 0 1
vn 0 0 1
vn 0 0 1
vn 0.39401 -0.91911 0
vn 0.39401 -0.91911 0
vn 0.29851 -0.95441 0
vn -0.68398 -0.7295 0
vn 0 0 1
vn 0.29851 -0.95441 0
vn -0.14856 -0.9889 0
vn 0 0 1
vn 1 -0.00191 0
vn 1 -0.00191 0
vn 0 0 1
vn 0 0 1
vn 0.3231 -0.94636 0
vn 0.27345 -0.96189 0
vn 0.27345 -0.96189 0
vn 0.3231 -0.94636 0
vn 0 0 1
vn -0.20023 -0.97975 0
vn 0 0 1
vn 0 0 1
vn 0 0 1
vn 0 0 1
vn 0.24792 -0.96878 0
vn 0.24792 -0.96878 0
vn 0.99821 0.05979 0
vn 0.99821 0.05979 0
vn 0 0 1
vn 0 0 1
vn 0 0 1
vn 0 0 1
vn 0.22194 -0.97506 0
vn 0.22194 -0.97506 0
vn 0.37085 -0.92869 0
vn 0.37085 -0.92869 0
vn -0.64378 -0.76521 0
vn 0 0 1
vn -0.81688 -0.57681 0
vn 0.99981 0.01959 0
vn 0.99981 0.01959 0
vn -0.93752 -0.34792 0
vn 0.99676 0.08043 0
vn 0 0 1
vn -0.88784 -0.46016 0
vn 0.99676 0.08043 0
vn 0 0 1
vn 0.78195 0.62334 0
vn 0 0 1
vn 0 0 1
vn 0.79853 0.60196 0
vn 0.79853 0.60196 0
vn 0.99963 -0.02703 0
vn 0.78195 0.62334 0
vn 0 0 1
vn 0 0 1
vn 0 0 1
vn 0 0 1
vn 0 0 1
vn 0.87175 0.48995 0
vn 0.87175 0.48995 0
vn 0.88436 0.46681 0
vn 0 0 1
vn 0 0 1
vn 0 0 1
vn 0.98608 0.16627 0
vn 0.98608 0.16627 0
vn 0.99484 0.10141 0
vn 0 0 1
vn 0.88436 0.46681 0
vn -0.75608 -0.65448 0
vn 0 0 1
vn 0 0 1
vn 0 0 1
vn 0 0 1
vn 0.99244 0.12272 0
vn 0 0 1
vn 0 0 1
vn 0.90747 0.42011 0
vn 0.90747 0.42011 0
vn 0 0 1
vn 0.99821 0.05979 0
vn 0 0 1
vn -0.50847 -0.86108 0
vn 0 0 1
vn 0 0 1
vn 0 0 1
vn 0 0 1
vn 0 0 1
vn 0 0 1
vn -0.72144 -0.69248 0
vn 0 0 1
vn 0 0 1
vn 1 -0.00191 0
vn 0.85845 0.5129 0
vn 0.85845 0.5129 0
vn 0.93688 0.34965 0
vn 0.93688 0.34965 0
vn 0.81448 0.58019 0
vn 0 0 1
vn 0 0 1
vn 0.81448 0.58019 0
vn 0 0 1
vn 0 0 1
vn 0.3231 -0.94636 0
vn 0.89627 0.44351 0
vn 0.99676 0.08043 0
vn 0.89627 0.44351 0
vn 0.34722 -0.93778 0
vn 0 0 1
vn 0.99922 0.03951 0
vn 0.9453 0.32621 0
vn 0.9453 0.32621 0
vn 0.74706 0.66476 0
vn 0.74706 0.66476 0
vn 0 0 1
vn 0.91798 0.39664 0
vn 0 0 1
vn 0.91798 0.39664 0
vn 0.76479 0.64428 0
vn 0.76479 0.64428 0
vn 0.92778 0.37314 0
vn 0.92778 0.37314 0
vn 0.99981 0.01959 0
vn 0 0 1
vn 0.41668 -0.90905 0
vn 0 0 1
vn 0.67106 0.7414 0
vn 0 0 1
vn 0 0 1
vn 0 0 1
vn 0.88866 -0.45857 0
vn 0 0 1
vn 0 0 1
vn 0.88866 -0.45857 0
vn 0 0 1
vn 0 0 1
vn 0.67106 0.7414 0
vn 0.54281 -0.83986 0
vn 0.27345 -0.96189 0
vn 0.72879 0.68474 0
vn 0.72879 0.68474 0
vn 0 0 1
vn 0.84446 0.53562 0
vn 0.84446 0.53562 0
vn 0.69075 0.72309 0
vn 0.69075 0.72309 0
vn 0.43887 -0.89855 0
vn 0 0 1
vn 0 0 1
vn 0 0 1
vn 0 0 1
vn 0 0 1
vn 0.50262 -0.86451 0
vn 0 0 1
vn 0 0 1
vn 0 0 1
vn 0 0 1
vn 0.29851 -0.95441 0
vn 0 0 1
vn 0 0 1
vn 0.71001 0.70419 0
vn 0 0 1
vn 0.71001 0.70419 0
vn 0 0 1
vn 0 0 1
vn 0.60968 0.79265 0
vn 0.60968 0.79265 0
vn 0.37085 -0.92869 0
vn 0 0 1
vn 0.8298 0.55806 0
vn 0.8298 0.55806 0
vn 0 0 1
vn 0.63048 0.7762 0
vn 0 0 1
vn 0.63048 0.7762 0
vn 0 0 1
vn 0 0 1
vn 0 0 1
vn 0.39401 -0.91911 0
vn 0.58857 0.80845 0
vn 0.58857 0.80845 0
vn 0 0 1
vn 0 0 1
vn 0 0 1
vn 0.65096 0.75911 0
vn 0 0 1
vn 0.65096 0.75911 0
vn 0 0 1
vn 0 0 1
vn 0 0 1
vn 0 0 1
vn 0 0 1
vn 0 0 1
vn 0 0 1
vn 0 0 1
vn 0 0 1
vn 0 0 1
vn 0 0 1
vn 0.25835 0.96605 0
vn 0.25835 0.96605 0
vn 0 0 1
vn 0 0 1
vn 0.5672 0.82358 0
vn 0.5672 0.82358 0
vn 0.76479 0.64428 0
vn 0 0 1
vn 0.34637 0.9381 0
vn 0.34637 0.9381 0
vn 0.8298 0.55806 0
vn 0 0 1
vn 0.60968 0.79265 0
vn 0 0 1
vn 0.32422 0.94598 0
vn 0.32422 0.94598 0
vn 0.81448 0.58019 0
vn 0 0 1
vn 0.93688 0.34965 0
vn 0 0 1
vn 0 0 1
vn 0.52381 0.85184 0
vn 0.52381 0.85184 0
vn 0.45761 0.88915 0
vn 0.43538 0.90025 0
vn 0.90747 0.42011 0
vn 0.43538 0.90025 0
vn 0.41311 0.91068 0
vn 0.41311 0.91068 0
vn 0.89627 0.44351 0
vn 0 0 1
vn 0 0 1
vn 0 0 1
vn 0 0 1
vn 0 0 1
vn 0.74706 0.66476 0
vn 0 0 1
vn 0.23664 0.9716 0
vn 0.23664 0.9716 0
vn 0.5456 0.83805 0
vn 0.5456 0.83805 0
vn 0 0 1
vn 0 0 1
vn 0 0 1
vn 0 0 1
vn 0.45761 0.88915 0
vn 0 0 1
vn 0 0 1
vn 0 0 1
vn 0 0 1
vn 0.56223 -0.82698 0
vn 0 0 1
vn 0 0 1
vn 0 0 1
vn 0 0 1
vn 0.93644 -0.35084 0
vn 0.93644 -0.35084 0
vn 0 0 1
vn 0 0 1
vn 0.95955 -0.28153 0
vn 0.95955 -0.28153 0
vn 0 0 1
vn 0 0 1
vn 0 0 1
vn 0 0 1
vn 0 0 1
vn 0 0 1
vn 0.30215 0.95326 0
vn 0 0 1
vn 0 0 1
vn 0.30215 0.95326 0
vn 0.78195 0.62334 0
vn 0 0 1
vn 0 0 1
vn 0 0 1
vn 0 0 1
vn 0 0 1
vn 0.94463 -0.32813 0
vn 0.94463 -0.32813 0
vn 0 0 1
vn 0 0 1
vn 0.28019 0.95994 0
vn 0.80474 -0.59363 0
vn 0 0 1
vn 0 0 1
vn 0.28019 0.95994 0
vn 0.77738 -0.62903 0
vn 0.76315 -0.64623 0
vn 0 0 1
vn 0 0 1
vn 0.96624 -0.25765 0
vn 0.96624 -0.25765 0
vn 0 0 1
vn 0 0 1
vn 0.58857 0.80845 0
vn 0 0 1
vn 0.79853 0.60196 0
vn 0.91864 -0.3951 0
vn 0.91864 -0.3951 0
vn 0 0 1
vn 0 0 1
vn 0 0 1
vn 0 0 1
vn 0.7182 -0.69583 0
vn 0.97238 -0.23339 0
vn 0.97238 -0.23339 0
vn 0 0 1
vn 0 0 1
vn 0 0 1
vn 0.98737 -0.15843 0
vn 0 0 1
vn 0 0 1
vn 0 0 1
vn 0 0 1
vn 0.98737 -0.15843 0
vn 0 0 1
vn 0 0 1
vn 0.70247 -0.71172 0
vn 0.99676 -0.08045 0
vn 0.99676 -0.08045 0
vn 0 0 1
vn -0.84313 -0.53771 0
vn 0 0 1
vn -0.86674 -0.49876 0
vn 0 0 1
vn 0 0 1
vn 0 0 1
vn 0 0 1
vn 0.79125 -0.6115 0
vn 0 0 1
vn 0 0 1
vn 0 0 1
vn 0.99855 -0.05387 0
vn 0.99855 -0.05387 0
vn 0 0 1
vn 0 0 1
vn 0.61791 -0.78625 0
vn 0 0 1
vn 0 0 1
vn 0 0 1
vn 0 0 1
vn 0.92777 -0.37316 0
vn 0.92777 -0.37316 0
vn 0.90907 -0.41664 0
vn 0.90907 -0.41664 0
vn 0 0 1
vn 0.59978 -0.80017 0
vn 0 0 1
vn 0 0 1
vn 0.95235 -0.30502 0
vn 0.95235 -0.30502 0
vn 0 0 1
vn -0.60098 -0.79926 0
vn 0.34722 -0.93778 0
vn 0 0 1
vn 0 0 1
vn 0.34722 -0.93778 0
vn 0 0 1
vn 0 0 1
vn 0 0 1
vn 0 0 1
vn 0.99922 0.03951 0
vn 0 0 1
vn -0.78788 -0.61582 0
vn 0.99922 0.03951 0
vn -0.92308 -0.38462 0
vn 0 0 1
vn 0 0 1
vn 0.99244 0.12272 0
vn 0.99244 0.12272 0
vn 0 0 1
vn 0 0 1
vn 0 0 1
vn 0.99484 0.10141 0
vn -0.55579 -0.83132 0
vn 0.99484 0.10141 0
vn 0 0 1
vn 0 0 1
vn 0.97797 -0.20876 0
vn 0 0 1
vn 0 0 1
vn 0.97797 -0.20876 0
vn 0 0 1
vn 0 0 1
vn 0 0 1
vn 0 0 1
vn 0 0 1
vn 0 0 1
vn 0.73356 -0.67963 0
vn 0 0 1
vn -0.90657 -0.42207 0
vn 0 0 1
vn 0 0 1
vn 0 0 1
vn 0.98297 -0.18377 0
vn 0.74854 -0.66309 0
vn 0.98297 -0.18377 0
vn 0.99429 -0.10675 0
vn 0.99429 -0.10675 0
vn 0 0 1
vn 0 0 1
vn 0 0 1
vn 0.99115 -0.13275 0
vn 0.99115 -0.13275 0
vn 0 0 1
vn 0 0 1
vn 0 0 1
vn 0 0 1
vn 0.6997 0.71444 0
vn 0.71367 0.70048 0
vn 0.32687 0.94507 0
vn 0.32687 0.94507 0
vn 0.69323 0.72072 0
vn 0.71888 0.69514 0
vn -0.15373 0.98811 0
vn -0.02218 0.99975 0
vn -0.02218 0.99975 0
vn 0.05745 -0.99835 0
vn 0.05745 -0.99835 0
vn -0.15373 0.98811 0
vn 0.16867 -0.98567 0
vn 0.16867 -0.98567 0
vn 0 0 1
vn 0.72106 0.69287 0
vn 0.71666 0.69742 0
vn 0 0 1
vn 0.19551 -0.9807 0
vn 0 0 1
vn 0 0 1
vn 0 0 1
vn -0.40877 -0.91264 0
vn 0 0 1
vn 0.19551 -0.9807 0
vn -0.40877 -0.91264 0
vn 0 0 1
vn 0 0 1
vn -0.0978 -0.99521 0
vn -0.35716 -0.93404 0
vn -0.35716 -0.93404 0
vn -0.0978 -0.99521 0
vn 0.72032 0.69364 0
vn -0.04826 -0.99883 0
vn 0.52294 -0.85237 0
vn 0 0 1
vn 0.52294 -0.85237 0
vn 0 0 1
vn 0.65293 -0.75742 0
vn 0.46059 -0.88761 0
vn 0.65293 -0.75742 0
vn 0.11377 -0.99351 0
vn 0 0 1
vn 0.46059 -0.88761 0
vn 0.14141 -0.98995 0
vn 0.48184 -0.87626 0
vn 0.48184 -0.87626 0
vn 0.41668 -0.90905 0
vn 0 0 1
vn 0.41668 -0.90905 0
vn 0 0 1
vn -0.30492 -0.95238 0
vn 0 0 1
vn -0.25248 -0.9676 0
vn 0.43887 -0.89855 0
vn 0.43887 -0.89855 0
vn 0 0 1
vn 0 0 1
vn 0.06133 0.99812 0
vn 0.06133 0.99812 0
vn 0.08578 -0.99631 0
vn 0 0 1
vn 0 0 1
vn 0.72034 0.69362 0
vn 0 0 1
vn -0.00468 -0.99999 0
vn -0.00468 -0.99999 0
vn 0.12071 0.99269 0
vn 0.12071 0.99269 0
vn 0.08578 -0.99631 0
vn 0.02883 -0.99958 0
vn 0.02883 -0.99958 0
vn 0.70523 0.70898 0
vn 0.63562 -0.772 0
vn 0.63562 -0.772 0
vn 0.19551 -0.9807 0
vn 0.77738 -0.62903 0
vn 0 0 1
vn 0.59978 -0.80017 0
vn 0.59978 -0.80017 0
vn 0.77738 -0.62903 0
vn 0.12071 0.99269 0
vn 0.79125 -0.6115 0
vn 0.61791 -0.78625 0
vn 0 0 1
vn 0.79125 -0.6115 0
vn 0 0 1
vn 0 0 1
vn 0 0 1
vn 0.56223 -0.82698 0
vn 0.61791 -0.78625 0
vn 0.05745 -0.99835 0
vn 0.56223 -0.82698 0
vn 0.58122 -0.81375 0
vn 0.58122 -0.81375 0
vn 0.08578 -0.99631 0
vn -0.40877 -0.91264 0
vn 0.54281 -0.83986 0
vn 0.54281 -0.83986 0
vn -0.35716 -0.93404 0
vn 0 0 1
vn 0.50262 -0.86451 0
vn -0.0978 -0.99521 0
vn 0 0 1
vn 0 0 1
vn 0 0 1
vn 0 0 1
vn 0 0 1
vn 0 0 1
vn 0 0 1
vn 0.50262 -0.86451 0
vn 0.76315 -0.64623 0
vn 0.76315 -0.64623 0
vn 0 0 1
vn 0.80474 -0.59363 0
vn 0.80474 -0.59363 0
vn 0.06133 0.99812 0
vn 0 0 1
vn 0.17731 0.98416 0
vn 0.73356 -0.67963 0
vn 0.73356 -0.67963 0
vn 0 0 1
vn 0 0 1
vn 0 0 1
vn 0.74854 -0.66309 0
vn 0.28059 0.95983 0
vn 0 0 1
vn 0.74854 -0.66309 0
vn 0.23069 0.97303 0
vn 0 0 1
vn 0 0 1
vn 0 0 1
vn 0.70247 -0.71172 0
vn 0.70247 -0.71172 0
vn 0 0 1
vn 0 0 1
vn 0 0 1
vn -0.00468 -0.99999 0
vn 0 0 1
vn 0.66984 -0.74251 0
vn 0.66984 -0.74251 0
vn 0 0 1
vn 0.02883 -0.99958 0
vn 0 0 1
vn 0.68635 -0.72727 0
vn 0.16867 -0.98567 0
vn 0.68635 -0.72727 0
vn 0 0 1
vn 0 0 1
vn 0.86661 -0.49898 0
vn 0 0 1
vn 0.86661 -0.49898 0
vn 0.58122 -0.81375 0
vn 0.89907 -0.4378 0
vn 0.89907 -0.4378 0
vn 0.66984 -0.74251 0
vn 0.48184 -0.87626 0
vn 0 0 1
vn 0 0 1
vn 0 0 1
vn 0 0 1
vn 0 0 1
vn 0 0 1
vn 0.87783 -0.47896 0
vn 0.87783 -0.47896 0
vn 0.68635 -0.72727 0
vn 0 0 1
vn 0.65293 -0.75742 0
vn 0.22194 -0.97506 0
vn 0 0 1
vn 0 0 1
vn 0 0 1
vn 0 0 1
vn 0 0 1
vn 0 0 1
vn 0.63562 -0.772 0
vn 0 0 1
vn 0.843 -0.53792 0
vn 0.843 -0.53792 0
vn 0 0 1
vn 0.855 -0.51863 0
vn 0 0 1
vn 0 0 1
vn 0 0 1
vn 0 0 1
vn 0 0 1
vn 0.52294 -0.85237 0
vn 0 0 1
vn 0 0 1
vn 0 0 1
vn 0 0 1
vn 0.24792 -0.96878 0
vn 0 0 1
vn 0 0 1
vn -0.99926 0.03852 0
vn 0 0 1
vn -0.9842 0.17707 0
vn 0 0 1
vn -0.45935 -0.88826 0
vn -0.45935 -0.88826 0
vn 0 0 1
vn -0.60098 -0.79926 0
vn -0.60098 -0.79926 0
vn 0 0 1
vn 0 0 1
vn -0.90657 -0.42207 0
vn -0.90657 -0.42207 0
vn -0.95007 -0.31204 0
vn 0 0 1
vn -0.992 0.12621 0
vn -0.55579 -0.83132 0
vn -0.97775 -0.20977 0
vn -0.88784 -0.46016 0
vn -0.88784 -0.46016 0
vn 0 0 1
vn 0.855 -0.51863 0
vn -0.93752 -0.34792 0
vn -0.93752 -0.34792 0
vn -0.97004 -0.24295 0
vn -0.55579 -0.83132 0
vn -0.95496 0.29674 0
vn 0 0 1
vn 0 0 1
vn -0.97232 0.23364 0
vn 0.83062 -0.55684 0
vn 0.83062 -0.55684 0
vn 0 0 1
vn 0 0 1
vn 0 0 1
vn 0 0 1
vn 0 0 1
vn 0 0 1
vn 0 0 1
vn 0 0 1
vn 0.81787 -0.57541 0
vn 0.81787 -0.57541 0
vn 0 0 1
vn 0 0 1
vn 0.46059 -0.88761 0
vn 0 0 1
vn -0.50847 -0.86108 0
vn -0.99328 -0.11577 0
vn -0.50847 -0.86108 0
vn 0 0 1
vn -0.72144 -0.69248 0
vn -0.04826 -0.99883 0
vn 0 0 1
vn 0 0 1
vn 0 0 1
vn -0.20023 -0.97975 0
vn -0.20023 -0.97975 0
vn 0 0 1
vn 0 0 1
vn 0 0 1
vn 0 0 1
vn 0.71886 0.69515 0
vn -0.14856 -0.9889 0
vn 0 0 1
vn 0 0 1
vn 0 0 1
vn -0.14856 -0.9889 0
vn -0.98412 -0.17753 0
vn 0 0 1
vn -0.99653 -0.08319 0
vn 0 0 1
vn -0.68398 -0.7295 0
vn -0.68398 -0.7295 0
vn 0 0 1
vn 0 0 1
vn -0.92308 -0.38462 0
vn -1 -0.00219 0
vn -0.92308 -0.38462 0
vn 0 0 1
vn 0 0 1
vn 0 0 1
vn 0 0 1
vn -0.81688 -0.57681 0
vn -0.81688 -0.57681 0
vn -0.99902 -0.0443 0
vn 0 0 1
vn 0 0 1
vn 0 0 1
vn -0.78788 -0.61582 0
vn -0.78788 -0.61582 0
vn 0 0 1
vn 0 0 1
vn -0.99677 0.08027 0
vn 0 0 1
vn 0 0 1
vn 0 0 1
vn 0 0 1
vn 0.14141 -0.98995 0
vn 0 0 1
vn 0 0 1
vn 0 0 1
vn 0.72106 0.69288 0
vn -0.04826 -0.99883 0
vn 0 0 1
vn 0 0 1
vn 0 0 1
vn 0.71665 0.69743 0
vn 0 0 1
vn 0 0 1
vn 0 0 1
vn 0 0 1
vn 0.14141 -0.98995 0
vn 0.70537 0.70884 0
vn 0.70993 0.70427 0
vn 0.11377 -0.99351 0
vn 0.11377 -0.99351 0
vn 0.70987 0.70433 0
vn 0 0 1
vn 0 0 1
vn 0 0 1
vn 0.71369 0.70047 0
vn -0.25248 -0.9676 0
vn -0.25248 -0.9676 0
vn -0.30492 -0.95238 0
vn -0.30492 -0.95238 0
vn 0 0 1
vn 0 0 1
vn -0.64378 -0.76521 0
vn -0.64378 -0.76521 0
vn 0 0 1
vn 0 0 1
vn 0 0 1
vn 0 0 1
vn 0 0 1
vn -0.75608 -0.65448 0
vn -0.75608 -0.65448 0
vn -0.98926 -0.1462 0
vn 0 0 1
vn 0 0 1
vn 0 0 1
vn 0 0 1
vn -0.72144 -0.69248 0
vn -0.96086 -0.27704 0
vn 0 0 1
vn 0 0 1
vn -0.99963 0.02702 0
vn 0.53243 0.84648 0
vn 0.53243 0.84648 0
vn -0.98738 -0.15838 0
vn 0.55634 0.83095 0
vn 0.61459 0.78885 0
vn -0.89539 0.44529 0
vn -0.89539 0.44529 0
vn 0.55634 0.83095 0
vn -0.84736 0.53102 0
vn -0.84736 0.53102 0
vn 0.68575 0.72784 0
vn -0.30914 0.95102 0
vn -0.30914 0.95102 0
vn 0.63014 0.77648 0
vn -0.93017 0.36713 0
vn -0.93017 0.36713 0
vn 0.59722 0.80207 0
vn 0.23069 0.97303 0
vn 0.23069 0.97303 0
vn 0.68575 0.72784 0
vn 0.68575 0.72784 0
vn 0.59722 0.80207 0
vn 0.59722 0.80207 0
vn 0 0 1
vn 0 0 1
vn 0.66744 0.74466 0
vn 0 0 1
vn 0.66744 0.74466 0
vn 0 0 1
vn 0 0 1
vn -0.98521 0.17133 0
vn -0.98999 0.14113 0
vn 0.50591 0.86258 0
vn 0.50591 0.86258 0
vn -0.99999 -0.00383 0
vn -0.99914 -0.04157 0
vn -0.99851 0.05459 0
vn 0.57787 0.81613 0
vn 0.57787 0.81613 0
vn -0.98085 -0.19474 0
vn 0.4442 0.89593 0
vn 0.67718 0.73582 0
vn -0.45696 0.88949 0
vn -0.45696 0.88949 0
vn 0.47658 0.87913 0
vn 0.65643 0.75438 0
vn -0.6966 0.71746 0
vn -0.6966 0.71746 0
vn 0.3695 0.92923 0
vn 0 0 1
vn -0.01162 0.99993 0
vn -0.992 0.12621 0
vn -0.992 0.12621 0
vn -0.23432 0.97216 0
vn 0 0 1
vn 0 0 1
vn 0 0 1
vn 0 0 1
vn 0 0 1
vn 0 0 1
vn 0 0 1
vn 0 0 1
vn 0 0 1
vn -0.35997 0.93296 0
vn -0.09448 0.99553 0
vn 0 0 1
vn 0 0 1
vn -0.97004 -0.24295 0
vn 0.0577 0.99833 0
vn -0.97775 -0.20977 0
vn -0.97775 -0.20977 0
vn -0.29808 0.95454 0
vn 0 0 1
vn -0.99902 -0.0443 0
vn -0.99902 -0.0443 0
vn 0 0 1
vn 0 0 1
vn -0.9842 0.17707 0
vn 0 0 1
vn -0.9842 0.17707 0
vn 0 0 1
vn 0 0 1
vn 0 0 1
vn -0.97004 -0.24295 0
vn 0.17731 0.98416 0
vn 0.17731 0.98416 0
vn 0.28059 0.95983 0
vn 0.28059 0.95983 0
vn -0.78233 0.62287 0
vn -0.78233 0.62287 0
vn 0.64404 0.76499 0
vn 0 0 1
vn -0.99926 0.03852 0
vn 0.50591 0.86258 0
vn -0.95496 0.29674 0
vn -0.95496 0.29674 0
vn -0.99926 0.03852 0
vn 0.57787 0.81613 0
vn -0.99677 0.08027 0
vn -0.99677 0.08027 0
vn 0.40857 0.91273 0
vn 0.66744 0.74466 0
vn -0.58788 0.80895 0
vn -0.58788 0.80895 0
vn 0 0 1
vn -0.84736 0.53102 0
vn 0 0 1
vn 0 0 1
vn 0 0 1
vn -0.86674 -0.49876 0
vn -0.86674 -0.49876 0
vn -0.84313 -0.53771 0
vn 0 0 1
vn -0.84313 -0.53771 0
vn -0.58788 0.80895 0
vn 0 0 1
vn 0 0 1
vn 0 0 1
vn 0 0 1
vn 0 0 1
vn -0.6966 0.71746 0
vn 0 0 1
vn 0 0 1
vn -0.45696 0.88949 0
vn 0 0 1
vn 0 0 1
vn 0 0 1
vn 0 0 1
vn 0.72106 0.69287 0
vn 0.72106 0.69287 0
vn 0 0 1
vn 0 0 1
vn 0.58358 0.81206 0
vn 0 0 1
vn 0 0 1
vn 0.70987 0.70433 0
vn 0 0 1
vn 0.70987 0.70433 0
vn 0.72106 0.69288 0
vn 0 0 1
vn 0.72106 0.69288 0
vn 0 0 1
vn 0.56345 0.82615 0
vn 0 0 1
vn 0 0 1
vn 0 0 1
vn 0 0 1
vn 0 0 1
vn 0.61816 0.78605 0
vn 0 0 1
vn 0.69323 0.72072 0
vn 0.69323 0.72072 0
vn 0 0 1
vn 0 0 1
vn 0 0 1
vn 0.70993 0.70427 0
vn 0.70993 0.70427 0
vn 0.7182 -0.69583 0
vn 0.7182 -0.69583 0
vn 0 0 1
vn 0 0 1
vn 0 0 1
vn 0.6997 0.71444 0
vn 0.60176 0.79868 0
vn 0.6997 0.71444 0
vn 0.32687 0.94507 0
vn 0.70523 0.70898 0
vn 0 0 1
vn 0 0 1
vn 0.70523 0.70898 0
vn 0.70537 0.70884 0
vn 0.70537 0.70884 0
vn 0 0 1
vn -0.15373 0.98811 0
vn 0 0 1
vn 0.48968 0.8719 0
vn 0.71886 0.69515 0
vn 0.71886 0.69515 0
vn -0.02218 0.99975 0
vn 0 0 1
vn -0.89539 0.44529 0
vn 0 0 1
vn 0 0 1
vn 0 0 1
vn 0 0 1
vn -0.30914 0.95102 0
vn 0 0 1
vn -0.93017 0.36713 0
vn 0 0 1
vn 0 0 1
vn 0 0 1
vn -0.78233 0.62287 0
vn 0.71665 0.69743 0
vn 0.71665 0.69743 0
vn 0.63292 0.77422 0
vn 0.69994 0.7142 0
vn 0.72034 0.69362 0
vn 0.71369 0.70047 0
vn 0.71369 0.70047 0
vn 0.66862 0.7436 0
vn 0.71367 0.70048 0
vn 0.71367 0.70048 0
vn 0 0 1
vn 0.68633 0.72729 0
vn 0.65803 0.75299 0
vn 0.71666 0.69742 0
vn 0.71666 0.69742 0
vn 0.40857 0.91273 0
vn 0.47658 0.87913 0
vn 0.47658 0.87913 0
vn 0.4442 0.89593 0
vn -0.99664 -0.0819 0
vn 0.40857 0.91273 0
vn 0.65643 0.75438 0
vn -0.99268 -0.1208 0
vn 0.65643 0.75438 0
vn 0.4442 0.89593 0
vn 0.3695 0.92923 0
vn 0.3695 0.92923 0
vn 0.67718 0.73582 0
vn 0.67718 0.73582 0
vn 0 0 1
vn 0.46003 0.8879 0
vn 0 0 1
vn 0 0 1
vn 0 0 1
vn 0 0 1
vn 0 0 1
vn 0.31175 0.95016 0
vn 0.72032 0.69364 0
vn 0.72032 0.69364 0
vn 0 0 1
vn 0.54121 0.84089 0
vn 0 0 1
vn 0 0 1
vn 0 0 1
vn 0 0 1
vn 0 0 1
vn 0.51668 0.85618 0
vn 0.64404 0.76499 0
vn 0.64404 0.76499 0
vn 0.67803 0.73504 0
vn 0.61459 0.78885 0
vn 0.61459 0.78885 0
vn 0.72034 0.69362 0
vn 0.63014 0.77648 0
vn 0.63014 0.77648 0
vn 0.71888 0.69514 0
vn 0.69362 0.72035 0
vn 0.64617 0.76319 0
vn 0.71888 0.69514 0
vn -0.77759 0.62877 0
vn 0.72068 -0.69327 0
vn -0.74485 0.66723 0
vn -0.74485 0.66723 0
vn 0 0 1
vn -0.70881 0.7054 0
vn -0.70881 0.7054 0
vn 0 0 1
vn 0 0 1
vn 0 0 1
vn 0 0 1
vn -0.41946 0.90777 0
vn -0.66932 0.74297 0
vn -0.66932 0.74297 0
vn 0.73731 -0.67555 0
vn 0 0 1
vn 0 0 1
vn -0.91495 0.40356 0
vn -0.01162 0.99993 0
vn -0.01162 0.99993 0
vn -0.35997 0.93296 0
vn -0.35997 0.93296 0
vn -0.89812 0.43974 0
vn 0 0 1
vn 0 0 1
vn 0 0 1
vn 0.0577 0.99833 0
vn 0.0577 0.99833 0
vn 0 0 1
vn 0 0 1
vn 0 0 1
vn -0.41946 0.90777 0
vn -0.97934 0.20224 0
vn 0 0 1
vn 0 0 1
vn 0 0 1
vn -0.97226 0.23389 0
vn -0.91495 0.40356 0
vn -0.91495 0.40356 0
vn -0.8072 0.59028 0
vn -0.8072 0.59028 0
vn -0.93198 -0.3625 0
vn 0.70365 -0.71055 0
vn -0.57972 0.81481 0
vn -0.6263 0.77958 0
vn -0.57972 0.81481 0
vn -0.89812 0.43974 0
vn -0.89812 0.43974 0
vn -0.92978 0.36811 0
vn -0.92978 0.36811 0
vn -0.6263 0.77958 0
vn -0.47612 0.87938 0
vn -0.47612 0.87938 0
vn 0.66841 -0.74379 0
vn 0.65023 -0.75974 0
vn -0.77759 0.62877 0
vn 0.76932 -0.63886 0
vn 0.75353 -0.65741 0
vn 0 0 1
vn 0 0 1
vn 0 0 1
vn 0 0 1
vn 0.26679 0.96376 0
vn 0.26679 0.96376 0
vn 0 0 1
vn -0.85777 0.51403 0
vn 0 0 1
vn 0 0 1
vn 0 0 1
vn 0 0 1
vn -0.94278 0.3334 0
vn -0.09448 0.99553 0
vn -0.09448 0.99553 0
vn 0 0 1
vn 0 0 1
vn -0.8072 0.59028 0
vn 0 0 1
vn -0.92978 0.36811 0
vn 0 0 1
vn 0 0 1
vn 0.06185 -0.99809 0
vn -0.6263 0.77958 0
vn 0.10892 -0.99405 0
vn 0.58358 0.81206 0
vn 0.58358 0.81206 0
vn 0.08538 -0.99635 0
vn 0.60176 0.79868 0
vn 0.60176 0.79868 0
vn 0.46003 0.8879 0
vn 0.46003 0.8879 0
vn 0.61816 0.78605 0
vn 0.61816 0.78605 0
vn 0.03833 -0.99927 0
vn 0.48968 0.8719 0
vn 0.48968 0.8719 0
vn -0.57972 0.81481 0
vn -0.29808 0.95454 0
vn -0.29808 0.95454 0
vn 0 0 1
vn -0.99375 0.11162 0
vn 0 0 1
vn -0.96389 0.2663 0
vn 0 0 1
vn 0 0 1
vn 0 0 1
vn 0 0 1
vn 0 0 1
vn -0.95411 0.29946 0
vn 0 0 1
vn 0 0 1
vn 0 0 1
vn 0 0 1
vn 0 0 1
vn -0.70881 0.7054 0
vn 0 0 1
vn 0 0 1
vn 0 0 1
vn -0.99657 0.08279 0
vn -0.23432 0.97216 0
vn -0.23432 0.97216 0
vn 0 0 1
vn -0.87913 0.47659 0
vn 0 0 1
vn 0 0 1
vn 0 0 1
vn 0 0 1
vn 0 0 1
vn 0 0 1
vn 0 0 1
vn -0.74485 0.66723 0
vn 0 0 1
vn 0.1138 0.9935 0
vn 0 0 1
vn 0.42755 0.90399 0
vn 0 0 1
vn 0.42755 0.90399 0
vn 0 0 1
vn 0 0 1
vn -0.16929 0.98557 0
vn 0 0 1
vn 0 0 1
vn -0.83386 0.55197 0
vn 0 0 1
vn -0.16929 0.98557 0
vn 0.1676 0.98586 0
vn 0 0 1
vn 0.1138 0.9935 0
vn 0 0 1
vn 0 0 1
vn 0 0 1
vn 0 0 1
vn 0 0 1
vn -0.66932 0.74297 0
vn 0.1676 0.98586 0
vn 0 0 1
vn 0.21868 0.9758 0
vn 0.21868 0.9758 0
vn 0 0 1
vn 0 0 1
vn 0 0 1
vn 0 0 1
vn 0 0 1
vn 0.1676 0.98586 0
vn -0.99328 -0.11577 0
vn 0 0 1
vn 0 0 1
vn 0 0 1
vn 0 0 1
vn -0.99328 -0.11577 0
vn 0.26679 0.96376 0
vn -0.96086 -0.27704 0
vn -0.96086 -0.27704 0
vn 0 0 1
vn -0.41946 0.90777 0
vn 0 0 1
vn 0 0 1
vn -0.73596 -0.67703 0
vn -0.16929 0.98557 0
vn -0.99999 -0.00383 0
vn -0.99999 -0.00383 0
vn -0.79051 -0.61245 0
vn -0.98085 -0.19474 0
vn -0.99963 0.02702 0
vn -0.99963 0.02702 0
vn -0.70419 -0.71001 0
vn -0.98521 0.17133 0
vn -0.98521 0.17133 0
vn -0.99851 0.05459 0
vn -0.99851 0.05459 0
vn -0.58511 -0.81096 0
vn -0.76459 -0.64452 0
vn 0 0 1
vn 0 0 1
vn 0 0 1
vn 0 0 1
vn -1 -0.00219 0
vn -1 -0.00219 0
vn -0.97232 0.23364 0
vn 0.53243 0.84648 0
vn 0 0 1
vn 0 0 1
vn -0.97232 0.23364 0
vn 0.55634 0.83095 0
vn 0 0 1
vn 0 0 1
vn 0 0 1
vn 0 0 1
vn -0.98412 -0.17753 0
vn -0.98412 -0.17753 0
vn 0 0 1
vn 0.39208 0.91993 0
vn 0 0 1
vn 0 0 1
vn 0 0 1
vn -0.98926 -0.1462 0
vn -0.98926 -0.1462 0
vn 0.35351 0.93543 0
vn 0 0 1
vn 0 0 1
vn 0 0 1
vn 0 0 1
vn 0.1138 0.9935 0
vn 0.42755 0.90399 0
vn 0 0 1
vn 0 0 1
vn 0 0 1
vn 0 0 1
vn 0 0 1
vn 0 0 1
vn 0 0 1
vn 0 0 1
vn -0.99653 -0.08319 0
vn -0.99653 -0.08319 0
vn 0 0 1
vn 0 0 1
vn 0.21868 0.9758 0
vn -0.95007 -0.31204 0
vn 0 0 1
vn -0.95007 -0.31204 0
vn -0.83552 -0.54946 0
vn -0.98999 0.14113 0
vn -0.98999 0.14113 0
vn -0.95411 0.29946 0
vn -0.95411 0.29946 0
vn -0.87913 0.47659 0
vn -0.99914 -0.04157 0
vn -0.99914 -0.04157 0
vn -0.81405 -0.58079 0
vn -0.85516 -0.51837 0
vn -0.99375 0.11162 0
vn -0.99375 0.11162 0
vn -0.87318 -0.4874 0
vn -0.87913 0.47659 0
vn -0.83386 0.55197 0
vn -0.83386 0.55197 0
vn -0.95466 -0.29771 0
vn -0.94278 0.3334 0
vn -0.97319 -0.23 0
vn -0.94278 0.3334 0
vn -0.94384 -0.33041 0
vn -0.85777 0.51403 0
vn -0.85777 0.51403 0
vn -0.96444 -0.26428 0
vn -0.66883 -0.74342 0
vn -0.98738 -0.15838 0
vn -0.98738 -0.15838 0
vn -0.53551 -0.84453 0
vn -0.98085 -0.19474 0
vn -0.99268 -0.1208 0
vn -0.99268 -0.1208 0
vn -0.97934 0.20224 0
vn -0.90501 -0.4254 0
vn -0.91906 -0.39412 0
vn 0.67803 0.73504 0
vn 0.67803 0.73504 0
vn -0.99664 -0.0819 0
vn -0.99664 -0.0819 0
vn -0.62933 -0.77714 0
vn -0.96389 0.2663 0
vn -0.96389 0.2663 0
vn -0.97934 0.20224 0
vn -0.99657 0.08279 0
vn -0.99657 0.08279 0
vn -0.88975 -0.45645 0
vn -0.97226 0.23389 0
vn -0.97226 0.23389 0
vn 0.47166 -0.88178 0
vn 0.47166 -0.88178 0
vn 0.40704 -0.91341 0
vn 0.40704 -0.91341 0
vn 0.55413 -0.83243 0
vn 0.47166 -0.88178 0
vn 0.03833 -0.99927 0
vn 0.78468 -0.6199 0
vn 0.84157 -0.54015 0
vn 0.34042 -0.94027 0
vn 0.34042 -0.94027 0
vn 0.45037 -0.89284 0
vn 0.45037 -0.89284 0
vn 0.8546 -0.51929 0
vn 0.7996 -0.60053 0
vn 0.06185 -0.99809 0
vn 0.06185 -0.99809 0
vn 0.61279 -0.79024 0
vn 0.40704 -0.91341 0
vn 0.03833 -0.99927 0
vn 0.51346 -0.85811 0
vn 0.42882 -0.90339 0
vn 0.24913 -0.96847 0
vn 0.24913 -0.96847 0
vn 0.51346 -0.85811 0
vn 0.51346 -0.85811 0
vn 0.61279 -0.79024 0
vn 0.61279 -0.79024 0
vn 0.90163 -0.43251 0
vn 0.87915 -0.47654 0
vn 0.31783 -0.94815 0
vn 0.31783 -0.94815 0
vn 0.86713 -0.49809 0
vn 0.89066 -0.45468 0
vn 0.92196 -0.38729 0
vn 0.36283 -0.93186 0
vn 0.36283 -0.93186 0
vn 0.38504 -0.9229 0
vn 0.38504 -0.9229 0
vn 0.10892 -0.99405 0
vn 0.53394 -0.84552 0
vn 0.10892 -0.99405 0
vn 0.34042 -0.94027 0
vn 0.08538 -0.99635 0
vn 0.08538 -0.99635 0
vn 0.45037 -0.89284 0
vn -0.09596 -0.99539 0
vn -0.09596 -0.99539 0
vn 0.38504 -0.9229 0
vn -0.18699 -0.98236 0
vn 0.31783 -0.94815 0
vn -0.87318 -0.4874 0
vn -0.58511 -0.81096 0
vn -0.58511 -0.81096 0
vn -0.87318 -0.4874 0
vn -0.62933 -0.77714 0
vn 0.17934 -0.98379 0
vn -0.85516 -0.51837 0
vn -0.85516 -0.51837 0
vn -0.53551 -0.84453 0
vn -0.53551 -0.84453 0
vn -0.83552 -0.54946 0
vn -0.79051 -0.61245 0
vn -0.81405 -0.58079 0
vn -0.81405 -0.58079 0
vn -0.76459 -0.64452 0
vn -0.76459 -0.64452 0
vn -0.52962 0.84824 0
vn -0.52962 0.84824 0
vn 0.68622 -0.7274 0
vn 0.574 -0.81885 0
vn 0.4927 -0.8702 0
vn 0.63169 -0.77522 0
vn 0.59356 -0.80479 0
vn 0.24913 -0.96847 0
vn -0.18699 -0.98236 0
vn 0.01745 -0.99985 0
vn 0.01745 -0.99985 0
vn 0.36283 -0.93186 0
vn 0.29508 -0.95547 0
vn -0.47988 -0.87733 0
vn -0.47988 -0.87733 0
vn -0.02025 -0.99979 0
vn 0.22597 -0.97413 0
vn -0.02025 -0.99979 0
vn -0.4176 -0.90863 0
vn -0.4176 -0.90863 0
vn 0.01745 -0.99985 0
vn 0.64617 0.76319 0
vn 0.64617 0.76319 0
vn 0.68633 0.72729 0
vn 0.65803 0.75299 0
vn 0.65803 0.75299 0
vn -0.02025 -0.99979 0
vn 0.68633 0.72729 0
vn 0.66862 0.7436 0
vn 0.66862 0.7436 0
vn -0.09596 -0.99539 0
vn 0.56345 0.82615 0
vn 0.56345 0.82615 0
vn -0.18699 -0.98236 0
vn 0.94825 -0.31751 0
vn 0.72068 -0.69327 0
vn 0.97514 -0.22158 0
vn 0.76932 -0.63886 0
vn 0.76932 -0.63886 0
vn 0.75353 -0.65741 0
vn 0.75353 -0.65741 0
vn 0.96289 -0.2699 0
vn 0.72068 -0.69327 0
vn 0.39208 0.91993 0
vn 0.39208 0.91993 0
vn 0.51668 0.85618 0
vn -0.52962 0.84824 0
vn 0.51668 0.85618 0
vn 0.31175 0.95016 0
vn 0.31175 0.95016 0
vn -0.47612 0.87938 0
vn 0.54121 0.84089 0
vn 0 0 1
vn 0 0 1
vn 0.35351 0.93543 0
vn 0.35351 0.93543 0
vn 0.54121 0.84089 0
vn -0.77759 0.62877 0
vn 0.63292 0.77422 0
vn 0.69362 0.72035 0
vn 0.69362 0.72035 0
vn -0.27126 -0.96251 0
vn 0 0 1
vn -0.34815 -0.93744 0
vn -0.4176 -0.90863 0
vn 0.69994 0.7142 0
vn 0.69994 0.7142 0
vn 0.63292 0.77422 0
vn -0.47988 -0.87733 0
vn 0.65023 -0.75974 0
vn 0.65023 -0.75974 0
vn 0.96932 -0.24581 0
vn 0.66841 -0.74379 0
vn 0.66841 -0.74379 0
vn 0.82805 -0.56065 0
vn 0.99235 -0.12349 0
vn 0.68622 -0.7274 0
vn 0.68622 -0.7274 0
vn 0.98036 -0.19721 0
vn 0.70365 -0.71055 0
vn 0.70365 -0.71055 0
vn 0.98497 -0.17272 0
vn 0.53394 -0.84552 0
vn 0.53394 -0.84552 0
vn 0.4927 -0.8702 0
vn 0.4927 -0.8702 0
vn 0.55413 -0.83243 0
vn 0.55413 -0.83243 0
vn 0.42882 -0.90339 0
vn 0.42882 -0.90339 0
vn 0.81406 -0.58078 0
vn 0.94006 -0.34101 0
vn 0.91207 -0.41004 0
vn 0.574 -0.81885 0
vn 0.95587 -0.2938 0
vn 0.73731 -0.67555 0
vn 0.73731 -0.67555 0
vn 0.93129 -0.36427 0
vn 0.99725 -0.07407 0
vn 0.98897 -0.14814 0
vn 0.9997 -0.02465 0
vn 0.574 -0.81885 0
vn 0.59356 -0.80479 0
vn 0.59356 -0.80479 0
vn 0.63169 -0.77522 0
vn 0.63169 -0.77522 0
vn 0.99511 -0.09879 0
vn 0.99725 -0.07407 0
vn 0.99511 -0.09879 0
vn 0.99511 -0.09879 0
vn 0.9997 -0.02465 0
vn 0.9997 -0.02465 0
vn 0.2027 -0.97924 0
vn 0.2027 -0.97924 0
vn 0.17934 -0.98379 0
vn 0.99878 -0.04935 0
vn 0.17934 -0.98379 0
vn 0.99878 -0.04935 0
vn 0.90163 -0.43251 0
vn 0.90163 -0.43251 0
vn 0.89066 -0.45468 0
vn 0.89066 -0.45468 0
vn 0.92196 -0.38729 0
vn 0.94006 -0.34101 0
vn 0.94006 -0.34101 0
vn 0.92196 -0.38729 0
vn 0.91207 -0.41004 0
vn 0.91207 -0.41004 0
vn 0.93129 -0.36427 0
vn 0.22597 -0.97413 0
vn 0.98036 -0.19721 0
vn 0.98036 -0.19721 0
vn 0.22597 -0.97413 0
vn 0.29508 -0.95547 0
vn 0.29508 -0.95547 0
vn 0.99235 -0.12349 0
vn 0.99235 -0.12349 0
vn 0.98897 -0.14814 0
vn 0.15592 -0.98777 0
vn 0.15592 -0.98777 0
vn 0.27217 -0.96225 0
vn 0.27217 -0.96225 0
vn 0.98897 -0.14814 0
vn 0.13244 -0.99119 0
vn 0.13244 -0.99119 0
vn 0.99725 -0.07407 0
vn -0.73596 -0.67703 0
vn -0.73596 -0.67703 0
vn -0.70419 -0.71001 0
vn -0.70419 -0.71001 0
vn -0.83552 -0.54946 0
vn -0.93198 -0.3625 0
vn -0.93198 -0.3625 0
vn -0.91906 -0.39412 0
vn -0.91906 -0.39412 0
vn -0.88975 -0.45645 0
vn -0.88975 -0.45645 0
vn -0.27126 -0.96251 0
vn -0.27126 -0.96251 0
vn 0.15592 -0.98777 0
vn -0.34815 -0.93744 0
vn -0.34815 -0.93744 0
vn -0.94384 -0.33041 0
vn -0.94384 -0.33041 0
vn 0.99878 -0.04935 0
vn 0.27217 -0.96225 0
vn 0.2027 -0.97924 0
vn -0.66883 -0.74342 0
vn -0.66883 -0.74342 0
vn -0.62933 -0.77714 0
vn 0.13244 -0.99119 0
vn -0.79051 -0.61245 0
vn -0.90501 -0.4254 0
vn -0.90501 -0.4254 0
vn -0.97319 -0.23 0
vn -0.97319 -0.23 0
vn -0.95466 -0.29771 0
vn -0.95466 -0.29771 0
vn -0.96444 -0.26428 0
vn -0.96444 -0.26428 0
vn 0.81406 -0.58078 0
vn 0.81406 -0.58078 0
vn 0.78468 -0.6199 0
vn 0.78468 -0.6199 0
vn 0.82805 -0.56065 0
vn 0.82805 -0.56065 0
vn 0.7996 -0.60053 0
vn 0.7996 -0.60053 0
vn 0.95587 -0.2938 0
vn 0.95587 -0.2938 0
vn 0.93129 -0.36427 0
vn 0.94825 -0.31751 0
vn 0.94825 -0.31751 0
vn 0.96289 -0.2699 0
vn 0.96289 -0.2699 0
vn 0.8546 -0.51929 0
vn 0.8546 -0.51929 0
vn 0.84157 -0.54015 0
vn 0.84157 -0.54015 0
vn 0.87915 -0.47654 0
vn 0.87915 -0.47654 0
vn 0.86713 -0.49809 0
vn 0.86713 -0.49809 0
vn 0.97514 -0.22158 0
vn 0.97514 -0.22158 0
vn 0.96932 -0.24581 0
vn 0.96932 -0.24581 0
vn 0.98497 -0.17272 0
vn 0.98497 -0.17272 0

# Faces:
usemtl Default Material 2
f 7881/7881/7881 9295/9295/9295 7878/7878/7878
f 9325/9325/9325 7916/7916/7916 7876/7876/7876
f 9268/9268/9268 7931/7931/7931 7903/7903/7903
f 9324/9324/9324 7902/7902/7902 7917/7917/7917
f 9288/9288/9288 7928/7928/7928 7929/7929/7929
f 8301/8301/8301 9265/9265/9265 7892/7892/7892
f 8563/8563/8563 8558/8558/8558 9343/9343/9343
f 8550/8550/8550 9349/9349/9349 8559/8559/8559
f 8536/8536/8536 9376/9376/9376 8564/8564/8564
f 8562/8562/8562 9345/9345/9345 8592/8592/8592
f 8560/8560/8560 8591/8591/8591 9240/9240/9240
f 7853/7853/7853 8581/8581/8581 9299/9299/9299
f 8305/8305/8305 7850/7850/7850 9300/9300/9300
f 8209/8209/8209 7936/7936/7936 9292/9292/9292
f 9664/9664/9664 8368/8368/8368 8391/8391/8391
f 8403/8403/8403 8367/8367/8367 9629/9629/9629
f 9187/9187/9187 8429/8429/8429 8397/8397/8397
f 8398/8398/8398 8420/8420/8420 9624/9624/9624
f 9149/9149/9149 8418/8418/8418 8431/8431/8431
f 9661/9661/9661 8412/8412/8412 8287/8287/8287
f 8255/8255/8255 8211/8211/8211 9598/9598/9598
f 8202/8202/8202 8213/8213/8213 9278/9278/9278
f 8251/8251/8251 9589/9589/9589 8229/8229/8229
f 8280/8280/8280 9599/9599/9599 8267/8267/8267
f 8238/8238/8238 9588/9588/9588 8266/8266/8266
f 8265/8265/8265 9590/9590/9590 7844/7844/7844
f 9674/9674/9674 8303/8303/8303 7846/7846/7846
f 9158/9158/9158 8438/8438/8438 8417/8417/8417
f 8549/8549/8549 9341/9341/9341 9329/9329/9329
f 8623/8623/8623 8616/8616/8616 9375/9375/9375
f 8617/8617/8617 8609/8609/8609 9316/9316/9316
f 8527/8527/8527 9334/9334/9334 8537/8537/8537
f 8627/8627/8627 9320/9320/9320 8552/8552/8552
f 8626/8626/8626 8621/8621/8621 9374/9374/9374
f 9312/9312/9312 8606/8606/8606 8604/8604/8604
f 8594/8594/8594 8980/8980/8980 8600/8600/8600
f 8590/8590/8590 8982/8982/8982 8593/8593/8593
f 8464/8464/8464 8680/8680/8680 8587/8587/8587
f 8588/8588/8588 9336/9336/9336 9264/9264/9264
f 8540/8540/8540 9331/9331/9331 9398/9398/9398
f 9397/9397/9397 9352/9352/9352 8583/8583/8583
f 8599/8599/8599 8615/8615/8615 8677/8677/8677
f 9260/9260/9260 9248/9248/9248 8578/8578/8578
f 9601/9601/9601 8284/8284/8284 9658/9658/9658
f 9662/9662/9662 8298/8298/8298 9594/9594/9594
f 9626/9626/9626 8415/8415/8415 9307/9307/9307
f 9669/9669/9669 7845/7845/7845 9620/9620/9620
f 8413/8413/8413 9666/9666/9666 9306/9306/9306
f 9619/9619/9619 7862/7862/7862 9596/9596/9596
f 9294/9294/9294 7888/7888/7888 9322/9322/9322
f 9281/9281/9281 7873/7873/7873 9253/9253/9253
f 7914/7914/7914 9280/9280/9280 9321/9321/9321
f 9602/9602/9602 8223/8223/8223 9356/9356/9356
f 9315/9315/9315 8352/8352/8352 9287/9287/9287
f 8233/8233/8233 9311/9311/9311 9353/9353/9353
f 9285/9285/9285 7921/7921/7921 9291/9291/9291
f 8275/8275/8275 9600/9600/9600 9591/9591/9591
f 8545/8545/8545 8567/8567/8567 9337/9337/9337
f 8400/8400/8400 9298/9298/9298 9155/9155/9155
f 8353/8353/8353 8378/8378/8378 9514/9514/9514
f 8377/8377/8377 8345/8345/8345 9633/9633/9633
f 9529/9529/9529 8394/8394/8394 8355/8355/8355
f 9503/9503/9503 8366/8366/8366 8392/8392/8392
f 9513/9513/9513 9528/9528/9528 8363/8363/8363
f 9639/9639/9639 8359/8359/8359 8376/8376/8376
f 9175/9175/9175 8347/8347/8347 8362/8362/8362
f 9502/9502/9502 8404/8404/8404 9534/9534/9534
f 8361/8361/8361 8435/8435/8435 9171/9171/9171
f 8384/8384/8384 9500/9500/9500 8487/8487/8487
f 8482/8482/8482 8486/8486/8486 9562/9562/9562
f 9563/9563/9563 9550/9550/9550 8481/8481/8481
f 8485/8485/8485 9499/9499/9499 9570/9570/9570
f 8479/8479/8479 9553/9553/9553 8497/8497/8497
f 8349/8349/8349 9185/9185/9185 8358/8358/8358
f 8509/8509/8509 8513/8513/8513 9546/9546/9546
f 8490/8490/8490 9584/9584/9584 8515/8515/8515
f 9470/9470/9470 8081/8081/8081 8087/8087/8087
f 9453/9453/9453 8174/8174/8174 8080/8080/8080
f 9521/9521/9521 8086/8086/8086 8503/8503/8503
f 8489/8489/8489 8492/8492/8492 9495/9495/9495
f 9527/9527/9527 8520/8520/8520 9549/9549/9549
f 8533/8533/8533 9585/9585/9585 9547/9547/9547
f 9477/9477/9477 8089/8089/8089 9526/9526/9526
f 9437/9437/9437 9445/9445/9445 8166/8166/8166
f 8082/8082/8082 9472/9472/9472 9438/9438/9438
f 9448/9448/9448 8178/8178/8178 8167/8167/8167
f 8179/8179/8179 9447/9447/9447 9484/9484/9484
f 9575/9575/9575 8498/8498/8498 9491/9491/9491
f 8512/8512/8512 9542/9542/9542 9492/9492/9492
f 9172/9172/9172 9630/9630/9630 8354/8354/8354
f 9183/9183/9183 9614/9614/9614 8451/8451/8451
f 9597/9597/9597 9569/9569/9569 8386/8386/8386
f 9634/9634/9634 9605/9605/9605 8379/8379/8379
f 9595/9595/9595 8382/8382/8382 9604/9604/9604
f 9587/9587/9587 9635/9635/9635 8343/8343/8343
f 9177/9177/9177 8424/8424/8424 9618/9618/9618
f 10485/10485/10485 7097/7097/7097 10478/10478/10478
f 10464/10464/10464 7122/7122/7122 10084/10084/10084
f 10471/10471/10471 7170/7170/7170 10463/10463/10463
f 7167/7167/7167 10472/10472/10472 10475/10475/10475
f 7150/7150/7150 10175/10175/10175 10527/10527/10527
f 8433/8433/8433 8447/8447/8447 9178/9178/9178
f 10090/10090/10090 6988/6988/6988 10082/10082/10082
f 10099/10099/10099 6962/6962/6962 10089/10089/10089
f 8137/8137/8137 9537/9537/9537 9485/9485/9485
f 8145/8145/8145 9517/9517/9517 9531/9531/9531
f 8133/8133/8133 9486/9486/9486 9516/9516/9516
f 8168/8168/8168 9536/9536/9536 8135/8135/8135
f 10123/10123/10123 7021/7021/7021 10115/10115/10115
f 10116/10116/10116 6979/6979/6979 10111/10111/10111
f 6986/6986/6986 10122/10122/10122 10608/10608/10608
f 7029/7029/7029 10605/10605/10605 10552/10552/10552
f 7028/7028/7028 10535/10535/10535 10606/10606/10606
f 6950/6950/6950 10548/10548/10548 10105/10105/10105
f 10180/10180/10180 10078/10078/10078 6948/6948/6948
f 10181/10181/10181 6946/6946/6946 10603/10603/10603
f 10793/10793/10793 7130/7130/7130 10797/10797/10797
f 8434/8434/8434 9176/9176/9176 9609/9609/9609
f 8478/8478/8478 9532/9532/9532 9033/9033/9033
f 8670/8670/8670 8840/8840/8840 8852/8852/8852
f 8465/8465/8465 8999/8999/8999 8462/8462/8462
f 8455/8455/8455 8681/8681/8681 8468/8468/8468
f 8844/8844/8844 8981/8981/8981 8834/8834/8834
f 8837/8837/8837 9000/9000/9000 8845/8845/8845
f 8463/8463/8463 9003/9003/9003 8838/8838/8838
f 8456/8456/8456 8542/8542/8542 9125/9125/9125
f 8526/8526/8526 9050/9050/9050 8565/8565/8565
f 8556/8556/8556 9066/9066/9066 8525/8525/8525
f 8859/8859/8859 9091/9091/9091 8554/8554/8554
f 9083/9083/9083 8547/8547/8547 9060/9060/9060
f 8453/8453/8453 8992/8992/8992 9008/9008/9008
f 8993/8993/8993 8457/8457/8457 9081/9081/9081
f 9055/9055/9055 8546/8546/8546 8568/8568/8568
f 9009/9009/9009 9010/9010/9010 8461/8461/8461
f 9330/9330/9330 8642/8642/8642 8710/8710/8710
f 8709/8709/8709 8622/8622/8622 8660/8660/8660
f 9369/9369/9369 8572/8572/8572 9392/9392/9392
f 9364/9364/9364 8638/8638/8638 9348/9348/9348
f 8644/8644/8644 9361/9361/9361 9396/9396/9396
f 9347/9347/9347 8635/8635/8635 9339/9339/9339
f 8693/8693/8693 8863/8863/8863 8718/8718/8718
f 8989/8989/8989 8679/8679/8679 8835/8835/8835
f 8689/8689/8689 8853/8853/8853 8714/8714/8714
f 10704/10704/10704 7241/7241/7241 10837/10837/10837
f 7250/7250/7250 10708/10708/10708 10692/10692/10692
f 10703/10703/10703 10721/10721/10721 7248/7248/7248
f 8605/8605/8605 8657/8657/8657 8713/8713/8713
f 9094/9094/9094 8553/8553/8553 8857/8857/8857
f 8847/8847/8847 8851/8851/8851 8698/8698/8698
f 8736/8736/8736 8771/8771/8771 8758/8758/8758
f 9163/9163/9163 8737/8737/8737 8769/8769/8769
f 9095/9095/9095 8879/8879/8879 8850/8850/8850
f 8708/8708/8708 8849/8849/8849 8796/8796/8796
f 8789/8789/8789 8734/8734/8734 8707/8707/8707
f 9053/9053/9053 8856/8856/8856 8706/8706/8706
f 8768/8768/8768 8764/8764/8764 9160/9160/9160
f 9105/9105/9105 8783/8783/8783 8763/8763/8763
f 8762/8762/8762 8754/8754/8754 9116/9116/9116
f 9141/9141/9141 8760/8760/8760 8753/8753/8753
f 9143/9143/9143 9112/9112/9112 8761/8761/8761
f 9159/9159/9159 8765/8765/8765 9135/9135/9135
f 9117/9117/9117 9109/9109/9109 8781/8781/8781
f 9136/9136/9136 8757/8757/8757 9107/9107/9107
f 9137/9137/9137 8766/8766/8766 8756/8756/8756
f 9123/9123/9123 8543/8543/8543 9076/9076/9076
f 9056/9056/9056 8539/8539/8539 9062/9062/9062
f 8566/8566/8566 9051/9051/9051 9128/9128/9128
f 10787/10787/10787 6831/6831/6831 10714/10714/10714
f 6803/6803/6803 10785/10785/10785 10779/10779/10779
f 10780/10780/10780 10700/10700/10700 6811/6811/6811
f 10955/10955/10955 10984/10984/10984 6815/6815/6815
f 10986/10986/10986 10967/10967/10967 6818/6818/6818
f 6812/6812/6812 10957/10957/10957 10952/10952/10952
f 6801/6801/6801 10781/10781/10781 10959/10959/10959
f 11026/11026/11026 6817/6817/6817 10970/10970/10970
f 6813/6813/6813 10693/10693/10693 10695/10695/10695
f 8555/8555/8555 9099/9099/9099 9069/9069/9069
f 10722/10722/10722 6819/6819/6819 10832/10832/10832
f 11023/11023/11023 6799/6799/6799 7267/7267/7267
f 9093/9093/9093 8538/8538/8538 8530/8530/8530
f 7268/7268/7268 10946/10946/10946 11022/11022/11022
f 10803/10803/10803 7133/7133/7133 10526/10526/10526
f 7142/7142/7142 10794/10794/10794 10520/10520/10520
f 7091/7091/7091 10813/10813/10813 7143/7143/7143
f 7147/7147/7147 10824/10824/10824 10790/10790/10790
f 10825/10825/10825 10820/10820/10820 7096/7096/7096
f 10798/10798/10798 7490/7490/7490 10799/10799/10799
f 10517/10517/10517 7106/7106/7106 10752/10752/10752
f 7107/7107/7107 10521/10521/10521 10773/10773/10773
f 10772/10772/10772 10833/10833/10833 7238/7238/7238
f 7499/7499/7499 10792/10792/10792 10758/10758/10758
f 7158/7158/7158 7164/7164/7164 10811/10811/10811
f 7157/7157/7157 10823/10823/10823 7118/7118/7118
f 7112/7112/7112 10768/10768/10768 10764/10764/10764
f 10747/10747/10747 10838/10838/10838 7225/7225/7225
f 7160/7160/7160 7169/7169/7169 10804/10804/10804
f 7173/7173/7173 10182/10182/10182 7186/7186/7186
f 7189/7189/7189 10081/10081/10081 7200/7200/7200
f 6984/6984/6984 10121/10121/10121 6998/6998/6998
f 6977/6977/6977 10102/10102/10102 6982/6982/6982
f 6981/6981/6981 10113/10113/10113 6985/6985/6985
f 6990/6990/6990 10607/10607/10607 7191/7191/7191
f 7171/7171/7171 10094/10094/10094 7166/7166/7166
f 10087/10087/10087 7172/7172/7172 7177/7177/7177
f 7025/7025/7025 7017/7017/7017 10604/10604/10604
f 7014/7014/7014 7444/7444/7444 10641/10641/10641
f 7009/7009/7009 7012/7012/7012 10600/10600/10600
f 7022/7022/7022 7023/7023/7023 10550/10550/10550
f 10088/10088/10088 7178/7178/7178 7181/7181/7181
f 6983/6983/6983 7034/7034/7034 10542/10542/10542
f 10819/10819/10819 10564/10564/10564 7156/7156/7156
f 7100/7100/7100 7103/7103/7103 10519/10519/10519
f 10514/10514/10514 7247/7247/7247 7099/7099/7099
f 7102/7102/7102 7109/7109/7109 10759/10759/10759
f 7126/7126/7126 10802/10802/10802 7151/7151/7151
f 7116/7116/7116 10523/10523/10523 7108/7108/7108
f 10812/10812/10812 7117/7117/7117 7123/7123/7123
f 7131/7131/7131 7138/7138/7138 10801/10801/10801
f 7272/7272/7272 10743/10743/10743 6816/6816/6816
f 7266/7266/7266 10994/10994/10994 7246/7246/7246
f 10697/10697/10697 7236/7236/7236 7229/7229/7229
f 7255/7255/7255 10746/10746/10746 6880/6880/6880
f 6878/6878/6878 10757/10757/10757 7281/7281/7281
f 10767/10767/10767 10762/10762/10762 6877/6877/6877
f 7279/7279/7279 10827/10827/10827 7285/7285/7285
f 10962/10962/10962 7249/7249/7249 7242/7242/7242
f 10557/10557/10557 7443/7443/7443 7458/7458/7458
f 10556/10556/10556 7464/7464/7464 10561/10561/10561
f 10577/10577/10577 7477/7477/7477 7493/7493/7493
f 10626/10626/10626 7500/7500/7500 7507/7507/7507
f 11008/11008/11008 7114/7114/7114 7497/7497/7497
f 10586/10586/10586 7469/7469/7469 7476/7476/7476
f 10479/10479/10479 7356/7356/7356 7287/7287/7287
f 9824/9824/9824 7304/7304/7304 7310/7310/7310
f 10141/10141/10141 7286/7286/7286 7305/7305/7305
f 10341/10341/10341 7512/7512/7512 7315/7315/7315
f 10474/10474/10474 7329/7329/7329 7337/7337/7337
f 10449/10449/10449 7316/7316/7316 7336/7336/7336
f 7355/7355/7355 10469/10469/10469 10462/10462/10462
f 10947/10947/10947 7508/7508/7508 7515/7515/7515
f 7309/7309/7309 7312/7312/7312 9790/9790/9790
f 10774/10774/10774 7276/7276/7276 10753/10753/10753
f 7518/7518/7518 7447/7447/7447 10643/10643/10643
f 10083/10083/10083 7338/7338/7338 7354/7354/7354
f 9543/9543/9543 8517/8517/8517 8111/8111/8111
f 8112/8112/8112 8104/8104/8104 9583/9583/9583
f 6231/6231/6231 6202/6202/6202 6201/6201/6201
f 6197/6197/6197 6213/6213/6213 6229/6229/6229
f 6228/6228/6228 6215/6215/6215 6195/6195/6195
f 8085/8085/8085 8507/8507/8507 9473/9473/9473
f 8231/8231/8231 8243/8243/8243 9493/9493/9493
f 8088/8088/8088 9452/9452/9452 8257/8257/8257
f 8534/8534/8534 9508/9508/9508 8521/8521/8521
f 8294/8294/8294 8248/8248/8248 9444/9444/9444
f 8278/8278/8278 8286/8286/8286 9541/9541/9541
f 8272/8272/8272 9488/9488/9488 7852/7852/7852
f 7849/7849/7849 9065/9065/9065 7838/7838/7838
f 9509/9509/9509 9463/9463/9463 8518/8518/8518
f 6209/6209/6209 6168/6168/6168 6192/6192/6192
f 6210/6210/6210 6214/6214/6214 6169/6169/6169
f 6164/6164/6164 6217/6217/6217 6179/6179/6179
f 6090/6090/6090 6181/6181/6181 5991/5991/5991
f 6170/6170/6170 5992/5992/5992 6065/6065/6065
f 5993/5993/5993 6173/6173/6173 6161/6161/6161
f 6230/6230/6230 6211/6211/6211 6071/6071/6071
f 7890/7890/7890 7843/7843/7843 9027/9027/9027
f 7875/7875/7875 7893/7893/7893 9071/9071/9071
f 9429/9429/9429 8175/8175/8175 7884/7884/7884
f 8170/8170/8170 8171/8171/8171 9043/9043/9043
f 9465/9465/9465 8198/8198/8198 8161/8161/8161
f 6149/6149/6149 6178/6178/6178 6062/6062/6062
f 8188/8188/8188 9780/9780/9780 8182/8182/8182
f 9519/9519/9519 9443/9443/9443 8100/8100/8100
f 9494/9494/9494 8258/8258/8258 9489/9489/9489
f 9490/9490/9490 8274/8274/8274 9449/9449/9449
f 9540/9540/9540 8288/8288/8288 9533/9533/9533
f 9070/9070/9070 7851/7851/7851 9026/9026/9026
f 9025/9025/9025 7868/7868/7868 9530/9530/9530
f 9515/9515/9515 7840/7840/7840 9482/9482/9482
f 9030/9030/9030 7887/7887/7887 9034/9034/9034
f 10638/10638/10638 7521/7521/7521 11007/11007/11007
f 9434/9434/9434 8181/8181/8181 9430/9430/9430
f 9481/9481/9481 8193/8193/8193 9475/9475/9475
f 9462/9462/9462 8177/8177/8177 9428/9428/9428
f 9478/9478/9478 7894/7894/7894 9032/9032/9032
f 9038/9038/9038 7866/7866/7866 9072/9072/9072
f 9774/9774/9774 8220/8220/8220 8194/8194/8194
f 9775/9775/9775 8189/8189/8189 9779/9779/9779
f 8212/8212/8212 8230/8230/8230 9788/9788/9788
f 9785/9785/9785 9742/9742/9742 8225/8225/8225
f 8237/8237/8237 9778/9778/9778 9787/9787/9787
f 8254/8254/8254 8216/8216/8216 9743/9743/9743
f 8204/8204/8204 9469/9469/9469 9782/9782/9782
f 8244/8244/8244 9738/9738/9738 9413/9413/9413
f 8214/8214/8214 9419/9419/9419 9411/9411/9411
f 8252/8252/8252 9417/9417/9417 9420/9420/9420
f 7864/7864/7864 9457/9457/9457 9746/9746/9746
f 7906/7906/7906 9754/9754/9754 9737/9737/9737
f 7905/7905/7905 9747/9747/9747 9755/9755/9755
f 7861/7861/7861 9456/9456/9456 9459/9459/9459
f 7889/7889/7889 9736/9736/9736 9696/9696/9696
f 8283/8283/8283 9694/9694/9694 9776/9776/9776
f 9433/9433/9433 8281/8281/8281 9483/9483/9483
f 5987/5987/5987 6160/6160/6160 6091/6091/6091
f 6172/6172/6172 6018/6018/6018 6023/6023/6023
f 6174/6174/6174 6024/6024/6024 6147/6147/6147
f 6095/6095/6095 6146/6146/6146 5976/5976/5976
f 5975/5975/5975 6134/6134/6134 6097/6097/6097
f 6476/6476/6476 6144/6144/6144 6133/6133/6133
f 5971/5971/5971 5974/5974/5974 6148/6148/6148
f 6471/6471/6471 5867/5867/5867 6135/6135/6135
f 6466/6466/6466 6121/6121/6121 5850/5850/5850
f 6472/6472/6472 6465/6465/6465 5938/5938/5938
f 5936/5936/5936 6467/6467/6467 5840/5840/5840
f 6297/6297/6297 6120/6120/6120 6478/6478/6478
f 5845/5845/5845 5945/5945/5945 6462/6462/6462
f 6119/6119/6119 5856/5856/5856 5848/5848/5848
f 6469/6469/6469 6130/6130/6130 5972/5972/5972
f 6290/6290/6290 6253/6253/6253 6504/6504/6504
f 6481/6481/6481 6256/6256/6256 6302/6302/6302
f 6507/6507/6507 6273/6273/6273 6295/6295/6295
f 6506/6506/6506 5870/5870/5870 6276/6276/6276
f 6500/6500/6500 6283/6283/6283 6286/6286/6286
f 5853/5853/5853 6477/6477/6477 6300/6300/6300
f 6494/6494/6494 6518/6518/6518 5873/5873/5873
f 6495/6495/6495 6292/6292/6292 6513/6513/6513
f 6099/6099/6099 6258/6258/6258 5869/5869/5869
f 6260/6260/6260 6103/6103/6103 6266/6266/6266
f 5783/5783/5783 6268/6268/6268 6460/6460/6460
f 6118/6118/6118 5750/5750/5750 5785/5785/5785
f 6117/6117/6117 5768/5768/5768 5787/5787/5787
f 6098/6098/6098 6456/6456/6456 6263/6263/6263
f 6512/6512/6512 6250/6250/6250 6122/6122/6122
f 9401/9401/9401 8249/8249/8249 8296/8296/8296
f 9464/9464/9464 7848/7848/7848 8247/8247/8247
f 6107/6107/6107 5774/5774/5774 6115/6115/6115
f 6105/6105/6105 6123/6123/6123 6017/6017/6017
f 6102/6102/6102 5769/5769/5769 5754/5754/5754
f 9423/9423/9423 8304/8304/8304 7842/7842/7842
f 9761/9761/9761 7879/7879/7879 8302/8302/8302
f 7867/7867/7867 9748/9748/9748 7847/7847/7847
f 9757/9757/9757 8245/8245/8245 7837/7837/7837
f 8227/8227/8227 8246/8246/8246 9740/9740/9740
f 9744/9744/9744 8269/8269/8269 8228/8228/8228
f 8271/8271/8271 9781/9781/9781 8263/8263/8263
f 6139/6139/6139 6129/6129/6129 6057/6057/6057
f 6138/6138/6138 6050/6050/6050 5989/5989/5989
f 6116/6116/6116 5981/5981/5981 6063/6063/6063
f 5990/5990/5990 6016/6016/6016 6128/6128/6128
f 6304/6304/6304 5965/5965/5965 5985/5985/5985
f 6308/6308/6308 5899/5899/5899 5966/5966/5966
f 5984/5984/5984 5980/5980/5980 6132/6132/6132
f 5756/5756/5756 6111/6111/6111 6010/6010/6010
f 5953/5953/5953 5903/5903/5903 6316/6316/6316
f 6315/6315/6315 5901/5901/5901 5968/5968/5968
f 5967/5967/5967 6339/6339/6339 6306/6306/6306
f 5961/5961/5961 5949/5949/5949 6378/6378/6378
f 5935/5935/5935 5931/5931/5931 6380/6380/6380
f 6385/6385/6385 5912/5912/5912 6000/6000/6000
f 6386/6386/6386 5924/5924/5924 5910/5910/5910
f 6381/6381/6381 5954/5954/5954 6312/6312/6312
f 6303/6303/6303 5982/5982/5982 6127/6127/6127
f 6188/6188/6188 6259/6259/6259 6108/6108/6108
f 7128/7128/7128 10635/10635/10635 10631/10631/10631
f 10630/10630/10630 11029/11029/11029 7127/7127/7127
f 10621/10621/10621 7139/7139/7139 10966/10966/10966
f 10964/10964/10964 7135/7135/7135 10944/10944/10944
f 10636/10636/10636 7137/7137/7137 10622/10622/10622
f 7132/7132/7132 11028/11028/11028 10999/10999/10999
f 11021/11021/11021 7152/7152/7152 10788/10788/10788
f 10789/10789/10789 7153/7153/7153 10775/10775/10775
f 7141/7141/7141 11024/11024/11024 10948/10948/10948
f 7094/7094/7094 10983/10983/10983 10973/10973/10973
f 7092/7092/7092 10356/10356/10356 10989/10989/10989
f 7145/7145/7145 10981/10981/10981 10784/10784/10784
f 7136/7136/7136 11030/11030/11030 10961/10961/10961
f 10617/10617/10617 10613/10613/10613 7113/7113/7113
f 9741/9741/9741 8256/8256/8256 9783/9783/9783
f 9784/9784/9784 8250/8250/8250 9406/9406/9406
f 9727/9727/9727 7922/7922/7922 8235/8235/8235
f 9706/9706/9706 9713/9713/9713 7910/7910/7910
f 9726/9726/9726 9704/9704/9704 7925/7925/7925
f 9725/9725/9725 8232/8232/8232 9739/9739/9739
f 9693/9693/9693 9745/9745/9745 7938/7938/7938
f 10364/10364/10364 10358/10358/10358 7140/7140/7140
f 9731/9731/9731 9698/9698/9698 7874/7874/7874
f 9722/9722/9722 9718/9718/9718 7855/7855/7855
f 9692/9692/9692 9723/9723/9723 7856/7856/7856
f 9758/9758/9758 9733/9733/9733 7937/7937/7937
f 9763/9763/9763 9699/9699/9699 7901/7901/7901
f 10623/10623/10623 7119/7119/7119 11019/11019/11019
f 10443/10443/10443 10451/10451/10451 7369/7369/7369
f 7375/7375/7375 10452/10452/10452 10459/10459/10459
f 10349/10349/10349 10366/10366/10366 7148/7148/7148
f 7374/7374/7374 10476/10476/10476 10423/10423/10423
f 10477/10477/10477 7384/7384/7384 10468/10468/10468
f 10077/10077/10077 10454/10454/10454 7386/7386/7386
f 10093/10093/10093 10114/10114/10114 7421/7421/7421
f 7398/7398/7398 10092/10092/10092 10106/10106/10106
f 7424/7424/7424 10136/10136/10136 10481/10481/10481
f 10184/10184/10184 7388/7388/7388 10179/10179/10179
f 10484/10484/10484 10178/10178/10178 7389/7389/7389
f 7387/7387/7387 10483/10483/10483 10177/10177/10177
f 10086/10086/10086 10091/10091/10091 7409/7409/7409
f 7403/7403/7403 10419/10419/10419 10130/10130/10130
f 10416/10416/10416 10399/10399/10399 7381/7381/7381
f 10384/10384/10384 10491/10491/10491 10391/10391/10391
f 7159/7159/7159 10400/10400/10400 10380/10380/10380
f 9679/9679/9679 9721/9721/9721 7870/7870/7870
f 9720/9720/9720 9705/9705/9705 8110/8110/8110
f 7134/7134/7134 10427/10427/10427 10371/10371/10371
f 7379/7379/7379 10407/10407/10407 10499/10499/10499
f 10405/10405/10405 7380/7380/7380 10447/10447/10447
f 10404/10404/10404 10412/10412/10412 10493/10493/10493
f 10381/10381/10381 10497/10497/10497 10422/10422/10422
f 10421/10421/10421 10498/10498/10498 10417/10417/10417
f 10414/10414/10414 10418/10418/10418 10394/10394/10394
f 7394/7394/7394 10446/10446/10446 10458/10458/10458
f 7395/7395/7395 10139/10139/10139 10450/10450/10450
f 10537/10537/10537 10124/10124/10124 7412/7412/7412
f 10629/10629/10629 7098/7098/7098 10634/10634/10634
f 9663/9663/9663 9678/9678/9678 7883/7883/7883
f 7930/7930/7930 9760/9760/9760 7909/7909/7909
f 9756/9756/9756 7923/7923/7923 7885/7885/7885
f 6348/6348/6348 5930/5930/5930 6366/6366/6366
f 7841/7841/7841 7911/7911/7911 9695/9695/9695
f 7899/7899/7899 9771/9771/9771 7895/7895/7895
f 6360/6360/6360 5900/5900/5900 6359/6359/6359
f 8290/8290/8290 9653/9653/9653 7872/7872/7872
f 9716/9716/9716 8103/8103/8103 8306/8306/8306
f 8307/8307/8307 7871/7871/7871 9724/9724/9724
f 8311/8311/8311 9750/9750/9750 8299/8299/8299
f 9712/9712/9712 8094/8094/8094 8105/8105/8105
f 9647/9647/9647 8117/8117/8117 8095/8095/8095
f 9702/9702/9702 8113/8113/8113 8116/8116/8116
f 9648/9648/9648 8093/8093/8093 9766/9766/9766
f 8096/8096/8096 9710/9710/9710 9764/9764/9764
f 5929/5929/5929 6394/6394/6394 5995/5995/5995
f 5957/5957/5957 5956/5956/5956 6395/6395/6395
f 5911/5911/5911 5994/5994/5994 6343/6343/6343
f 5688/5688/5688 6002/6002/6002 6344/6344/6344
f 6435/6435/6435 5708/5708/5708 5686/5686/5686
f 6436/6436/6436 5671/5671/5671 5710/5710/5710
f 5996/5996/5996 6341/6341/6341 6350/6350/6350
f 6440/6440/6440 5689/5689/5689 6349/6349/6349
f 6437/6437/6437 6444/6444/6444 5665/5665/5665
f 6447/6447/6447 5618/5618/5618 5666/5666/5666
f 5617/5617/5617 6446/6446/6446 5626/5626/5626
f 5676/5676/5676 5603/5603/5603 6423/6423/6423
f 6421/6421/6421 5663/5663/5663 5675/5675/5675
f 6489/6489/6489 5640/5640/5640 5680/5680/5680
f 5623/5623/5623 6439/6439/6439 6422/6422/6422
f 10287/10287/10287 8511/8511/8511 8102/8102/8102
f 10284/10284/10284 8108/8108/8108 9711/9711/9711
f 8494/8494/8494 8505/8505/8505 9953/9953/9953
f 8496/8496/8496 10324/10324/10324 8528/8528/8528
f 10325/10325/10325 8499/8499/8499 9954/9954/9954
f 8510/8510/8510 10285/10285/10285 9955/9955/9955
f 10011/10011/10011 8516/8516/8516 10322/10322/10322
f 9977/9977/9977 9966/9966/9966 8523/8523/8523
f 10024/10024/10024 8522/8522/8522 8535/8535/8535
f 10022/10022/10022 8130/8130/8130 9964/9964/9964
f 9965/9965/9965 8134/8134/8134 8504/8504/8504
f 8128/8128/8128 10023/10023/10023 9949/9949/9949
f 8160/8160/8160 9947/9947/9947 9890/9890/9890
f 10294/10294/10294 8532/8532/8532 10333/10333/10333
f 6485/6485/6485 5728/5728/5728 5638/5638/5638
f 6412/6412/6412 5649/5649/5649 6403/6403/6403
f 6488/6488/6488 6400/6400/6400 5727/5727/5727
f 5722/5722/5722 6397/6397/6397 5713/5713/5713
f 5643/5643/5643 5712/5712/5712 6454/6454/6454
f 6407/6407/6407 6072/6072/6072 5613/5613/5613
f 6418/6418/6418 5657/5657/5657 6415/6415/6415
f 6408/6408/6408 6083/6083/6083 5630/5630/5630
f 8156/8156/8156 8126/8126/8126 10012/10012/10012
f 8132/8132/8132 10021/10021/10021 8125/8125/8125
f 6037/6037/6037 6033/6033/6033 6857/6857/6857
f 6081/6081/6081 6851/6851/6851 6048/6048/6048
f 6852/6852/6852 6079/6079/6079 6039/6039/6039
f 6032/6032/6032 6399/6399/6399 6842/6842/6842
f 8142/8142/8142 8152/8152/8152 10312/10312/10312
f 8141/8141/8141 10311/10311/10311 10305/10305/10305
f 8098/8098/8098 9762/9762/9762 9769/9769/9769
f 8165/8165/8165 9422/9422/9422 9426/9426/9426
f 10609/10609/10609 10562/10562/10562 7430/7430/7430
f 9182/9182/9182 8819/8819/8819 9209/9209/9209
f 9616/9616/9616 9210/9210/9210 8904/8904/8904
f 9184/9184/9184 9638/9638/9638 8818/8818/8818
f 9279/9279/9279 9613/9613/9613 8903/8903/8903
f 9179/9179/9179 9212/9212/9212 9615/9615/9615
f 8922/8922/8922 8907/8907/8907 9323/9323/9323
f 8908/8908/8908 9259/9259/9259 9282/9282/9282
f 9262/9262/9262 8905/8905/8905 8893/8893/8893
f 9255/9255/9255 8892/8892/8892 9267/9267/9267
f 9266/9266/9266 8894/8894/8894 8882/8882/8882
f 8897/8897/8897 9246/9246/9246 9302/9302/9302
f 9270/9270/9270 8884/8884/8884 9309/9309/9309
f 9308/9308/9308 8896/8896/8896 8885/8885/8885
f 8906/8906/8906 9283/9283/9283 9326/9326/9326
f 6870/6870/6870 10834/10834/10834 10739/10739/10739
f 6879/6879/6879 10826/10826/10826 10979/10979/10979
f 6874/6874/6874 10751/10751/10751 6887/6887/6887
f 6897/6897/6897 10992/10992/10992 6910/6910/6910
f 6896/6896/6896 6884/6884/6884 10748/10748/10748
f 10993/10993/10993 6894/6894/6894 10976/10976/10976
f 7258/7258/7258 10956/10956/10956 10971/10971/10971
f 10974/10974/10974 11065/11065/11065 7282/7282/7282
f 11063/11063/11063 11073/11073/11073 7270/7270/7270
f 11075/11075/11075 6876/6876/6876 7273/7273/7273
f 7254/7254/7254 6909/6909/6909 10958/10958/10958
f 7271/7271/7271 7283/7283/7283 11064/11064/11064
f 7253/7253/7253 10965/10965/10965 7251/7251/7251
f 11042/11042/11042 6941/6941/6941 10985/10985/10985
f 6890/6890/6890 10831/10831/10831 10754/10754/10754
f 9305/9305/9305 8900/8900/8900 9303/9303/9303
f 9301/9301/9301 8898/8898/8898 8886/8886/8886
f 9243/9243/9243 9304/9304/9304 8865/8865/8865
f 8805/8805/8805 8949/8949/8949 8956/8956/8956
f 8957/8957/8957 9252/9252/9252 9230/9230/9230
f 8869/8869/8869 9250/9250/9250 8889/8889/8889
f 8807/8807/8807 8790/8790/8790 8975/8975/8975
f 8976/8976/8976 8792/8792/8792 8944/8944/8944
f 8943/8943/8943 8778/8778/8778 8785/8785/8785
f 8941/8941/8941 8974/8974/8974 8808/8808/8808
f 8770/8770/8770 8945/8945/8945 8909/8909/8909
f 8936/8936/8936 8788/8788/8788 8910/8910/8910
f 8779/8779/8779 8933/8933/8933 8866/8866/8866
f 6873/6873/6873 11001/11001/11001 7452/7452/7452
f 7451/7451/7451 11000/11000/11000 11012/11012/11012
f 7485/7485/7485 7450/7450/7450 11309/11309/11309
f 7484/7484/7484 11315/11315/11315 7520/7520/7520
f 11314/11314/11314 7448/7448/7448 11308/11308/11308
f 7466/7466/7466 11014/11014/11014 11297/11297/11297
f 10987/10987/10987 6899/6899/6899 11061/11061/11061
f 7511/7511/7511 11066/11066/11066 7495/7495/7495
f 11067/11067/11067 11077/11077/11077 7504/7504/7504
f 11328/11328/11328 7002/7002/7002 11074/11074/11074
f 7502/7502/7502 11076/11076/11076 7030/7030/7030
f 7024/7024/7024 11249/11249/11249 7482/7482/7482
f 11321/11321/11321 11250/11250/11250 7027/7027/7027
f 7483/7483/7483 11251/11251/11251 11320/11320/11320
f 11071/11071/11071 7524/7524/7524 11303/11303/11303
f 8767/8767/8767 8912/8912/8912 8795/8795/8795
f 9269/9269/9269 8890/8890/8890 8878/8878/8878
f 10669/10669/10669 7786/7786/7786 7813/7813/7813
f 10728/10728/10728 7791/7791/7791 7787/7787/7787
f 7816/7816/7816 10687/10687/10687 7817/7817/7817
f 7828/7828/7828 10661/10661/10661 7832/7832/7832
f 7829/7829/7829 10250/10250/10250 7821/7821/7821
f 7836/7836/7836 7442/7442/7442 10346/10346/10346
f 9984/9984/9984 7333/7333/7333 7344/7344/7344
f 9986/9986/9986 7348/7348/7348 10030/10030/10030
f 7349/7349/7349 7306/7306/7306 10050/10050/10050
f 10398/10398/10398 7812/7812/7812 7320/7320/7320
f 7313/7313/7313 7357/7357/7357 10431/10431/10431
f 7346/7346/7346 10360/10360/10360 7335/7335/7335
f 7798/7798/7798 7793/7793/7793 10385/10385/10385
f 7300/7300/7300 7321/7321/7321 10066/10066/10066
f 9992/9992/9992 7331/7331/7331 10029/10029/10029
f 10671/10671/10671 10681/10681/10681 7783/7783/7783
f 10354/10354/10354 10673/10673/10673 7805/7805/7805
f 10439/10439/10439 10344/10344/10344 7790/7790/7790
f 10729/10729/10729 10732/10732/10732 7789/7789/7789
f 10338/10338/10338 7788/7788/7788 10733/10733/10733
f 10679/10679/10679 10674/10674/10674 7802/7802/7802
f 10372/10372/10372 10426/10426/10426 7332/7332/7332
f 9988/9988/9988 10357/10357/10357 7342/7342/7342
f 10367/10367/10367 7334/7334/7334 10387/10387/10387
f 10393/10393/10393 10403/10403/10403 7818/7818/7818
f 10432/10432/10432 10492/10492/10492 7328/7328/7328
f 10392/10392/10392 7799/7799/7799 10496/10496/10496
f 10429/10429/10429 10430/10430/10430 7325/7325/7325
f 10350/10350/10350 7811/7811/7811 10408/10408/10408
f 7825/7825/7825 10340/10340/10340 10345/10345/10345
f 7413/7413/7413 9803/9803/9803 7407/7407/7407
f 9812/9812/9812 7408/7408/7408 7426/7426/7426
f 10074/10074/10074 7327/7327/7327 7425/7425/7425
f 9815/9815/9815 7423/7423/7423 7397/7397/7397
f 10033/10033/10033 7307/7307/7307 7314/7314/7314
f 7365/7365/7365 9791/9791/9791 7410/7410/7410
f 7445/7445/7445 7462/7462/7462 11295/11295/11295
f 7517/7517/7517 7470/7470/7470 11304/11304/11304
f 7995/7995/7995 9809/9809/9809 7405/7405/7405
f 7673/7673/7673 7371/7371/7371 7378/7378/7378
f 7363/7363/7363 7372/7372/7372 9817/9817/9817
f 7364/7364/7364 9818/9818/9818 7362/7362/7362
f 7641/7641/7641 8059/8059/8059 7390/7390/7390
f 10068/10068/10068 7292/7292/7292 10017/10017/10017
f 10031/10031/10031 10027/10027/10027 7343/7343/7343
f 7293/7293/7293 10026/10026/10026 10032/10032/10032
f 10053/10053/10053 7358/7358/7358 9820/9820/9820
f 9813/9813/9813 10073/10073/10073 7399/7399/7399
f 9991/9991/9991 7326/7326/7326 10043/10043/10043
f 9822/9822/9822 7298/7298/7298 10058/10058/10058
f 9850/9850/9850 9793/9793/9793 7368/7368/7368
f 7537/7537/7537 10070/10070/10070 10051/10051/10051
f 10052/10052/10052 9805/9805/9805 8020/8020/8020
f 7535/7535/7535 10072/10072/10072 10036/10036/10036
f 7547/7547/7547 10142/10142/10142 10148/10148/10148
f 10147/10147/10147 10075/10075/10075 7549/7549/7549
f 10040/10040/10040 10076/10076/10076 7571/7571/7571
f 9807/9807/9807 7411/7411/7411 9808/9808/9808
f 7636/7636/7636 7624/7624/7624 7640/7640/7640
f 10034/10034/10034 7295/7295/7295 7347/7347/7347
f 11296/11296/11296 7455/7455/7455 11302/11302/11302
f 7435/7435/7435 7833/7833/7833 10647/10647/10647
f 8952/8952/8952 8802/8802/8802 8929/8929/8929
f 8780/8780/8780 8971/8971/8971 8798/8798/8798
f 8927/8927/8927 8955/8955/8955 8806/8806/8806
f 8793/8793/8793 8688/8688/8688 8667/8667/8667
f 8668/8668/8668 8934/8934/8934 8794/8794/8794
f 8777/8777/8777 8809/8809/8809 8953/8953/8953
f 11324/11324/11324 7514/7514/7514 11300/11300/11300
f 8797/8797/8797 8776/8776/8776 8692/8692/8692
f 8691/8691/8691 8774/8774/8774 8719/8719/8719
f 8715/8715/8715 8775/8775/8775 9202/9202/9202
f 8672/8672/8672 8721/8721/8721 9201/9201/9201
f 9193/9193/9193 9005/9005/9005 8661/8661/8661
f 8662/8662/8662 8675/8675/8675 9232/9232/9232
f 9233/9233/9233 8717/8717/8717 9204/9204/9204
f 8787/8787/8787 8959/8959/8959 8804/8804/8804
f 7503/7503/7503 11258/11258/11258 7007/7007/7007
f 7005/7005/7005 11248/11248/11248 11311/11311/11311
f 7481/7481/7481 7008/7008/7008 11310/11310/11310
f 10889/10889/10889 7461/7461/7461 7488/7488/7488
f 7471/7471/7471 7033/7033/7033 11317/11317/11317
f 11316/11316/11316 7032/7032/7032 11319/11319/11319
f 7516/7516/7516 11325/11325/11325 11252/11252/11252
f 10895/10895/10895 10896/10896/10896 7460/7460/7460
f 11255/11255/11255 7456/7456/7456 10898/10898/10898
f 6992/6992/6992 7459/7459/7459 11256/11256/11256
f 7011/7011/7011 6999/6999/6999 11263/11263/11263
f 10921/10921/10921 7013/7013/7013 11266/11266/11266
f 7010/7010/7010 10915/10915/10915 7018/7018/7018
f 7000/7000/7000 11257/11257/11257 11265/11265/11265
f 10894/10894/10894 7472/7472/7472 11318/11318/11318
f 8985/8985/8985 9223/9223/9223 9004/9004/9004
f 9006/9006/9006 9222/9222/9222 9192/9192/9192
f 8994/8994/8994 9001/9001/9001 9194/9194/9194
f 8821/8821/8821 9052/9052/9052 9129/9129/9129
f 9127/9127/9127 8682/8682/8682 9195/9195/9195
f 9196/9196/9196 8683/8683/8683 9225/9225/9225
f 9236/9236/9236 8720/8720/8720 9203/9203/9203
f 8820/8820/8820 9218/9218/9218 9059/9059/9059
f 9057/9057/9057 9216/9216/9216 9068/9068/9068
f 9100/9100/9100 9214/9214/9214 8832/8832/8832
f 9067/9067/9067 9215/9215/9215 9098/9098/9098
f 9046/9046/9046 9126/9126/9126 8701/8701/8701
f 9047/9047/9047 9097/9097/9097 8826/8826/8826
f 9080/9080/9080 9092/9092/9092 9207/9207/9207
f 9191/9191/9191 9121/9121/9121 9220/9220/9220
f 10920/10920/10920 7006/7006/7006 7020/7020/7020
f 8703/8703/8703 9054/9054/9054 9082/9082/9082
f 10899/10899/10899 10906/10906/10906 7031/7031/7031
f 10905/10905/10905 11291/11291/11291 6796/6796/6796
f 10897/10897/10897 7001/7001/7001 10916/10916/10916
f 10922/10922/10922 7026/7026/7026 10912/10912/10912
f 8730/8730/8730 9075/9075/9075 9101/9101/9101
f 9074/9074/9074 8746/8746/8746 8731/8731/8731
f 8743/8743/8743 9087/9087/9087 9134/9134/9134
f 9162/9162/9162 9102/9102/9102 9145/9145/9145
f 9161/9161/9161 9142/9142/9142 9133/9133/9133
f 9113/9113/9113 9106/9106/9106 9167/9167/9167
f 9146/9146/9146 9115/9115/9115 9166/9166/9166
f 9048/9048/9048 9120/9120/9120 9079/9079/9079
f 6784/6784/6784 11294/11294/11294 10931/10931/10931
f 8046/8046/8046 7626/7626/7626 8031/8031/8031
f 7616/7616/7616 7642/7642/7642 8033/8033/8033
f 8006/8006/8006 8023/8023/8023 7635/7635/7635
f 8026/8026/8026 8005/8005/8005 7668/7668/7668
f 7645/7645/7645 7639/7639/7639 8011/8011/8011
f 7681/7681/7681 7679/7679/7679 8035/8035/8035
f 7684/7684/7684 7422/7422/7422 7691/7691/7691
f 7478/7478/7478 10900/10900/10900 6792/6792/6792
f 9789/9789/9789 8073/8073/8073 8063/8063/8063
f 8060/8060/8060 7672/7672/7672 10045/10045/10045
f 8074/8074/8074 7414/7414/7414 7685/7685/7685
f 7415/7415/7415 7676/7676/7676 7689/7689/7689
f 8069/8069/8069 7675/7675/7675 10044/10044/10044
f 7586/7586/7586 9802/9802/9802 7569/7569/7569
f 7576/7576/7576 9800/9800/9800 7582/7582/7582
f 9810/9810/9810 7591/7591/7591 7563/7563/7563
f 7564/7564/7564 7555/7555/7555 9849/9849/9849
f 7601/7601/7601 9845/9845/9845 7592/7592/7592
f 7568/7568/7568 9804/9804/9804 7572/7572/7572
f 10166/10166/10166 7584/7584/7584 7613/7613/7613
f 10167/10167/10167 7614/7614/7614 7631/7631/7631
f 10156/10156/10156 10164/10164/10164 7628/7628/7628
f 10155/10155/10155 7623/7623/7623 7643/7643/7643
f 7595/7595/7595 10149/10149/10149 7644/7644/7644
f 7629/7629/7629 7625/7625/7625 10157/10157/10157
f 7567/7567/7567 7581/7581/7581 10169/10169/10169
f 7585/7585/7585 10041/10041/10041 7667/7667/7667
f 8010/8010/8010 8043/8043/8043 8039/8039/8039
f 11290/11290/11290 6806/6806/6806 6775/6775/6775
f 6777/6777/6777 6800/6800/6800 11283/11283/11283
f 6804/6804/6804 6805/6805/6805 11282/11282/11282
f 11202/11202/11202 6765/6765/6765 6829/6829/6829
f 11189/11189/11189 6789/6789/6789 6739/6739/6739
f 6737/6737/6737 6763/6763/6763 11119/11119/11119
f 6808/6808/6808 10918/10918/10918 11284/11284/11284
f 11193/11193/11193 11121/11121/11121 6762/6762/6762
f 11496/11496/11496 6744/6744/6744 11194/11194/11194
f 6767/6767/6767 11506/11506/11506 11211/11211/11211
f 11200/11200/11200 6795/6795/6795 6778/6778/6778
f 11199/11199/11199 11196/11196/11196 6779/6779/6779
f 6791/6791/6791 11497/11497/11497 11201/11201/11201
f 11191/11191/11191 6814/6814/6814 10901/10901/10901
f 6733/6733/6733 11195/11195/11195 11126/11126/11126
f 6797/6797/6797 11197/11197/11197 6734/6734/6734
f 6752/6752/6752 6748/6748/6748 11115/11115/11115
f 11125/11125/11125 6745/6745/6745 6731/6731/6731
f 11107/11107/11107 11124/11124/11124 6750/6750/6750
f 11151/11151/11151 6732/6732/6732 6758/6758/6758
f 11233/11233/11233 6697/6697/6697 6757/6757/6757
f 6755/6755/6755 6751/6751/6751 11169/11169/11169
f 6728/6728/6728 11106/11106/11106 11095/11095/11095
f 11098/11098/11098 11150/11150/11150 6738/6738/6738
f 11165/11165/11165 6749/6749/6749 11149/11149/11149
f 11164/11164/11164 11239/11239/11239 6711/6711/6711
f 11216/11216/11216 6684/6684/6684 11155/11155/11155
f 6702/6702/6702 6685/6685/6685 11217/11217/11217
f 11241/11241/11241 11158/11158/11158 6706/6706/6706
f 11100/11100/11100 11116/11116/11116 6742/6742/6742
f 6820/6820/6820 11285/11285/11285 10902/10902/10902
f 10217/10217/10217 7606/7606/7606 7618/7618/7618
f 11228/11228/11228 6716/6716/6716 11242/11242/11242
f 10248/10248/10248 7807/7807/7807 10241/10241/10241
f 7819/7819/7819 10658/10658/10658 10242/10242/10242
f 7803/7803/7803 10684/10684/10684 10731/10731/10731
f 10683/10683/10683 7804/7804/7804 10255/10255/10255
f 10247/10247/10247 10257/10257/10257 7797/7797/7797
f 10648/10648/10648 7806/7806/7806 10730/10730/10730
f 10666/10666/10666 10672/10672/10672 7551/7551/7551
f 10402/10402/10402 10353/10353/10353 7552/7552/7552
f 10670/10670/10670 7556/7556/7556 10355/10355/10355
f 10660/10660/10660 7548/7548/7548 10343/10343/10343
f 10726/10726/10726 10737/10737/10737 7541/7541/7541
f 10339/10339/10339 7538/7538/7538 10736/10736/10736
f 10676/10676/10676 10727/10727/10727 7534/7534/7534
f 10659/10659/10659 10662/10662/10662 7800/7800/7800
f 10235/10235/10235 10243/10243/10243 7796/7796/7796
f 10587/10587/10587 7794/7794/7794 10245/10245/10245
f 7827/7827/7827 10584/10584/10584 10588/10588/10588
f 8472/8472/8472 9981/9981/9981 9945/9945/9945
f 8475/8475/8475 8488/8488/8488 9972/9972/9972
f 10650/10650/10650 10657/10657/10657 7785/7785/7785
f 7747/7747/7747 9987/9987/9987 10334/10334/10334
f 7939/7939/7939 10299/10299/10299 10365/10365/10365
f 7751/7751/7751 10328/10328/10328 10295/10295/10295
f 8484/8484/8484 9963/9963/9963 10062/10062/10062
f 7757/7757/7757 10055/10055/10055 10006/10006/10006
f 8470/8470/8470 10067/10067/10067 10056/10056/10056
f 10008/10008/10008 9999/9999/9999 7760/7760/7760
f 8477/8477/8477 9974/9974/9974 9968/9968/9968
f 10440/10440/10440 7557/7557/7557 10437/10437/10437
f 7918/7918/7918 10275/10275/10275 10219/10219/10219
f 8221/8221/8221 10262/10262/10262 10269/10269/10269
f 8285/8285/8285 9884/9884/9884 10282/10282/10282
f 8190/8190/8190 10196/10196/10196 10192/10192/10192
f 8264/8264/8264 10281/10281/10281 10195/10195/10195
f 10193/10193/10193 10258/10258/10258 8219/8219/8219
f 10210/10210/10210 10271/10271/10271 7603/7603/7603
f 7882/7882/7882 10165/10165/10165 10173/10173/10173
f 10170/10170/10170 10208/10208/10208 7612/7612/7612
f 7926/7926/7926 10223/10223/10223 10225/10225/10225
f 8309/8309/8309 10226/10226/10226 10150/10150/10150
f 7898/7898/7898 10222/10222/10222 10229/10229/10229
f 10151/10151/10151 10161/10161/10161 8268/8268/8268
f 7880/7880/7880 10682/10682/10682 10688/10688/10688
f 7713/7713/7713 9889/9889/9889 10309/10309/10309
f 7705/7705/7705 10020/10020/10020 9887/9887/9887
f 7779/7779/7779 10290/10290/10290 10014/10014/10014
f 7708/7708/7708 9976/9976/9976 9942/9942/9942
f 7942/7942/7942 10013/10013/10013 9975/9975/9975
f 9944/9944/9944 9946/9946/9946 7721/7721/7721
f 7726/7726/7726 9894/9894/9894 7743/7743/7743
f 8242/8242/8242 10375/10375/10375 10361/10361/10361
f 7739/7739/7739 9919/9919/9919 10376/10376/10376
f 9906/9906/9906 7734/7734/7734 9891/9891/9891
f 7730/7730/7730 9920/9920/9920 7738/7738/7738
f 7740/7740/7740 9921/9921/9921 9918/9918/9918
f 9917/9917/9917 7718/7718/7718 7737/7737/7737
f 8224/8224/8224 10368/10368/10368 10283/10283/10283
f 10336/10336/10336 10335/10335/10335 7915/7915/7915
f 10276/10276/10276 7997/7997/7997 10265/10265/10265
f 7714/7714/7714 9888/9888/9888 7746/7746/7746
f 7771/7771/7771 9996/9996/9996 7754/7754/7754
f 7772/7772/7772 10005/10005/10005 7781/7781/7781
f 8062/8062/8062 8471/8471/8471 10069/10069/10069
f 8068/8068/8068 10028/10028/10028 7774/7774/7774
f 9983/9983/9983 8476/8476/8476 8055/8055/8055
f 7765/7765/7765 9951/9951/9951 7927/7927/7927
f 7766/7766/7766 7756/7756/7756 9952/9952/9952
f 6351/6351/6351 6448/6448/6448 5863/5863/5863
f 5939/5939/5939 6393/6393/6393 5844/5844/5844
f 6449/6449/6449 6340/6340/6340 5941/5941/5941
f 6342/6342/6342 6434/6434/6434 5843/5843/5843
f 8047/8047/8047 10001/10001/10001 8048/8048/8048
f 6356/6356/6356 6363/6363/6363 5861/5861/5861
f 6564/6564/6564 6568/6568/6568 5923/5923/5923
f 6519/6519/6519 6566/6566/6566 5908/5908/5908
f 5707/5707/5707 6521/6521/6521 5909/5909/5909
f 5922/5922/5922 5928/5928/5928 6567/6567/6567
f 5895/5895/5895 5926/5926/5926 6571/6571/6571
f 6570/6570/6570 6365/6365/6365 5894/5894/5894
f 5706/5706/5706 6573/6573/6573 6523/6523/6523
f 5879/5879/5879 6425/6425/6425 6372/6372/6372
f 5866/5866/5866 6361/6361/6361 5944/5944/5944
f 6438/6438/6438 5946/5946/5946 5868/5868/5868
f 6391/6391/6391 5889/5889/5889 5880/5880/5880
f 5896/5896/5896 6362/6362/6362 5890/5890/5890
f 5833/5833/5833 5891/5891/5891 6357/6357/6357
f 5882/5882/5882 6358/6358/6358 6392/6392/6392
f 6352/6352/6352 5919/5919/5919 5906/5906/5906
f 6430/6430/6430 6432/6432/6432 5842/5842/5842
f 10010/10010/10010 7733/7733/7733 7723/7723/7723
f 9938/9938/9938 7724/7724/7724 7920/7920/7920
f 7924/7924/7924 7933/7933/7933 9967/9967/9967
f 6859/6859/6859 6849/6849/6849 6038/6038/6038
f 7941/7941/7941 7919/7919/7919 10286/10286/10286
f 7719/7719/7719 7729/7729/7729 10025/10025/10025
f 5631/5631/5631 7072/7072/7072 7061/7061/7061
f 6064/6064/6064 6844/6844/6844 6089/6089/6089
f 5734/5734/5734 7086/7086/7086 7081/7081/7081
f 5637/5637/5637 6846/6846/6846 7090/7090/7090
f 7077/7077/7077 7069/7069/7069 5611/5611/5611
f 7912/7912/7912 10323/10323/10323 7897/7897/7897
f 6837/6837/6837 6841/6841/6841 6069/6069/6069
f 6252/6252/6252 6416/6416/6416 6285/6285/6285
f 6287/6287/6287 6417/6417/6417 6450/6450/6450
f 6298/6298/6298 6413/6413/6413 6419/6419/6419
f 6420/6420/6420 5849/5849/5849 5859/5859/5859
f 5937/5937/5937 6487/6487/6487 5839/5839/5839
f 5851/5851/5851 5857/5857/5857 6411/6411/6411
f 6451/6451/6451 6453/6453/6453 6284/6284/6284
f 6404/6404/6404 5841/5841/5841 6429/6429/6429
f 6850/6850/6850 6059/6059/6059 6034/6034/6034
f 6848/6848/6848 6853/6853/6853 6054/6054/6054
f 6052/6052/6052 6856/6856/6856 6085/6085/6085
f 6835/6835/6835 5639/5639/5639 6068/6068/6068
f 6424/6424/6424 6281/6281/6281 6251/6251/6251
f 6282/6282/6282 6396/6396/6396 6294/6294/6294
f 6293/6293/6293 6398/6398/6398 6078/6078/6078
f 6843/6843/6843 6082/6082/6082 6410/6410/6410
f 7087/7087/7087 6664/6664/6664 5627/5627/5627
f 7717/7717/7717 7722/7722/7722 10303/10303/10303
f 7858/7858/7858 8292/8292/8292 10249/10249/10249
f 10244/10244/10244 8295/8295/8295 8310/8310/8310
f 7854/7854/7854 7869/7869/7869 10253/10253/10253
f 8146/8146/8146 10689/10689/10689 8180/8180/8180
f 8163/8163/8163 8164/8164/8164 10221/10221/10221
f 10228/10228/10228 8297/8297/8297 8154/8154/8154
f 8143/8143/8143 10685/10685/10685 8138/8138/8138
f 8253/8253/8253 10277/10277/10277 8261/8261/8261
f 8215/8215/8215 10279/10279/10279 8259/8259/8259
f 8239/8239/8239 10267/10267/10267 8222/8222/8222
f 10252/10252/10252 8234/8234/8234 7839/7839/7839
f 6928/6928/6928 6883/6883/6883 5376/5376/5376
f 8260/8260/8260 10185/10185/10185 8027/8027/8027
f 10291/10291/10291 8203/8203/8203 8217/8217/8217
f 8218/8218/8218 8183/8183/8183 10326/10326/10326
f 7764/7764/7764 10289/10289/10289 8205/8205/8205
f 8187/8187/8187 8199/8199/8199 10288/10288/10288
f 10690/10690/10690 8144/8144/8144 8210/8210/8210
f 6863/6863/6863 7284/7284/7284 5447/5447/5447
f 7275/7275/7275 6920/6920/6920 5279/5279/5279
f 7280/7280/7280 7278/7278/7278 5489/5489/5489
f 5410/5410/5410 7062/7062/7062 7055/7055/7055
f 7050/7050/7050 6875/6875/6875 5542/5542/5542
f 5431/5431/5431 7040/7040/7040 7056/7056/7056
f 6867/6867/6867 5440/5440/5440 6871/6871/6871
f 5389/5389/5389 6667/6667/6667 7088/7088/7088
f 6929/6929/6929 5374/5374/5374 6912/6912/6912
f 8030/8030/8030 8016/8016/8016 10270/10270/10270
f 6770/6770/6770 6781/6781/6781 11101/11101/11101
f 6989/6989/6989 6771/6771/6771 11157/11157/11157
f 6963/6963/6963 6955/6955/6955 11245/11245/11245
f 6968/6968/6968 6960/6960/6960 11160/11160/11160
f 6974/6974/6974 6969/6969/6969 11213/11213/11213
f 6954/6954/6954 11230/11230/11230 6957/6957/6957
f 11152/11152/11152 11167/11167/11167 6947/6947/6947
f 11238/11238/11238 6949/6949/6949 11170/11170/11170
f 11240/11240/11240 11231/11231/11231 6942/6942/6942
f 11214/11214/11214 6953/6953/6953 11221/11221/11221
f 6939/6939/6939 11215/11215/11215 10868/10868/10868
f 11236/11236/11236 11225/11225/11225 6978/6978/6978
f 11099/11099/11099 11159/11159/11159 6790/6790/6790
f 6937/6937/6937 10866/10866/10866 6924/6924/6924
f 7277/7277/7277 5448/5448/5448 5460/5460/5460
f 11203/11203/11203 6935/6935/6935 6931/6931/6931
f 10863/10863/10863 6913/6913/6913 6934/6934/6934
f 6864/6864/6864 5441/5441/5441 5532/5532/5532
f 6866/6866/6866 5470/5470/5470 5476/5476/5476
f 5450/5450/5450 5457/5457/5457 6891/6891/6891
f 6966/6966/6966 11223/11223/11223 6956/6956/6956
f 6911/6911/6911 11207/11207/11207 6918/6918/6918
f 10864/10864/10864 11205/11205/11205 6908/6908/6908
f 5303/5303/5303 6919/6919/6919 11206/11206/11206
f 5310/5310/5310 6936/6936/6936 5308/5308/5308
f 6895/6895/6895 5280/5280/5280 5481/5481/5481
f 6923/6923/6923 5377/5377/5377 5298/5298/5298
f 5373/5373/5373 6900/6900/6900 5309/5309/5309
f 10869/10869/10869 6932/6932/6932 11218/11218/11218
f 11227/11227/11227 11219/11219/11219 6945/6945/6945
f 11120/11120/11120 11114/11114/11114 6798/6798/6798
f 7075/7075/7075 5539/5539/5539 5463/5463/5463
f 5517/5517/5517 6736/6736/6736 6764/6764/6764
f 5523/5523/5523 6712/6712/6712 6740/6740/6740
f 6704/6704/6704 6729/6729/6729 5740/5740/5740
f 5580/5580/5580 6718/6718/6718 6708/6708/6708
f 5741/5741/5741 6715/6715/6715 5510/5510/5510
f 6707/6707/6707 6701/6701/6701 5582/5582/5582
f 6046/6046/6046 6618/6618/6618 6606/6606/6606
f 6067/6067/6067 6619/6619/6619 6638/6638/6638
f 6051/6051/6051 6611/6611/6611 7082/7082/7082
f 6040/6040/6040 6730/6730/6730 6636/6636/6636
f 6025/6025/6025 6593/6593/6593 6616/6616/6616
f 5658/5658/5658 6598/6598/6598 6594/6594/6594
f 6613/6613/6613 6603/6603/6603 6076/6076/6076
f 5557/5557/5557 6788/6788/6788 6743/6743/6743
f 5695/5695/5695 6713/6713/6713 6679/6679/6679
f 6655/6655/6655 5778/5778/5778 5703/5703/5703
f 6858/6858/6858 5652/5652/5652 5620/5620/5620
f 5653/5653/5653 6723/6723/6723 5673/5673/5673
f 5672/5672/5672 6682/6682/6682 5683/5683/5683
f 6673/6673/6673 6680/6680/6680 5692/5692/5692
f 5700/5700/5700 6687/6687/6687 6709/6709/6709
f 5737/5737/5737 6683/6683/6683 5696/5696/5696
f 5714/5714/5714 5691/5691/5691 6677/6677/6677
f 5711/5711/5711 6753/6753/6753 5738/5738/5738
f 5684/5684/5684 5777/5777/5777 6671/6671/6671
f 6688/6688/6688 5704/5704/5704 5685/5685/5685
f 6689/6689/6689 5736/5736/5736 5709/5709/5709
f 5739/5739/5739 6690/6690/6690 6720/6720/6720
f 6717/6717/6717 5742/5742/5742 5715/5715/5715
f 6599/6599/6599 6612/6612/6612 5485/5485/5485
f 5384/5384/5384 7074/7074/7074 7054/7054/7054
f 5397/5397/5397 7060/7060/7060 5422/5422/5422
f 5482/5482/5482 5729/5729/5729 6602/6602/6602
f 6610/6610/6610 5381/5381/5381 5487/5487/5487
f 5399/5399/5399 5382/5382/5382 7065/7065/7065
f 7067/7067/7067 7057/7057/7057 5402/5402/5402
f 7052/7052/7052 7047/7047/7047 5404/5404/5404
f 6658/6658/6658 5467/5467/5467 5437/5437/5437
f 5466/5466/5466 6659/6659/6659 5537/5537/5537
f 7048/7048/7048 6657/6657/6657 5436/5436/5436
f 7076/7076/7076 5387/5387/5387 5391/5391/5391
f 5386/5386/5386 7035/7035/7035 5385/5385/5385
f 5408/5408/5408 7051/7051/7051 5406/5406/5406
f 5462/5462/5462 6663/6663/6663 5540/5540/5540
f 7059/7059/7059 5445/5445/5445 5533/5533/5533
f 5559/5559/5559 6773/6773/6773 6041/6041/6041
f 6042/6042/6042 6761/6761/6761 5659/5659/5659
f 5529/5529/5529 6772/6772/6772 5554/5554/5554
f 6724/6724/6724 5519/5519/5519 5503/5503/5503
f 5546/5546/5546 6719/6719/6719 5545/5545/5545
f 5543/5543/5543 6783/6783/6783 5556/5556/5556
f 5514/5514/5514 6766/6766/6766 5509/5509/5509
f 7043/7043/7043 5636/5636/5636 6084/6084/6084
f 5629/5629/5629 7037/7037/7037 5730/5730/5730
f 6592/6592/6592 6086/6086/6086 6058/6058/6058
f 6075/6075/6075 6045/6045/6045 6585/6585/6585
f 6634/6634/6634 6031/6031/6031 6029/6029/6029
f 6635/6635/6635 6055/6055/6055 6030/6030/6030
f 6026/6026/6026 6580/6580/6580 6044/6044/6044
f 5726/5726/5726 7053/7053/7053 5607/5607/5607
f 7042/7042/7042 7073/7073/7073 5396/5396/5396
f 8075/8075/8075 10202/10202/10202 8056/8056/8056
f 8954/8954/8954 9350/9350/9350 9346/9346/9346
usemtl Default Material 4
f 3472/3472/3472 2782/2782/2782 2752/2752/2752
f 2773/2773/2773 3718/3718/3718 2753/2753/2753
f 2799/2799/2799 3733/3733/3733 2786/2786/2786
f 2785/2785/2785 3722/3722/3722 2783/2783/2783
f 2788/2788/2788 3771/3771/3771 2774/2774/2774
f 3483/3483/3483 2766/2766/2766 2754/2754/2754
f 2985/2985/2985 3001/3001/3001 3625/3625/3625
f 3608/3608/3608 2794/2794/2794 2986/2986/2986
f 3577/3577/3577 2991/2991/2991 2795/2795/2795
f 3438/3438/3438 3016/3016/3016 2843/2843/2843
f 2842/2842/2842 2834/2834/2834 3492/3492/3492
f 2835/2835/2835 2780/2780/2780 3761/3761/3761
f 2777/2777/2777 2779/2779/2779 3758/3758/3758
f 2790/2790/2790 2509/2509/2509 3765/3765/3765
f 2675/2675/2675 3903/3903/3903 2704/2704/2704
f 2671/2671/2671 2678/2678/2678 3706/3706/3706
f 2706/2706/2706 3399/3399/3399 2694/2694/2694
f 2680/2680/2680 2696/2696/2696 3938/3938/3938
f 2722/2722/2722 3589/3589/3589 2709/2709/2709
f 2700/2700/2700 3935/3935/3935 2750/2750/2750
f 2514/2514/2514 2715/2715/2715 3648/3648/3648
f 2723/2723/2723 2511/2511/2511 3767/3767/3767
f 3643/3643/3643 2714/2714/2714 2497/2497/2497
f 3676/3676/3676 2517/2517/2517 2536/2536/2536
f 3637/3637/3637 2498/2498/2498 2521/2521/2521
f 3675/3675/3675 2541/2541/2541 2749/2749/2749
f 2765/2765/2765 3939/3939/3939 2751/2751/2751
f 2697/2697/2697 3592/3592/3592 2716/2716/2716
f 3616/3616/3616 2793/2793/2793 3623/3623/3623
f 2886/2886/2886 2865/2865/2865 3572/3572/3572
f 2862/2862/2862 2881/2881/2881 3541/3541/3541
f 3442/3442/3442 2792/2792/2792 2980/2980/2980
f 3573/3573/3573 2747/2747/2747 2994/2994/2994
f 2877/2877/2877 2895/2895/2895 3626/3626/3626
f 2887/2887/2887 3578/3578/3578 2874/2874/2874
f 3517/3517/3517 2833/2833/2833 2871/2871/2871
f 3422/3422/3422 2873/2873/2873 2836/2836/2836
f 3243/3243/3243 2929/2929/2929 2872/2872/2872
f 3434/3434/3434 2856/2856/2856 3734/3734/3734
f 3619/3619/3619 3009/3009/3009 3597/3597/3597
f 3437/3437/3437 3590/3590/3590 3011/3011/3011
f 2857/2857/2857 2876/2876/2876 3494/3494/3494
f 3473/3473/3473 3480/3480/3480 2854/2854/2854
f 2504/2504/2504 3645/3645/3645 3670/3670/3670
f 2535/2535/2535 3673/3673/3673 3703/3703/3703
f 2682/2682/2682 3936/3936/3936 3693/3693/3693
f 2776/2776/2776 3905/3905/3905 3932/3932/3932
f 3904/3904/3904 2683/2683/2683 3696/3696/3696
f 2769/2769/2769 3929/3929/3929 3653/3653/3653
f 2798/2798/2798 3769/3769/3769 3714/3714/3714
f 2755/2755/2755 3772/3772/3772 3474/3474/3474
f 3770/3770/3770 2802/2802/2802 3781/3781/3781
f 2516/2516/2516 3705/3705/3705 3546/3546/3546
f 2989/2989/2989 3599/3599/3599 3615/3615/3615
f 3598/3598/3598 2503/2503/2503 3544/3544/3544
f 2801/2801/2801 3613/3613/3613 3601/3601/3601
f 3698/3698/3698 2545/2545/2545 3699/3699/3699
f 2984/2984/2984 3008/3008/3008 3435/3435/3435
f 3933/3933/3933 2721/2721/2721 3446/3446/3446
f 2809/2809/2809 2663/2663/2663 3804/3804/3804
f 2844/2844/2844 2808/2808/2808 3810/3810/3810
f 2685/2685/2685 3728/3728/3728 2667/2667/2667
f 2701/2701/2701 3737/3737/3737 2686/2686/2686
f 3742/3742/3742 3806/3806/3806 2665/2665/2665
f 2847/2847/2847 3713/3713/3713 2825/2825/2825
f 2803/2803/2803 3679/3679/3679 2598/2598/2598
f 2689/2689/2689 3738/3738/3738 3743/3743/3743
f 2510/2510/2510 2826/2826/2826 3401/3401/3401
f 3744/3744/3744 2690/2690/2690 2570/2570/2570
f 2567/2567/2567 2552/2552/2552 3664/3664/3664
f 3631/3631/3631 3663/3663/3663 2550/2550/2550
f 3745/3745/3745 2568/2568/2568 3633/3633/3633
f 3628/3628/3628 2557/2557/2557 2605/2605/2605
f 3652/3652/3652 2829/2829/2829 2850/2850/2850
f 2588/2588/2588 2612/2612/2612 3916/3916/3916
f 3634/3634/3634 2562/2562/2562 2584/2584/2584
f 2597/2597/2597 3680/3680/3680 2818/2818/2818
f 2265/2265/2265 3925/3925/3925 2594/2594/2594
f 2814/2814/2814 3820/3820/3820 2607/2607/2607
f 2601/2601/2601 2559/2559/2559 3669/3669/3669
f 2614/2614/2614 3821/3821/3821 3919/3919/3919
f 3636/3636/3636 2580/2580/2580 3918/3918/3918
f 2813/2813/2813 3686/3686/3686 3823/3823/3823
f 3790/3790/3790 3682/3682/3682 2482/2482/2482
f 3691/3691/3691 2589/2589/2589 3922/3922/3922
f 2288/2288/2288 3797/3797/3797 2254/2254/2254
f 3799/3799/3799 2291/2291/2291 3726/3726/3726
f 2560/2560/2560 3630/3630/3630 3662/3662/3662
f 3803/3803/3803 2600/2600/2600 3668/3668/3668
f 3671/3671/3671 3450/3450/3450 2591/2591/2591
f 3451/3451/3451 3402/3402/3402 2512/2512/2512
f 3808/3808/3808 3812/3812/3812 2811/2811/2811
f 3712/3712/3712 3649/3649/3649 2827/2827/2827
f 2848/2848/2848 3811/3811/3811 3710/3710/3710
f 3641/3641/3641 3651/3651/3651 2851/2851/2851
f 2515/2515/2515 3447/3447/3447 3711/3711/3711
f 1474/1474/1474 4917/4917/4917 4903/4903/4903
f 1457/1457/1457 4918/4918/4918 4872/4872/4872
f 1434/1434/1434 4858/4858/4858 4924/4924/4924
f 4863/4863/4863 1631/1631/1631 4908/4908/4908
f 4926/4926/4926 1449/1449/1449 4948/4948/4948
f 2712/2712/2712 2499/2499/2499 3445/3445/3445
f 1713/1713/1713 4874/4874/4874 4899/4899/4899
f 1717/1717/1717 4878/4878/4878 4875/4875/4875
f 3740/3740/3740 2308/2308/2308 3793/3793/3793
f 3796/3796/3796 2547/2547/2547 4107/4107/4107
f 3817/3817/3817 2310/2310/2310 3798/3798/3798
f 3747/3747/3747 2280/2280/2280 2311/2311/2311
f 1468/1468/1468 5200/5200/5200 4983/4983/4983
f 1488/1488/1488 4984/4984/4984 4975/4975/4975
f 5207/5207/5207 1479/1479/1479 5219/5219/5219
f 5183/5183/5183 1562/1562/1562 5179/5179/5179
f 5189/5189/5189 1561/1561/1561 5181/5181/5181
f 5177/5177/5177 1487/1487/1487 4985/4985/4985
f 4905/4905/4905 4900/4900/4900 1725/1725/1725
f 1549/1549/1549 4873/4873/4873 5188/5188/5188
f 1448/1448/1448 4947/4947/4947 4940/4940/4940
f 3640/3640/3640 2513/2513/2513 3672/3672/3672
f 4077/4077/4077 2571/2571/2571 4061/4061/4061
f 2952/2952/2952 3459/3459/3459 2961/2961/2961
f 3254/3254/3254 3175/3175/3175 2960/2960/2960
f 3496/3496/3496 3171/3171/3171 3176/3176/3176
f 3421/3421/3421 3157/3157/3157 3160/3160/3160
f 3411/3411/3411 2965/2965/2965 3155/3155/3155
f 3242/3242/3242 3149/3149/3149 2967/2967/2967
f 2764/2764/2764 3172/3172/3172 3719/3719/3719
f 3782/3782/3782 2928/2928/2928 2728/2728/2728
f 3493/3493/3493 2933/2933/2933 2927/2927/2927
f 3485/3485/3485 2934/2934/2934 2936/2936/2936
f 2756/2756/2756 3725/3725/3725 3776/3776/3776
f 3516/3516/3516 3146/3146/3146 3249/3249/3249
f 3177/3177/3177 3253/3253/3253 3736/3736/3736
f 2758/2758/2758 3727/3727/3727 2732/2732/2732
f 3500/3500/3500 3258/3258/3258 2966/2966/2966
f 2890/2890/2890 3620/3620/3620 3456/3456/3456
f 2860/2860/2860 3457/3457/3457 3526/3526/3526
f 3012/3012/3012 3403/3403/3403 3595/3595/3595
f 2727/2727/2727 3588/3588/3588 3441/3441/3441
f 3587/3587/3587 2759/2759/2759 3593/3593/3593
f 2724/2724/2724 3443/3443/3443 3433/3433/3433
f 2962/2962/2962 3455/3455/3455 3527/3527/3527
f 3424/3424/3424 3415/3415/3415 2964/2964/2964
f 3154/3154/3154 3461/3461/3461 3414/3414/3414
f 1283/1283/1283 5118/5118/5118 5011/5011/5011
f 5112/5112/5112 1275/1275/1275 5119/5119/5119
f 5105/5105/5105 5167/5167/5167 1277/1277/1277
f 3466/3466/3466 2889/2889/2889 3524/3524/3524
f 2926/2926/2926 3759/3759/3759 2941/2941/2941
f 3158/3158/3158 3161/3161/3161 3470/3470/3470
f 3034/3034/3034 3763/3763/3763 2917/2917/2917
f 3756/3756/3756 3386/3386/3386 2914/2914/2914
f 2976/2976/2976 3491/3491/3491 2944/2944/2944
f 2945/2945/2945 3508/3508/3508 3027/3027/3027
f 3748/3748/3748 3026/3026/3026 3505/3505/3505
f 2946/2946/2946 3476/3476/3476 3507/3507/3507
f 2918/2918/2918 3036/3036/3036 3339/3339/3339
f 3040/3040/3040 3351/3351/3351 3044/3044/3044
f 2902/2902/2902 2899/2899/2899 3392/3392/3392
f 2903/2903/2903 3315/3315/3315 2897/2897/2897
f 3389/3389/3389 3305/3305/3305 2907/2907/2907
f 3033/3033/3033 3377/3377/3377 3236/3236/3236
f 3343/3343/3343 3388/3388/3388 2930/2930/2930
f 2937/2937/2937 3237/3237/3237 3340/3340/3340
f 3043/3043/3043 3235/3235/3235 2898/2898/2898
f 2957/2957/2957 3607/3607/3607 3723/3723/3723
f 2973/2973/2973 3785/3785/3785 3482/3482/3482
f 3775/3775/3775 2921/2921/2921 3715/3715/3715
f 1367/1367/1367 5081/5081/5081 5113/5113/5113
f 5082/5082/5082 1382/1382/1382 5099/5099/5099
f 5070/5070/5070 5107/5107/5107 1340/1340/1340
f 5358/5358/5358 5075/5075/5075 1358/1358/1358
f 5380/5380/5380 5362/5362/5362 1356/1356/1356
f 5135/5135/5135 1346/1346/1346 5072/5072/5072
f 5091/5091/5091 1345/1345/1345 5132/5132/5132
f 1354/1354/1354 5090/5090/5090 5375/5375/5375
f 5068/5068/5068 1339/1339/1339 5085/5085/5085
f 3465/3465/3465 2979/2979/2979 3471/3471/3471
f 1376/1376/1376 5116/5116/5116 5095/5095/5095
f 1501/1501/1501 5365/5365/5365 1319/1319/1319
f 2943/2943/2943 3717/3717/3717 2939/2939/2939
f 5074/5074/5074 1338/1338/1338 5361/5361/5361
f 1602/1602/1602 4936/4936/4936 4959/4959/4959
f 4954/4954/4954 1616/1616/1616 4960/4960/4960
f 5097/5097/5097 1425/1425/1425 1608/1608/1608
f 5096/5096/5096 1624/1624/1624 4945/4945/4945
f 5098/5098/5098 5103/5103/5103 1417/1417/1417
f 1447/1447/1447 4952/4952/4952 4937/4937/4937
f 1432/1432/1432 4965/4965/4965 5059/5059/5059
f 4964/4964/4964 1410/1410/1410 4971/4971/4971
f 4999/4999/4999 4973/4973/4973 1353/1353/1353
f 4949/4949/4949 1451/1451/1451 5065/5065/5065
f 1492/1492/1492 1476/1476/1476 5020/5020/5020
f 5102/5102/5102 1475/1475/1475 1421/1421/1421
f 5056/5056/5056 1436/1436/1436 5062/5062/5062
f 5012/5012/5012 5002/5002/5002 1304/1304/1304
f 1489/1489/1489 1494/1494/1494 5021/5021/5021
f 4897/4897/4897 1464/1464/1464 1471/1471/1471
f 4904/4904/4904 1467/1467/1467 1442/1442/1442
f 5206/5206/5206 1729/1729/1729 1545/1545/1545
f 4986/4986/4986 1552/1552/1552 1557/1557/1557
f 5202/5202/5202 1555/1555/1555 1560/1560/1560
f 5191/5191/5191 1544/1544/1544 1473/1473/1473
f 4877/4877/4877 1706/1706/1706 1718/1718/1718
f 1714/1714/1714 4981/4981/4981 1469/1469/1469
f 1550/1550/1550 1723/1723/1723 5185/5185/5185
f 1597/1597/1597 1547/1547/1547 5013/5013/5013
f 1546/1546/1546 1719/1719/1719 5182/5182/5182
f 1724/1724/1724 1712/1712/1712 4932/4932/4932
f 1461/1461/1461 4976/4976/4976 1460/1460/1460
f 1707/1707/1707 1565/1565/1565 5171/5171/5171
f 5079/5079/5079 5117/5117/5117 1493/1493/1493
f 1435/1435/1435 1439/1439/1439 4968/4968/4968
f 1337/1337/1337 4974/4974/4974 1440/1440/1440
f 1454/1454/1454 1428/1428/1428 5055/5055/5055
f 4944/4944/4944 1623/1623/1623 1626/1626/1626
f 4972/4972/4972 1444/1444/1444 1455/1455/1455
f 1452/1452/1452 4935/4935/4935 1595/1595/1595
f 1610/1610/1610 1617/1617/1617 4950/4950/4950
f 5166/5166/5166 1294/1294/1294 1613/1613/1613
f 5086/5086/5086 1370/1370/1370 1379/1379/1379
f 1371/1371/1371 5115/5115/5115 1612/1612/1612
f 4998/4998/4998 1384/1384/1384 1344/1344/1344
f 5066/5066/5066 1341/1341/1341 1300/1300/1300
f 5067/5067/5067 4978/4978/4978 1343/1343/1343
f 5122/5122/5122 1352/1352/1352 1311/1311/1311
f 1368/1368/1368 5137/5137/5137 1605/1605/1605
f 1817/1817/1817 5006/5006/5006 1818/1818/1818
f 1588/1588/1588 5015/5015/5015 5009/5009/5009
f 1801/1801/1801 4782/4782/4782 1571/1571/1571
f 1577/1577/1577 4927/4927/4927 1582/1582/1582
f 1574/1574/1574 4757/4757/4757 1568/1568/1568
f 1821/1821/1821 4767/4767/4767 1800/1800/1800
f 1663/1663/1663 4714/4714/4714 1847/1847/1847
f 1831/1831/1831 4838/4838/4838 1645/1645/1645
f 1829/1829/1829 4576/4576/4576 1832/1832/1832
f 1576/1576/1576 5049/5049/5049 1657/1657/1657
f 1652/1652/1652 4647/4647/4647 1669/1669/1669
f 1658/1658/1658 4512/4512/4512 1649/1649/1649
f 4721/4721/4721 1662/1662/1662 4695/4695/4695
f 1580/1580/1580 4894/4894/4894 1575/1575/1575
f 1849/1849/1849 1640/1640/1640 4807/4807/4807
f 1357/1357/1357 5060/5060/5060 4993/4993/4993
f 1583/1583/1583 1591/1591/1591 5000/5000/5000
f 1676/1676/1676 4691/4691/4691 1671/1671/1671
f 2585/2585/2585 3975/3975/3975 2599/2599/2599
f 2558/2558/2558 2604/2604/2604 3632/3632/3632
f 557/557/557 494/494/494 563/563/563
f 566/566/566 564/564/564 497/497/497
f 527/527/527 498/498/498 493/493/493
f 2615/2615/2615 2819/2819/2819 3877/3877/3877
f 2593/2593/2593 2264/2264/2264 3902/3902/3902
f 4099/4099/4099 2820/2820/2820 2596/2596/2596
f 3979/3979/3979 2579/2579/2579 2606/2606/2606
f 2253/2253/2253 2289/2289/2289 3971/3971/3971
f 2290/2290/2290 2314/2314/2314 3946/3946/3946
f 3885/3885/3885 2277/2277/2277 2282/2282/2282
f 4105/4105/4105 2283/2283/2283 2528/2528/2528
f 4101/4101/4101 3978/3978/3978 2608/2608/2608
f 507/507/507 525/525/525 490/490/490
f 568/568/568 488/488/488 504/504/504
f 565/565/565 505/505/505 511/511/511
f 512/512/512 533/533/533 719/719/719
f 721/721/721 524/524/524 574/574/574
f 519/519/519 723/723/723 530/530/530
f 558/558/558 501/501/501 714/714/714
f 2566/2566/2566 2533/2533/2533 4113/4113/4113
f 2532/2532/2532 2553/2553/2553 3879/3879/3879
f 2551/2551/2551 3874/3874/3874 2554/2554/2554
f 2577/2577/2577 2480/2480/2480 4081/4081/4081
f 2455/2455/2455 3881/3881/3881 2474/2474/2474
f 503/503/503 531/531/531 571/571/571
f 4027/4027/4027 2456/2456/2456 2491/2491/2491
f 4095/4095/4095 4100/4100/4100 2595/2595/2595
f 2285/2285/2285 3945/3945/3945 3914/3914/3914
f 2805/2805/2805 3909/3909/3909 3913/3913/3913
f 2546/2546/2546 4108/4108/4108 3940/3940/3940
f 2531/2531/2531 3889/3889/3889 4104/4104/4104
f 2315/2315/2315 4106/4106/4106 4115/4115/4115
f 2279/2279/2279 3941/3941/3941 3943/3943/3943
f 2527/2527/2527 3884/3884/3884 3887/3887/3887
f 1840/1840/1840 5003/5003/5003 4771/4771/4771
f 2569/2569/2569 4073/4073/4073 3872/3872/3872
f 2466/2466/2466 4035/4035/4035 4089/4089/4089
f 2457/2457/2457 4060/4060/4060 4075/4075/4075
f 2578/2578/2578 3873/3873/3873 3878/3878/3878
f 2576/2576/2576 4103/4103/4103 4111/4111/4111
f 2489/2489/2489 4034/4034/4034 2486/2486/2486
f 2481/2481/2481 4038/4038/4038 4030/4030/4030
f 2492/2492/2492 2262/2262/2262 4044/4044/4044
f 4052/4052/4052 4043/4043/4043 2261/2261/2261
f 4040/4040/4040 2496/2496/2496 4024/4024/4024
f 2255/2255/2255 2270/2270/2270 4047/4047/4047
f 4029/4029/4029 2476/2476/2476 4031/4031/4031
f 4054/4054/4054 2267/2267/2267 4059/4059/4059
f 3984/3984/3984 2274/2274/2274 3982/3982/3982
f 4037/4037/4037 2269/2269/2269 3983/3983/3983
f 3858/3858/3858 2681/2681/2681 3836/3836/3836
f 3968/3968/3968 2644/2644/2644 3866/3866/3866
f 3835/3835/3835 2646/2646/2646 3965/3965/3965
f 3981/3981/3981 2268/2268/2268 3861/3861/3861
f 3864/3864/3864 2431/2431/2431 3952/3952/3952
f 3957/3957/3957 2406/2406/2406 3855/3855/3855
f 2824/2824/2824 3908/3908/3908 3977/3977/3977
f 515/515/515 581/581/581 528/528/528
f 620/620/620 520/520/520 718/718/718
f 722/722/722 521/521/521 628/628/628
f 627/627/627 522/522/522 617/617/617
f 634/634/634 618/618/618 513/513/513
f 632/632/632 614/614/614 635/635/635
f 619/619/619 713/713/713 526/526/526
f 641/641/641 611/611/611 629/629/629
f 594/594/594 604/604/604 473/473/473
f 601/601/601 612/612/612 643/643/643
f 602/602/602 644/644/644 640/640/640
f 591/591/591 467/467/467 588/588/588
f 639/639/639 474/474/474 600/600/600
f 468/468/468 590/590/590 482/482/482
f 633/633/633 609/609/609 573/573/573
f 478/478/478 399/399/399 791/791/791
f 479/479/479 585/585/585 432/432/432
f 414/414/414 780/780/780 396/396/396
f 412/412/412 787/787/787 410/410/410
f 392/392/392 793/793/793 407/407/407
f 583/583/583 470/470/470 433/433/433
f 621/621/621 781/781/781 406/406/406
f 393/393/393 784/784/784 794/794/794
f 427/427/427 606/606/606 405/405/405
f 605/605/605 426/426/426 403/403/403
f 404/404/404 429/429/429 788/788/788
f 417/417/417 659/659/659 424/424/424
f 383/383/383 648/648/648 418/418/418
f 798/798/798 654/654/654 402/402/402
f 472/472/472 789/789/789 613/613/613
f 2548/2548/2548 4048/4048/4048 2294/2294/2294
f 2307/2307/2307 4036/4036/4036 2525/2525/2525
f 387/387/387 800/800/800 647/647/647
f 650/650/650 801/801/801 543/543/543
f 430/430/430 809/809/809 541/541/541
f 2438/2438/2438 3829/3829/3829 2281/2281/2281
f 2414/2414/2414 3963/3963/3963 2434/2434/2434
f 3837/3837/3837 2413/2413/2413 2451/2451/2451
f 2429/2429/2429 3851/3851/3851 2450/2450/2450
f 2430/2430/2430 2463/2463/2463 4039/4039/4039
f 2443/2443/2443 3954/3954/3954 2464/2464/2464
f 4074/4074/4074 2441/2441/2441 2475/2475/2475
f 674/674/674 806/806/806 375/375/375
f 376/376/376 807/807/807 552/552/552
f 368/368/368 675/675/675 371/371/371
f 554/554/554 553/553/553 799/799/799
f 365/365/365 677/677/677 377/377/377
f 389/389/389 676/676/676 367/367/367
f 542/542/542 373/373/373 684/684/684
f 649/649/649 425/425/425 534/534/534
f 381/381/381 278/278/278 670/670/670
f 382/382/382 673/673/673 386/386/386
f 679/679/679 384/384/384 671/671/671
f 275/275/275 340/340/340 664/664/664
f 338/338/338 297/297/297 665/665/665
f 284/284/284 691/691/691 292/292/292
f 305/305/305 690/690/690 286/286/286
f 274/274/274 667/667/667 700/700/700
f 364/364/364 686/686/686 668/668/668
f 431/431/431 657/657/657 785/785/785
f 4856/4856/4856 1811/1811/1811 4907/4907/4907
f 4914/4914/4914 4906/4906/4906 1808/1808/1808
f 1802/1802/1802 4928/4928/4928 4882/4882/4882
f 1807/1807/1807 4884/4884/4884 4880/4880/4880
f 1803/1803/1803 4740/4740/4740 4860/4860/4860
f 4916/4916/4916 1816/1816/1816 4750/4750/4750
f 1837/1837/1837 4901/4901/4901 5213/5213/5213
f 1639/1639/1639 5199/5199/5199 5194/5194/5194
f 4881/4881/4881 1642/1642/1642 4891/4891/4891
f 5204/5204/5204 1852/1852/1852 5211/5211/5211
f 4736/4736/4736 1850/1850/1850 5203/5203/5203
f 5212/5212/5212 1858/1858/1858 5192/5192/5192
f 4889/4889/4889 1641/1641/1641 4982/4982/4982
f 4746/4746/4746 4744/4744/4744 1666/1666/1666
f 2459/2459/2459 4159/4159/4159 3847/3847/3847
f 2458/2458/2458 3848/3848/3848 3850/3850/3850
f 2473/2473/2473 4066/4066/4066 2495/2495/2495
f 4128/4128/4128 4083/4083/4083 2627/2627/2627
f 4078/4078/4078 4064/4064/4064 2477/2477/2477
f 2470/2470/2470 4063/4063/4063 4157/4157/4157
f 3993/3993/3993 3989/3989/3989 2368/2368/2368
f 5034/5034/5034 4732/4732/4732 1644/1644/1644
f 4150/4150/4150 3999/3999/3999 2624/2624/2624
f 4012/4012/4012 4021/4021/4021 2674/2674/2674
f 4022/4022/4022 4161/4161/4161 2676/2676/2676
f 4155/4155/4155 4002/4002/4002 2658/2658/2658
f 3997/3997/3997 4117/4117/4117 2634/2634/2634
f 1664/1664/1664 4741/4741/4741 4753/4753/4753
f 4531/4531/4531 4520/4520/4520 1689/1689/1689
f 4645/4645/4645 1688/1688/1688 4533/4533/4533
f 4834/4834/4834 5038/5038/5038 1655/1655/1655
f 4638/4638/4638 1687/1687/1687 4755/4755/4755
f 1693/1693/1693 4524/4524/4524 4522/4522/4522
f 4509/4509/4509 4703/4703/4703 1683/1683/1683
f 4778/4778/4778 4690/4690/4690 1711/1711/1711
f 4680/4680/4680 1700/1700/1700 4689/4689/4689
f 4777/4777/4777 1704/1704/1704 4640/4640/4640
f 1705/1705/1705 4697/4697/4697 4723/4723/4723
f 4719/4719/4719 4713/4713/4713 1690/1690/1690
f 4639/4639/4639 1691/1691/1691 4710/4710/4710
f 4698/4698/4698 4685/4685/4685 1744/1744/1744
f 4756/4756/4756 1696/1696/1696 4770/4770/4770
f 4822/4822/4822 4810/4810/4810 1697/1697/1697
f 4847/4847/4847 4833/4833/4833 4811/4811/4811
f 4824/4824/4824 1856/1856/1856 5036/5036/5036
f 4233/4233/4233 4017/4017/4017 2437/2437/2437
f 4136/4136/4136 4234/4234/4234 2415/2415/2415
f 5040/5040/5040 1851/1851/1851 5032/5032/5032
f 4785/4785/4785 1701/1701/1701 4815/4815/4815
f 1702/1702/1702 4787/4787/4787 4748/4748/4748
f 4784/4784/4784 4869/4869/4869 4791/4791/4791
f 4788/4788/4788 4820/4820/4820 4768/4768/4768
f 4786/4786/4786 4774/4774/4774 4765/4765/4765
f 4766/4766/4766 4867/4867/4867 4789/4789/4789
f 4866/4866/4866 1743/1743/1743 4743/4743/4743
f 4747/4747/4747 1740/1740/1740 4861/4861/4861
f 4775/4775/4775 5035/5035/5035 1732/1732/1732
f 1679/1679/1679 4925/4925/4925 4896/4896/4896
f 4238/4238/4238 4144/4144/4144 2427/2427/2427
f 4124/4124/4124 2652/2652/2652 2409/2409/2409
f 2650/2650/2650 4120/4120/4120 2637/2637/2637
f 273/273/273 874/874/874 880/880/880
f 2407/2407/2407 2672/2672/2672 3985/3985/3985
f 4154/4154/4154 2271/2271/2271 2639/2639/2639
f 388/388/388 877/877/877 689/689/689
f 4141/4141/4141 2425/2425/2425 2433/2433/2433
f 2452/2452/2452 4241/4241/4241 2446/2446/2446
f 2435/2435/2435 2447/2447/2447 4247/4247/4247
f 3991/3991/3991 2677/2677/2677 2426/2426/2426
f 2338/2338/2338 4069/4069/4069 2440/2440/2440
f 2349/2349/2349 4129/4129/4129 2366/2366/2366
f 2343/2343/2343 4148/4148/4148 2330/2330/2330
f 2353/2353/2353 4143/4143/4143 4139/4139/4139
f 4130/4130/4130 2354/2354/2354 4137/4137/4137
f 860/860/860 289/289/289 315/315/315
f 283/283/283 271/271/271 879/879/879
f 314/314/314 296/296/296 699/699/699
f 295/295/295 324/324/324 698/698/698
f 311/311/311 868/868/868 320/320/320
f 267/267/267 869/869/869 312/312/312
f 861/861/861 363/363/363 705/705/705
f 319/319/319 737/737/737 706/706/706
f 731/731/731 738/738/738 265/265/265
f 330/330/330 729/729/729 264/264/264
f 726/726/726 331/331/331 453/453/453
f 452/452/452 439/439/439 744/744/744
f 299/299/299 743/743/743 440/440/440
f 459/459/459 873/873/873 298/298/298
f 728/728/728 457/457/457 747/747/747
f 2339/2339/2339 4400/4400/4400 2367/2367/2367
f 2364/2364/2364 4399/4399/4399 4142/4142/4142
f 2342/2342/2342 2378/2378/2378 4223/4223/4223
f 4412/4412/4412 2622/2622/2622 2374/2374/2374
f 2628/2628/2628 4401/4401/4401 4417/4417/4417
f 4403/4403/4403 2380/2380/2380 4416/4416/4416
f 2630/2630/2630 4425/4425/4425 4220/4220/4220
f 4426/4426/4426 4421/4421/4421 2641/2641/2641
f 2640/2640/2640 4419/4419/4419 2631/2631/2631
f 2660/2660/2660 4195/4195/4195 4427/4427/4427
f 2659/2659/2659 4431/4431/4431 2642/2642/2642
f 4197/4197/4197 2303/2303/2303 4204/4204/4204
f 4203/4203/4203 2111/2111/2111 4209/4209/4209
f 2635/2635/2635 4413/4413/4413 4407/4407/4407
f 461/461/461 727/727/727 268/268/268
f 238/238/238 765/765/765 736/736/736
f 739/739/739 741/741/741 458/458/458
f 734/734/734 460/460/460 449/449/449
f 451/451/451 236/236/236 735/735/735
f 234/234/234 763/763/763 244/244/244
f 441/441/441 746/746/746 749/749/749
f 248/248/248 773/773/773 233/233/233
f 2297/2297/2297 2115/2115/2115 4199/4199/4199
f 4192/4192/4192 2653/2653/2653 2296/2296/2296
f 247/247/247 160/160/160 771/771/771
f 772/772/772 173/173/173 180/180/180
f 167/167/167 769/769/769 161/161/161
f 756/756/756 220/220/220 770/770/770
f 2100/2100/2100 2324/2324/2324 4212/4212/4212
f 4214/4214/4214 2299/2299/2299 4215/4215/4215
f 4132/4132/4132 2345/2345/2345 4116/4116/4116
f 4053/4053/4053 2266/2266/2266 4033/4033/4033
f 4729/4729/4729 5033/5033/5033 1730/1730/1730
f 3334/3334/3334 3246/3246/3246 3306/3306/3306
f 3308/3308/3308 3495/3495/3495 2906/2906/2906
f 3429/3429/3429 3250/3250/3250 3335/3335/3335
f 3515/3515/3515 3774/3774/3774 2909/2909/2909
f 3312/3312/3312 3247/3247/3247 3514/3514/3514
f 3131/3131/3131 2896/2896/2896 3720/3720/3720
f 3464/3464/3464 3085/3085/3085 3773/3773/3773
f 3132/3132/3132 3479/3479/3479 3125/3125/3125
f 3127/3127/3127 3481/3481/3481 3729/3729/3729
f 3128/3128/3128 3731/3731/3731 3091/3091/3091
f 3487/3487/3487 3086/3086/3086 3754/3754/3754
f 3094/3094/3094 3730/3730/3730 3750/3750/3750
f 3093/3093/3093 3752/3752/3752 3139/3139/3139
f 3612/3612/3612 3090/3090/3090 3611/3611/3611
f 5152/5152/5152 1600/1600/1600 5336/5336/5336
f 5334/5334/5334 1633/1633/1633 5272/5272/5272
f 5150/5150/5150 1611/1611/1611 1603/1603/1603
f 5247/5247/5247 1634/1634/1634 1621/1621/1621
f 1604/1604/1604 1635/1635/1635 5273/5273/5273
f 1636/1636/1636 5263/5263/5263 5271/5271/5271
f 5337/5337/5337 1433/1433/1433 5259/5259/5259
f 5250/5250/5250 5258/5258/5258 1429/1429/1429
f 5239/5239/5239 5248/5248/5248 1630/1630/1630
f 1412/1412/1412 5242/5242/5242 1628/1628/1628
f 1614/1614/1614 1424/1424/1424 5340/5340/5340
f 1431/1431/1431 1629/1629/1629 5251/5251/5251
f 5253/5253/5253 1446/1446/1446 1427/1427/1427
f 1615/1615/1615 5341/5341/5341 5264/5264/5264
f 5129/5129/5129 1606/1606/1606 5157/5157/5157
f 3111/3111/3111 3716/3716/3716 3488/3488/3488
f 3109/3109/3109 3489/3489/3489 3113/3113/3113
f 3486/3486/3486 3477/3477/3477 3116/3116/3116
f 3232/3232/3232 3199/3199/3199 3240/3240/3240
f 3478/3478/3478 3239/3239/3239 3328/3328/3328
f 3755/3755/3755 3117/3117/3117 3122/3122/3122
f 3073/3073/3073 3077/3077/3077 3380/3380/3380
f 3072/3072/3072 3381/3381/3381 3360/3360/3360
f 3070/3070/3070 3347/3347/3347 3197/3197/3197
f 3357/3357/3357 3348/3348/3348 3075/3075/3075
f 3316/3316/3316 3190/3190/3190 3326/3326/3326
f 3194/3194/3194 3384/3384/3384 3299/3299/3299
f 3393/3393/3393 3080/3080/3080 3110/3110/3110
f 5245/5245/5245 1609/1609/1609 1293/1293/1293
f 5244/5244/5244 1296/1296/1296 5292/5292/5292
f 1297/1297/1297 1333/1333/1333 5230/5230/5230
f 5577/5577/5577 1332/1332/1332 1314/1314/1314
f 1329/1329/1329 5578/5578/5578 5234/5234/5234
f 5291/5291/5291 1291/1291/1291 5228/5228/5228
f 1419/1419/1419 5246/5246/5246 5226/5226/5226
f 5596/5596/5596 1316/1316/1316 1363/1363/1363
f 5592/5592/5592 5595/5595/5595 1361/1361/1361
f 1301/1301/1301 5585/5585/5585 5570/5570/5570
f 5572/5572/5572 1359/1359/1359 1327/1327/1327
f 5563/5563/5563 1326/1326/1326 1334/1334/1334
f 5562/5562/5562 5579/5579/5579 1324/1324/1324
f 5569/5569/5569 1307/1307/1307 5581/5581/5581
f 1309/1309/1309 5229/5229/5229 5293/5293/5293
f 3354/3354/3354 3065/3065/3065 3099/3099/3099
f 3133/3133/3133 3783/3783/3783 3321/3321/3321
f 1889/1889/1889 4802/4802/4802 1880/1880/1880
f 1891/1891/1891 4823/4823/4823 1900/1900/1900
f 4705/4705/4705 1867/1867/1867 1860/1860/1860
f 4494/4494/4494 2020/2020/2020 2015/2015/2015
f 4724/4724/4724 2016/2016/2016 1865/1865/1865
f 1887/1887/1887 2022/2022/2022 4505/4505/4505
f 1778/1778/1778 4487/4487/4487 1791/1791/1791
f 1787/1787/1787 4486/4486/4486 4389/4389/4389
f 1846/1846/1846 1792/1792/1792 4384/4384/4384
f 1884/1884/1884 4842/4842/4842 1806/1806/1806
f 1824/1824/1824 1804/1804/1804 4664/4664/4664
f 4651/4651/4651 1784/1784/1784 1810/1810/1810
f 1882/1882/1882 1859/1859/1859 4859/4859/4859
f 2014/2014/2014 1836/1836/1836 4293/4293/4293
f 1785/1785/1785 4297/4297/4297 4481/4481/4481
f 4832/4832/4832 4795/4795/4795 1899/1899/1899
f 4796/4796/4796 4656/4656/4656 1861/1861/1861
f 4501/4501/4501 4589/4589/4589 1905/1905/1905
f 4825/4825/4825 4794/4794/4794 1907/1907/1907
f 1909/1909/1909 4566/4566/4566 4831/4831/4831
f 4836/4836/4836 4801/4801/4801 1904/1904/1904
f 4650/4650/4650 4655/4655/4655 1843/1843/1843
f 4864/4864/4864 4379/4379/4379 1786/1786/1786
f 1825/1825/1825 4653/4653/4653 4658/4658/4658
f 4546/4546/4546 4850/4850/4850 1877/1877/1877
f 4857/4857/4857 4666/4666/4666 1815/1815/1815
f 1879/1879/1879 4846/4846/4846 4854/4854/4854
f 4665/4665/4665 4670/4670/4670 1813/1813/1813
f 1883/1883/1883 4862/4862/4862 4548/4548/4548
f 4577/4577/4577 2023/2023/2023 4502/4502/4502
f 4318/4318/4318 1943/1943/1943 1933/1933/1933
f 1759/1759/1759 4307/4307/4307 1940/1940/1940
f 1845/1845/1845 4436/4436/4436 1751/1751/1751
f 1752/1752/1752 4453/4453/4453 1760/1760/1760
f 1848/1848/1848 4295/4295/4295 1835/1835/1835
f 4322/4322/4322 1777/1777/1777 1942/1942/1942
f 1292/1292/1292 1350/1350/1350 5584/5584/5584
f 1348/1348/1348 1365/1365/1365 5821/5821/5821
f 4327/4327/4327 2053/2053/2053 1755/1755/1755
f 1754/1754/1754 2190/2190/2190 1761/1761/1761
f 1753/1753/1753 1763/1763/1763 4454/4454/4454
f 4456/4456/4456 1764/1764/1764 1766/1766/1766
f 2209/2209/2209 2062/2062/2062 1762/1762/1762
f 1838/1838/1838 4321/4321/4321 4326/4326/4326
f 4303/4303/4303 4299/4299/4299 1799/1799/1799
f 4304/4304/4304 2003/2003/2003 4317/4317/4317
f 1774/1774/1774 4491/4491/4491 4488/4488/4488
f 4552/4552/4552 4558/4558/4558 1929/1929/1929
f 1841/1841/1841 4314/4314/4314 4550/4550/4550
f 1819/1819/1819 4483/4483/4483 4308/4308/4308
f 4560/4560/4560 4438/4438/4438 1757/1757/1757
f 4581/4581/4581 1968/1968/1968 4506/4506/4506
f 4439/4439/4439 4575/4575/4575 2028/2028/2028
f 4571/4571/4571 1994/1994/1994 4563/4563/4563
f 4634/4634/4634 1979/1979/1979 4599/4599/4599
f 4568/4568/4568 4601/4601/4601 1982/1982/1982
f 4580/4580/4580 4585/4585/4585 1955/1955/1955
f 1926/1926/1926 4557/4557/4557 4561/4561/4561
f 2076/2076/2076 2065/2065/2065 2057/2057/2057
f 2005/2005/2005 4325/4325/4325 1805/1805/1805
f 1378/1378/1378 5806/5806/5806 5597/5597/5597
f 1869/1869/1869 1912/1912/1912 4535/4535/4535
f 3280/3280/3280 3385/3385/3385 3396/3396/3396
f 3387/3387/3387 3277/3277/3277 3056/3056/3056
f 3398/3398/3398 3353/3353/3353 3282/3282/3282
f 3416/3416/3416 3214/3214/3214 3406/3406/3406
f 3383/3383/3383 3407/3407/3407 3216/3216/3216
f 3278/3278/3278 3228/3228/3228 3391/3391/3391
f 1342/1342/1342 5830/5830/5830 5827/5827/5827
f 3221/3221/3221 3215/3215/3215 3458/3458/3458
f 3218/3218/3218 3469/3469/3469 3499/3499/3499
f 3219/3219/3219 3502/3502/3502 3207/3207/3207
f 3501/3501/3501 3427/3427/3427 3208/3208/3208
f 3520/3520/3520 3182/3182/3182 3248/3248/3248
f 3430/3430/3430 3251/3251/3251 3202/3202/3202
f 3413/3413/3413 3203/3203/3203 3205/3205/3205
f 3379/3379/3379 3224/3224/3224 3279/3279/3279
f 5799/5799/5799 1355/1355/1355 1323/1323/1323
f 5798/5798/5798 1303/1303/1303 5801/5801/5801
f 1299/1299/1299 1312/1312/1312 5805/5805/5805
f 1310/1310/1310 5811/5811/5811 1286/1286/1286
f 1308/1308/1308 1369/1369/1369 5796/5796/5796
f 1305/1305/1305 5804/5804/5804 5831/5831/5831
f 5393/5393/5393 1637/1637/1637 5829/5829/5829
f 5815/5815/5815 5809/5809/5809 1377/1377/1377
f 1381/1381/1381 5820/5820/5820 5814/5814/5814
f 1380/1380/1380 1257/1257/1257 5793/5793/5793
f 1258/1258/1258 1268/1268/1268 5349/5349/5349
f 1271/1271/1271 5417/5417/5417 5350/5350/5350
f 5419/5419/5419 1266/1266/1266 1322/1322/1322
f 5819/5819/5819 1259/1259/1259 5347/5347/5347
f 1373/1373/1373 5826/5826/5826 5790/5790/5790
f 3071/3071/3071 3420/3420/3420 3512/3512/3512
f 3074/3074/3074 3513/3513/3513 3196/3196/3196
f 3518/3518/3518 3504/3504/3504 3195/3195/3195
f 3569/3569/3569 3054/3054/3054 3560/3560/3560
f 3503/3503/3503 3561/3561/3561 3191/3191/3191
f 3497/3497/3497 3103/3103/3103 3192/3192/3192
f 3428/3428/3428 3198/3198/3198 3076/3076/3076
f 3067/3067/3067 3097/3097/3097 3567/3567/3567
f 3064/3064/3064 3570/3570/3570 3539/3539/3539
f 3063/3063/3063 3534/3534/3534 3058/3058/3058
f 3061/3061/3061 3268/3268/3268 3264/3264/3264
f 3563/3563/3563 3551/3551/3551 3276/3276/3276
f 3267/3267/3267 3550/3550/3550 3101/3101/3101
f 3552/3552/3552 3564/3564/3564 3098/3098/3098
f 3571/3571/3571 3189/3189/3189 3193/3193/3193
f 1320/1320/1320 5312/5312/5312 1270/1270/1270
f 3274/3274/3274 3293/3293/3293 3367/3367/3367
f 5301/5301/5301 5333/5333/5333 1318/1318/1318
f 5322/5322/5322 5302/5302/5302 1536/1536/1536
f 1315/1315/1315 5331/5331/5331 5313/5313/5313
f 1269/1269/1269 5314/5314/5314 5348/5348/5348
f 3368/3368/3368 3291/3291/3291 3372/3372/3372
f 3292/3292/3292 3369/3369/3369 3289/3289/3289
f 3374/3374/3374 3285/3285/3285 3350/3350/3350
f 3376/3376/3376 3382/3382/3382 3314/3314/3314
f 3310/3310/3310 3349/3349/3349 3390/3390/3390
f 3346/3346/3346 3319/3319/3319 3358/3358/3358
f 3320/3320/3320 3301/3301/3301 3355/3355/3355
f 3568/3568/3568 3557/3557/3557 3366/3366/3366
f 5323/5323/5323 1496/1496/1496 5368/5368/5368
f 2075/2075/2075 2049/2049/2049 2059/2059/2059
f 2078/2078/2078 2077/2077/2077 2048/2048/2048
f 2047/2047/2047 2045/2045/2045 2039/2039/2039
f 2058/2058/2058 2042/2042/2042 1995/1995/1995
f 2038/2038/2038 2071/2071/2071 2046/2046/2046
f 1999/1999/1999 1997/1997/1997 2041/2041/2041
f 1939/1939/1939 1993/1993/1993 1985/1985/1985
f 5330/5330/5330 1306/1306/1306 1282/1282/1282
f 2185/2185/2185 4573/4573/4573 2205/2205/2205
f 2189/2189/2189 2207/2207/2207 4798/4798/4798
f 2082/2082/2082 2186/2186/2186 1980/1980/1980
f 2000/2000/2000 1934/1934/1934 1972/1972/1972
f 2196/2196/2196 1996/1996/1996 4839/4839/4839
f 4804/4804/4804 1958/1958/1958 1953/1953/1953
f 4803/4803/4803 2121/2121/2121 1957/1957/1957
f 1949/1949/1949 4590/4590/4590 1970/1970/1970
f 1965/1965/1965 1971/1971/1971 4500/4500/4500
f 4591/4591/4591 1951/1951/1951 2117/2117/2117
f 4496/4496/4496 1961/1961/1961 1975/1975/1975
f 1963/1963/1963 4476/4476/4476 2240/2240/2240
f 2241/2241/2241 4465/4465/4465 2252/2252/2252
f 4475/4475/4475 4479/4479/4479 2250/2250/2250
f 2243/2243/2243 4469/4469/4469 2239/2239/2239
f 4473/4473/4473 2112/2112/2112 2247/2247/2247
f 2251/2251/2251 2085/2085/2085 4637/4637/4637
f 1977/1977/1977 1969/1969/1969 4632/4632/4632
f 4813/4813/4813 1954/1954/1954 2200/2200/2200
f 2031/2031/2031 2054/2054/2054 2040/2040/2040
f 1278/1278/1278 5300/5300/5300 1280/1280/1280
f 1512/1512/1512 1281/1281/1281 5332/5332/5332
f 1289/1289/1289 1272/1272/1272 5586/5586/5586
f 1529/1529/1529 5511/5511/5511 1273/1273/1273
f 1535/1535/1535 5452/5452/5452 1524/1524/1524
f 1194/1194/1194 1519/1519/1519 5483/5483/5483
f 5318/5318/5318 1261/1261/1261 5518/5518/5518
f 5486/5486/5486 5524/5524/5524 1507/1507/1507
f 1521/1521/1521 5589/5589/5589 5484/5484/5484
f 5590/5590/5590 1539/1539/1539 5492/5492/5492
f 1497/1497/1497 5478/5478/5478 1499/1499/1499
f 5444/5444/5444 5500/5500/5500 1509/1509/1509
f 5494/5494/5494 1498/1498/1498 5496/5496/5496
f 1262/1262/1262 5522/5522/5522 5515/5515/5515
f 5451/5451/5451 1228/1228/1228 5456/5456/5456
f 5449/5449/5449 1508/1508/1508 1199/1199/1199
f 1195/1195/1195 1522/1522/1522 5453/5453/5453
f 1196/1196/1196 5443/5443/5443 1203/1203/1203
f 5442/5442/5442 5497/5497/5497 1209/1209/1209
f 1532/1532/1532 5477/5477/5477 1526/1526/1526
f 1184/1184/1184 5425/5425/5425 1168/1168/1168
f 1533/1533/1533 1177/1177/1177 5413/5413/5413
f 5446/5446/5446 1527/1527/1527 5455/5455/5455
f 5472/5472/5472 5465/5465/5465 1537/1537/1537
f 1534/1534/1534 5415/5415/5415 5474/5474/5474
f 5541/5541/5541 5409/5409/5409 1180/1180/1180
f 1172/1172/1172 5429/5429/5429 5433/5433/5433
f 1225/1225/1225 1215/1215/1215 5411/5411/5411
f 5432/5432/5432 5469/5469/5469 1175/1175/1175
f 5464/5464/5464 5454/5454/5454 1520/1520/1520
f 5329/5329/5329 1321/1321/1321 5326/5326/5326
f 2087/2087/2087 4334/4334/4334 2095/2095/2095
f 1227/1227/1227 5681/5681/5681 5418/5418/5418
f 1886/1886/1886 4701/4701/4701 4726/4726/4726
f 5051/5051/5051 1862/1862/1862 4727/4727/4727
f 4688/4688/4688 1878/1878/1878 4525/4525/4525
f 1876/1876/1876 4706/4706/4706 4707/4707/4707
f 4702/4702/4702 4725/4725/4725 1897/1897/1897
f 1888/1888/1888 4532/4532/4532 4508/4508/4508
f 5052/5052/5052 4682/4682/4682 1834/1834/1834
f 4547/4547/4547 4845/4845/4845 1788/1788/1788
f 1833/1833/1833 4678/4678/4678 4544/4544/4544
f 2006/2006/2006 4693/4693/4693 4687/4687/4687
f 5044/5044/5044 5054/5054/5054 1809/1809/1809
f 2004/2004/2004 4708/4708/4708 5045/5045/5045
f 5058/5058/5058 5053/5053/5053 1823/1823/1823
f 4779/4779/4779 4696/4696/4696 1874/1874/1874
f 4644/4644/4644 4521/4521/4521 1906/1906/1906
f 1896/1896/1896 4762/4762/4762 4641/4641/4641
f 4761/4761/4761 2025/2025/2025 4769/4769/4769
f 4191/4191/4191 2670/2670/2670 4201/4201/4201
f 2656/2656/2656 2621/2621/2621 4205/4205/4205
f 4649/4649/4649 4523/4523/4523 1890/1890/1890
f 4268/4268/4268 2355/2355/2355 4376/4376/4376
f 4356/4356/4356 2363/2363/2363 4278/4278/4278
f 4377/4377/4377 2327/2327/2327 4355/4355/4355
f 4406/4406/4406 2647/2647/2647 4250/4250/4250
f 4270/4270/4270 2412/2412/2412 4258/4258/4258
f 4251/4251/4251 2432/2432/2432 4226/4226/4226
f 4261/4261/4261 4255/4255/4255 2348/2348/2348
f 4423/4423/4423 2436/2436/2436 4428/4428/4428
f 1790/1790/1790 4683/4683/4683 4780/4780/4780
f 4482/4482/4482 2210/2210/2210 4449/4449/4449
f 4490/4490/4490 2146/2146/2146 4480/4480/4480
f 4350/4350/4350 2161/2161/2161 4336/4336/4336
f 4315/4315/4315 2138/2138/2138 4302/4302/4302
f 4340/4340/4340 2170/2170/2170 4310/4310/4310
f 4492/4492/4492 4305/4305/4305 2163/2163/2163
f 4393/4393/4393 4628/4628/4628 2249/2249/2249
f 4471/4471/4471 2403/2403/2403 4462/4462/4462
f 4636/4636/4636 4474/4474/4474 2242/2242/2242
f 4458/4458/4458 2215/2215/2215 4443/4443/4443
f 4290/4290/4290 2389/2389/2389 4450/4450/4450
f 4444/4444/4444 2220/2220/2220 4287/4287/4287
f 4470/4470/4470 4451/4451/4451 2395/2395/2395
f 4309/4309/4309 2202/2202/2202 4437/4437/4437
f 4338/4338/4338 2120/2120/2120 4357/4357/4357
f 4602/4602/4602 2295/2295/2295 4337/4337/4337
f 4362/4362/4362 2617/2617/2617 4615/4615/4615
f 4331/4331/4331 2107/2107/2107 4631/4631/4631
f 4333/4333/4333 2372/2372/2372 4610/4610/4610
f 4598/4598/4598 4603/4603/4603 2140/2140/2140
f 4185/4185/4185 2332/2332/2332 2318/2318/2318
f 4277/4277/4277 2171/2171/2171 4369/4369/4369
f 4186/4186/4186 2317/2317/2317 4280/4280/4280
f 2322/2322/2322 4188/4188/4188 4183/4183/4183
f 4177/4177/4177 2325/2325/2325 2301/2301/2301
f 4187/4187/4187 2305/2305/2305 4248/4248/4248
f 2333/2333/2333 4249/4249/4249 2302/2302/2302
f 4348/4348/4348 2390/2390/2390 4342/4342/4342
f 4286/4286/4286 4361/4361/4361 2358/2358/2358
f 2233/2233/2233 4489/4489/4489 4394/4394/4394
f 4345/4345/4345 2110/2110/2110 2320/2320/2320
f 4264/4264/4264 2350/2350/2350 2361/2361/2361
f 4262/4262/4262 2421/2421/2421 2352/2352/2352
f 2408/2408/2408 2448/2448/2448 4227/4227/4227
f 4259/4259/4259 2422/2422/2422 2428/2428/2428
f 2417/2417/2417 4432/4432/4432 2411/2411/2411
f 4606/4606/4606 2341/2341/2341 2377/2377/2377
f 2362/2362/2362 2340/2340/2340 4611/4611/4611
f 1036/1036/1036 1052/1052/1052 241/241/241
f 1034/1034/1034 450/450/450 237/237/237
f 1056/1056/1056 900/900/900 448/448/448
f 1039/1039/1039 1035/1035/1035 239/239/239
f 4260/4260/4260 2410/2410/2410 2445/2445/2445
f 909/909/909 849/849/849 266/266/266
f 1049/1049/1049 831/831/831 285/285/285
f 832/832/832 839/839/839 308/308/308
f 841/841/841 339/339/339 307/307/307
f 288/288/288 281/281/281 836/836/836
f 282/282/282 302/302/302 1046/1046/1046
f 1053/1053/1053 1047/1047/1047 362/362/362
f 843/843/843 272/272/272 837/837/837
f 1055/1055/1055 332/332/332 855/855/855
f 896/896/896 447/447/447 438/438/438
f 462/462/462 886/886/886 436/436/436
f 446/446/446 1048/1048/1048 327/327/327
f 1057/1057/1057 318/318/318 321/321/321
f 322/322/322 325/325/325 853/853/853
f 854/854/854 443/443/443 851/851/851
f 317/317/317 1058/1058/1058 303/303/303
f 916/916/916 1045/1045/1045 243/243/243
f 2119/2119/2119 4335/4335/4335 2104/2104/2104
f 2105/2105/2105 4339/4339/4339 2620/2620/2620
f 2654/2654/2654 2618/2618/2618 4627/4627/4627
f 902/902/902 921/921/921 211/211/211
f 2371/2371/2371 2655/2655/2655 4607/4607/4607
f 2132/2132/2132 2321/2321/2321 4609/4609/4609
f 926/926/926 143/143/143 1140/1140/1140
f 935/935/935 203/203/203 346/346/346
f 1146/1146/1146 359/359/359 943/943/943
f 933/933/933 342/342/342 1145/1145/1145
f 948/948/948 944/944/944 352/352/352
f 4612/4612/4612 2625/2625/2625 2632/2632/2632
f 1149/1149/1149 908/908/908 212/212/212
f 914/914/914 254/254/254 165/165/165
f 884/884/884 159/159/159 893/893/893
f 925/925/925 166/166/166 887/887/887
f 235/235/235 1037/1037/1037 300/300/300
f 892/892/892 257/257/257 253/253/253
f 250/250/250 255/255/255 915/915/915
f 907/907/907 882/882/882 183/183/183
f 263/263/263 918/918/918 891/891/891
f 197/197/197 947/947/947 227/227/227
f 942/942/942 938/938/938 184/184/184
f 957/957/957 177/177/177 168/168/168
f 189/189/189 945/945/945 169/169/169
f 246/246/246 913/913/913 258/258/258
f 919/919/919 249/249/249 164/164/164
f 932/932/932 163/163/163 225/225/225
f 226/226/226 939/939/939 931/931/931
f 970/970/970 964/964/964 360/360/360
f 2329/2329/2329 2263/2263/2263 4283/4283/4283
f 2386/2386/2386 2419/2419/2419 4570/4570/4570
f 2387/2387/2387 4553/4553/4553 2382/2382/2382
f 2397/2397/2397 2404/2404/2404 4565/4565/4565
f 4455/4455/4455 2306/2306/2306 2129/2129/2129
f 2122/2122/2122 2135/2135/2135 4442/4442/4442
f 2388/2388/2388 4289/4289/4289 2131/2131/2131
f 4323/4323/4323 2109/2109/2109 2309/2309/2309
f 4383/4383/4383 2175/2175/2175 2180/2180/2180
f 4385/4385/4385 2168/2168/2168 2174/2174/2174
f 4391/4391/4391 2155/2155/2155 2166/2166/2166
f 2158/2158/2158 4320/4320/4320 2401/2401/2401
f 1161/1161/1161 1154/1154/1154 12/12/12
f 4459/4459/4459 2172/2172/2172 2230/2230/2230
f 2149/2149/2149 4285/4285/4285 2139/2139/2139
f 2164/2164/2164 2136/2136/2136 4378/4378/4378
f 4618/4618/4618 2335/2335/2335 2153/2153/2153
f 2145/2145/2145 2159/2159/2159 4608/4608/4608
f 2123/2123/2123 4445/4445/4445 2165/2165/2165
f 1109/1109/1109 1389/1389/1389 6/6/6
f 1164/1164/1164 1095/1095/1095 10/10/10
f 1112/1112/1112 1111/1111/1111 2/2/2
f 1122/1122/1122 108/108/108 1090/1090/1090
f 1409/1409/1409 1082/1082/1082 41/41/41
f 1136/1136/1136 112/112/112 1086/1086/1086
f 39/39/39 1398/1398/1398 1390/1390/1390
f 1116/1116/1116 31/31/31 1120/1120/1120
f 5/5/5 1163/1163/1163 1404/1404/1404
f 2234/2234/2234 2227/2227/2227 4461/4461/4461
f 1500/1500/1500 1513/1513/1513 5697/5697/5697
f 1514/1514/1514 1223/1223/1223 5677/5677/5677
f 1206/1206/1206 1159/1159/1159 5600/5600/5600
f 1213/1213/1213 1207/1207/1207 5667/5667/5667
f 1208/1208/1208 1186/1186/1186 5647/5647/5647
f 5699/5699/5699 1205/1205/1205 1197/1197/1197
f 5775/5775/5775 5690/5690/5690 1204/1204/1204
f 1200/1200/1200 5702/5702/5702 5776/5776/5776
f 5679/5679/5679 5698/5698/5698 1523/1523/1523
f 1530/1530/1530 5622/5622/5622 5651/5651/5651
f 5624/5624/5624 1182/1182/1182 5614/5614/5614
f 5668/5668/5668 5661/5661/5661 1504/1504/1504
f 5701/5701/5701 5694/5694/5694 1287/1287/1287
f 5610/5610/5610 1183/1183/1183 1173/1173/1173
f 13/13/13 1375/1375/1375 34/34/34
f 1216/1216/1216 5628/5628/5628 1222/1222/1222
f 1405/1405/1405 5602/5602/5602 1226/1226/1226
f 116/116/116 1160/1160/1160 105/105/105
f 113/113/113 1162/1162/1162 117/117/117
f 111/111/111 36/36/36 1169/1169/1169
f 5682/5682/5682 1176/1176/1176 1221/1221/1221
f 5724/5724/5724 1158/1158/1158 1151/1151/1151
f 5723/5723/5723 5606/5606/5606 1157/1157/1157
f 1152/1152/1152 9/9/9 5720/5720/5720
f 1179/1179/1179 1/1/1 8/8/8
f 38/38/38 1392/1392/1392 15/15/15
f 4/4/4 1189/1189/1189 7/7/7
f 1188/1188/1188 3/3/3 11/11/11
f 1219/1219/1219 5648/5648/5648 5612/5612/5612
f 5604/5604/5604 5645/5645/5645 1178/1178/1178
f 5687/5687/5687 5705/5705/5705 1515/1515/1515
f 109/109/109 1124/1124/1124 106/106/106
f 1007/1007/1007 69/69/69 1026/1026/1026
f 1012/1012/1012 70/70/70 1015/1015/1015
f 1000/1000/1000 1024/1024/1024 146/146/146
f 1001/1001/1001 121/121/121 982/982/982
f 994/994/994 147/147/147 76/76/76
f 1242/1242/1242 989/989/989 65/65/65
f 1253/1253/1253 200/200/200 1103/1103/1103
f 1060/1060/1060 88/88/88 1062/1062/1062
f 1100/1100/1100 96/96/96 1059/1059/1059
f 1025/1025/1025 126/126/126 1076/1076/1076
f 1237/1237/1237 221/221/221 1229/1229/1229
f 1070/1070/1070 130/130/130 1234/1234/1234
f 1248/1248/1248 1231/1231/1231 192/192/192
f 1009/1009/1009 102/102/102 1030/1030/1030
f 975/975/975 145/145/145 966/966/966
f 345/345/345 1144/1144/1144 188/188/188
f 178/178/178 965/965/965 218/218/218
f 968/968/968 181/181/181 171/171/171
f 974/974/974 179/179/179 199/199/199
f 1004/1004/1004 995/995/995 356/356/356
f 985/985/985 344/344/344 993/993/993
f 997/997/997 158/158/158 353/353/353
f 357/357/357 349/349/349 1002/1002/1002
f 990/990/990 347/347/347 157/157/157
f 187/187/187 216/216/216 978/978/978
f 202/202/202 988/988/988 217/217/217
f 348/348/348 1023/1023/1023 213/213/213
f 1016/1016/1016 350/350/350 1241/1241/1241
f 141/141/141 1240/1240/1240 351/351/351
f 1098/1098/1098 1092/1092/1092 97/97/97
f 1121/1121/1121 30/30/30 1123/1123/1123
f 1117/1117/1117 91/91/91 25/25/25
f 205/205/205 100/100/100 1093/1093/1093
f 60/60/60 1106/1106/1106 99/99/99
f 61/61/61 94/94/94 1114/1114/1114
f 1119/1119/1119 1113/1113/1113 95/95/95
f 1135/1135/1135 1127/1127/1127 14/14/14
f 44/44/44 1394/1394/1394 57/57/57
f 1393/1393/1393 45/45/45 48/48/48
f 1397/1397/1397 1084/1084/1084 56/56/56
f 20/20/20 1130/1130/1130 46/46/46
f 1133/1133/1133 19/19/19 24/24/24
f 1083/1083/1083 23/23/23 54/54/54
f 1399/1399/1399 47/47/47 51/51/51
f 115/115/115 1108/1108/1108 50/50/50
f 1011/1011/1011 67/67/67 134/134/134
f 1006/1006/1006 71/71/71 135/135/135
f 1013/1013/1013 79/79/79 66/66/66
f 75/75/75 1029/1029/1029 153/153/153
f 1230/1230/1230 74/74/74 120/120/120
f 1249/1249/1249 78/78/78 81/81/81
f 1022/1022/1022 154/154/154 148/148/148
f 194/194/194 1088/1088/1088 85/85/85
f 1096/1096/1096 198/198/198 204/204/204
f 228/228/228 1235/1235/1235 210/210/210
f 137/137/137 128/128/128 1077/1077/1077
f 132/132/132 1072/1072/1072 129/129/129
f 219/219/219 1069/1069/1069 133/133/133
f 1101/1101/1101 123/123/123 64/64/64
f 1134/1134/1134 214/214/214 82/82/82
f 1402/1402/1402 1091/1091/1091 207/207/207
f 4301/4301/4301 2399/2399/2399 2213/2213/2213
f 3579/3579/3579 3283/3283/3283 3584/3584/3584
usemtl Default Material
f 40/40/40 32/32/32 5609/5609/5609
f 33/33/33 35/35/35 5646/5646/5646
f 37/37/37 114/114/114 5633/5633/5633
f 110/110/110 119/119/119 5721/5721/5721
f 118/118/118 104/104/104 6279/6279/6279
f 103/103/103 107/107/107 6291/6291/6291
f 52/52/52 59/59/59 6277/6277/6277
f 58/58/58 43/43/43 6301/6301/6301
f 42/42/42 55/55/55 6296/6296/6296
f 53/53/53 49/49/49 6262/6262/6262
f 22/22/22 18/18/18 6254/6254/6254
f 21/21/21 16/16/16 5874/5874/5874
f 17/17/17 29/29/29 6270/6270/6270
f 28/28/28 27/27/27 5788/5788/5788
f 26/26/26 93/93/93 5767/5767/5767
f 92/92/92 86/86/86 5752/5752/5752
f 90/90/90 89/89/89 5765/5765/5765
f 87/87/87 98/98/98 5746/5746/5746
f 101/101/101 206/206/206 5825/5825/5825
f 201/201/201 195/195/195 5759/5759/5759
f 196/196/196 84/84/84 5960/5960/5960
f 83/83/83 215/215/215 5940/5940/5940
f 222/222/222 208/208/208 5902/5902/5902
f 209/209/209 127/127/127 5952/5952/5952
f 125/125/125 124/124/124 5925/5925/5925
f 122/122/122 136/136/136 5914/5914/5914
f 138/138/138 131/131/131 6003/6003/6003
f 68/68/68 62/62/62 6004/6004/6004
f 63/63/63 80/80/80 5934/5934/5934
f 77/77/77 72/72/72 5886/5886/5886
f 73/73/73 152/152/152 5878/5878/5878
f 150/150/150 151/151/151 5838/5838/5838
f 149/149/149 156/156/156 5888/5888/5888
f 155/155/155 139/139/139 5854/5854/5854
f 140/140/140 144/144/144 5847/5847/5847
f 142/142/142 355/355/355 5860/5860/5860
f 354/354/354 358/358/358 6104/6104/6104
f 361/361/361 343/343/343 6187/6187/6187
f 224/224/224 190/190/190 6113/6113/6113
f 229/229/229 191/191/191 6501/6501/6501
f 193/193/193 175/175/175 6496/6496/6496
f 174/174/174 182/182/182 6455/6455/6455
f 186/186/186 223/223/223 6508/6508/6508
f 162/162/162 172/172/172 6468/6468/6468
f 170/170/170 260/260/260 6458/6458/6458
f 259/259/259 269/269/269 6482/6482/6482
f 261/261/261 240/240/240 6473/6473/6473
f 231/231/231 251/251/251 6007/6007/6007
f 252/252/252 466/466/466 6008/6008/6008
f 465/465/465 444/444/444 6001/6001/6001
f 442/442/442 455/455/455 6022/6022/6022
f 454/454/454 328/328/328 6011/6011/6011
f 329/329/329 337/337/337 6239/6239/6239
f 341/341/341 309/309/309 6235/6235/6235
f 304/304/304 323/323/323 6205/6205/6205
f 313/313/313 306/306/306 6246/6246/6246
f 287/287/287 280/280/280 6243/6243/6243
f 279/279/279 291/291/291 6648/6648/6648
f 290/290/290 334/334/334 6652/6652/6652
f 294/294/294 335/335/335 6651/6651/6651
f 333/333/333 276/276/276 6641/6641/6641
f 270/270/270 372/372/372 6645/6645/6645
f 379/379/379 378/378/378 6632/6632/6632
f 390/390/390 549/549/549 6637/6637/6637
f 550/550/550 369/369/369 6626/6626/6626
f 370/370/370 537/537/537 6628/6628/6628
f 536/536/536 545/545/545 6331/6331/6331
f 544/544/544 535/535/535 6338/6338/6338
f 547/547/547 538/538/538 6096/6096/6096
f 540/540/540 423/423/423 6145/6145/6145
f 422/422/422 434/434/434 6154/6154/6154
f 435/435/435 416/416/416 6153/6153/6153
f 415/415/415 421/421/421 6142/6142/6142
f 420/420/420 401/401/401 6163/6163/6163
f 400/400/400 409/409/409 6155/6155/6155
f 408/408/408 484/484/484 6184/6184/6184
f 485/485/485 395/395/395 6171/6171/6171
f 394/394/394 476/476/476 6194/6194/6194
f 475/475/475 480/480/480 6190/6190/6190
f 481/481/481 642/642/642 6204/6204/6204
f 631/631/631 625/625/625 6225/6225/6225
f 626/626/626 514/514/514 6220/6220/6220
f 523/523/523 518/518/518 6242/6242/6242
f 532/532/532 509/509/509 6233/6233/6233
f 510/510/510 517/517/517 6428/6428/6428
f 516/516/516 500/500/500 6401/6401/6401
f 499/499/499 502/502/502 6414/6414/6414
f 506/506/506 491/491/491 6861/6861/6861
f 492/492/492 495/495/495 6823/6823/6823
f 496/496/496 569/569/569 6838/6838/6838
f 567/567/567 487/487/487 6836/6836/6836
f 572/572/572 562/562/562 6832/6832/6832
f 561/561/561 556/556/556 6826/6826/6826
f 559/559/559 724/724/724 6830/6830/6830
f 725/725/725 717/717/717 6542/6542/6542
f 716/716/716 711/711/711 6548/6548/6548
f 710/710/710 707/707/707 6549/6549/6549
f 709/709/709 622/622/622 6537/6537/6537
f 623/623/623 616/616/616 6541/6541/6541
f 615/615/615 608/608/608 6530/6530/6530
f 607/607/607 597/597/597 6325/6325/6325
f 596/596/596 587/587/587 6328/6328/6328
f 586/586/586 598/598/598 6309/6309/6309
f 599/599/599 579/579/579 6317/6317/6317
f 580/580/580 592/592/592 6382/6382/6382
f 593/593/593 656/656/656 6387/6387/6387
f 582/582/582 577/577/577 6368/6368/6368
f 578/578/578 658/658/658 6373/6373/6373
f 646/646/646 661/661/661 6364/6364/6364
f 660/660/660 802/802/802 6345/6345/6345
f 803/803/803 652/652/652 6353/6353/6353
f 651/651/651 790/790/790 6445/6445/6445
f 810/810/810 805/805/805 6443/6443/6443
f 804/804/804 795/795/795 6452/6452/6452
f 792/792/792 782/782/782 6431/6431/6431
f 786/786/786 703/703/703 6433/6433/6433
f 702/702/702 697/697/697 6584/6584/6584
f 696/696/696 694/694/694 6588/6588/6588
f 693/693/693 687/687/687 7083/7083/7083
f 688/688/688 683/683/683 6577/6577/6577
f 682/682/682 680/680/680 7058/7058/7058
f 678/678/678 672/672/672 7085/7085/7085
f 701/701/701 663/663/663 7041/7041/7041
f 745/745/745 875/875/875 7036/7036/7036
f 878/878/878 872/872/872 6691/6691/6691
f 871/871/871 866/866/866 6686/6686/6686
f 865/865/865 862/862/862 6681/6681/6681
f 863/863/863 768/768/768 6692/6692/6692
f 767/767/767 755/755/755 6666/6666/6666
f 732/732/732 778/778/778 7068/7068/7068
f 779/779/779 762/762/762 6660/6660/6660
f 761/761/761 751/751/751 6662/6662/6662
f 750/750/750 956/956/956 6574/6574/6574
f 955/955/955 754/754/754 6529/6529/6529
f 753/753/753 757/757/757 6562/6562/6562
f 758/758/758 963/963/963 6575/6575/6575
f 962/962/962 959/959/959 6536/6536/6536
f 958/958/958 953/953/953 6560/6560/6560
f 954/954/954 949/949/949 6550/6550/6550
f 950/950/950 822/822/822 6555/6555/6555
f 823/823/823 817/817/817 6617/6617/6617
f 816/816/816 813/813/813 6624/6624/6624
f 814/814/814 812/812/812 6601/6601/6601
f 811/811/811 838/838/838 6607/6607/6607
f 826/826/826 820/820/820 6595/6595/6595
f 819/819/819 828/828/828 6600/6600/6600
f 827/827/827 842/842/842 6583/6583/6583
f 844/844/844 856/856/856 6586/6586/6586
f 857/857/857 834/834/834 7235/7235/7235
f 835/835/835 846/846/846 6769/6769/6769
f 847/847/847 1032/1032/1032 7252/7252/7252
f 1033/1033/1033 1042/1042/1042 7274/7274/7274
f 1041/1041/1041 830/830/830 7221/7221/7221
f 852/852/852 1051/1051/1051 7259/7259/7259
f 1050/1050/1050 899/899/899 7244/7244/7244
f 897/897/897 901/901/901 7237/7237/7237
f 885/885/885 1040/1040/1040 7232/7232/7232
f 1043/1043/1043 898/898/898 7226/7226/7226
f 894/894/894 922/922/922 6930/6930/6930
f 924/924/924 903/903/903 6925/6925/6925
f 904/904/904 889/889/889 7261/7261/7261
f 888/888/888 917/917/917 6904/6904/6904
f 912/912/912 927/927/927 6898/6898/6898
f 928/928/928 929/929/929 6885/6885/6885
f 936/936/936 905/905/905 6661/6661/6661
f 937/937/937 910/910/910 6768/6768/6768
f 911/911/911 972/972/972 6726/6726/6726
f 973/973/973 977/977/977 6722/6722/6722
f 976/976/976 1139/1139/1139 6714/6714/6714
f 1138/1138/1138 1142/1142/1142 6703/6703/6703
f 1143/1143/1143 996/996/996 6810/6810/6810
f 998/998/998 999/999/999 6782/6782/6782
f 980/980/980 969/969/969 6807/6807/6807
f 971/971/971 992/992/992 6802/6802/6802
f 991/991/991 1027/1027/1027 6793/6793/6793
f 1028/1028/1028 1014/1014/1014 6809/6809/6809
f 1005/1005/1005 987/987/987 6780/6780/6780
f 979/979/979 986/986/986 6794/6794/6794
f 984/984/984 1246/1246/1246 7269/7269/7269
f 1247/1247/1247 1252/1252/1252 6786/6786/6786
f 1251/1251/1251 1003/1003/1003 7519/7519/7519
f 1010/1010/1010 1017/1017/1017 7489/7489/7489
f 1019/1019/1019 1074/1074/1074 7457/7457/7457
f 1075/1075/1075 1078/1078/1078 7436/7436/7436
f 1079/1079/1079 1233/1233/1233 7115/7115/7115
f 1232/1232/1232 1239/1239/1239 7093/7093/7093
f 1238/1238/1238 1063/1063/1063 7491/7491/7491
f 1064/1064/1064 1097/1097/1097 7501/7501/7501
f 1085/1085/1085 1066/1066/1066 7513/7513/7513
f 1067/1067/1067 1244/1244/1244 7149/7149/7149
f 1245/1245/1245 1131/1131/1131 7095/7095/7095
f 1132/1132/1132 1089/1089/1089 7101/7101/7101
f 1087/1087/1087 1081/1081/1081 7168/7168/7168
f 1080/1080/1080 1102/1102/1102 7174/7174/7174
f 1099/1099/1099 1400/1400/1400 7124/7124/7124
f 1401/1401/1401 1115/1115/1115 6959/6959/6959
f 1118/1118/1118 1107/1107/1107 6940/6940/6940
f 1137/1137/1137 1125/1125/1125 6961/6961/6961
f 1126/1126/1126 1395/1395/1395 6971/6971/6971
f 1396/1396/1396 1374/1374/1374 6967/6967/6967
f 1372/1372/1372 1406/1406/1406 6938/6938/6938
f 1407/1407/1407 1387/1387/1387 6952/6952/6952
f 1388/1388/1388 1191/1191/1191 6976/6976/6976
f 1190/1190/1190 1150/1150/1150 6991/6991/6991
f 1403/1403/1403 1171/1171/1171 7019/7019/7019
f 1156/1156/1156 1167/1167/1167 6980/6980/6980
f 1165/1165/1165 1218/1218/1218 6994/6994/6994
f 1220/1220/1220 1185/1185/1185 7449/7449/7449
f 1201/1201/1201 1210/1210/1210 7437/7437/7437
f 1214/1214/1214 1224/1224/1224 7473/7473/7473
f 1217/1217/1217 1516/1516/1516 7446/7446/7446
f 1517/1517/1517 1491/1491/1491 7656/7656/7656
f 1502/1502/1502 1540/1540/1540 7657/7657/7657
f 1518/1518/1518 1505/1505/1505 7662/7662/7662
f 1506/1506/1506 1254/1254/1254 7664/7664/7664
f 1255/1255/1255 1531/1531/1531 7663/7663/7663
f 1260/1260/1260 1276/1276/1276 7345/7345/7345
f 1290/1290/1290 1263/1263/1263 7294/7294/7294
f 1264/1264/1264 1284/1284/1284 7289/7289/7289
f 1285/1285/1285 1298/1298/1298 7322/7322/7322
f 1313/1313/1313 1302/1302/1302 7302/7302/7302
f 1336/1336/1336 1325/1325/1325 7330/7330/7330
f 1328/1328/1328 1360/1360/1360 7319/7319/7319
f 1362/1362/1362 1331/1331/1331 7353/7353/7353
f 1330/1330/1330 1385/1385/1385 7359/7359/7359
f 1366/1366/1366 1349/1349/1349 7373/7373/7373
f 1351/1351/1351 1423/1423/1423 7370/7370/7370
f 1422/1422/1422 1599/1599/1599 7182/7182/7182
f 1596/1596/1596 1618/1618/1618 7183/7183/7183
f 1632/1632/1632 1620/1620/1620 7185/7185/7185
f 1622/1622/1622 1413/1413/1413 7190/7190/7190
f 1414/1414/1414 1627/1627/1627 7198/7198/7198
f 1625/1625/1625 1437/1437/1437 7184/7184/7184
f 1426/1426/1426 1416/1416/1416 7210/7210/7210
f 1420/1420/1420 1456/1456/1456 7196/7196/7196
f 1450/1450/1450 1443/1443/1443 7219/7219/7219
f 1445/1445/1445 1458/1458/1458 7203/7203/7203
f 1470/1470/1470 1462/1462/1462 7222/7222/7222
f 1463/1463/1463 1482/1482/1482 7215/7215/7215
f 1483/1483/1483 1495/1495/1495 7648/7648/7648
f 1484/1484/1484 1490/1490/1490 7651/7651/7651
f 1478/1478/1478 1441/1441/1441 7204/7204/7204
f 1453/1453/1453 1709/1709/1709 7652/7652/7652
f 1710/1710/1710 1727/1727/1727 7823/7823/7823
f 1726/1726/1726 1722/1722/1722 7835/7835/7835
f 1720/1720/1720 1480/1480/1480 7826/7826/7826
f 1481/1481/1481 1541/1541/1541 7795/7795/7795
f 1542/1542/1542 1559/1559/1559 7528/7528/7528
f 1558/1558/1558 1554/1554/1554 7536/7536/7536
f 1553/1553/1553 1715/1715/1715 7530/7530/7530
f 1543/1543/1543 1593/1593/1593 7527/7527/7527
f 1594/1594/1594 1586/1586/1586 7588/7588/7588
f 1587/1587/1587 1567/1567/1567 7574/7574/7574
f 1578/1578/1578 1564/1564/1564 7546/7546/7546
f 1563/1563/1563 1793/1793/1793 7545/7545/7545
f 1795/1795/1795 1579/1579/1579 7594/7594/7594
f 1584/1584/1584 1585/1585/1585 7593/7593/7593
f 1590/1590/1590 1573/1573/1573 7570/7570/7570
f 1572/1572/1572 1648/1648/1648 7559/7559/7559
f 1650/1650/1650 1665/1665/1665 7417/7417/7417
f 1667/1667/1667 1660/1660/1660 7391/7391/7391
f 1668/1668/1668 1659/1659/1659 7382/7382/7382
f 1661/1661/1661 1797/1797/1797 7404/7404/7404
f 1796/1796/1796 1814/1814/1814 7433/7433/7433
f 1812/1812/1812 1646/1646/1646 7418/7418/7418
f 1647/1647/1647 1653/1653/1653 7400/7400/7400
f 1656/1656/1656 1699/1699/1699 7420/7420/7420
f 1698/1698/1698 1686/1686/1686 7808/7808/7808
f 1692/1692/1692 1742/1742/1742 7792/7792/7792
f 1745/1745/1745 1748/1748/1748 7429/7429/7429
f 1747/1747/1747 1678/1678/1678 7434/7434/7434
f 1677/1677/1677 1675/1675/1675 7820/7820/7820
f 1673/1673/1673 1685/1685/1685 7784/7784/7784
f 1684/1684/1684 1682/1682/1682 7782/7782/7782
f 1681/1681/1681 1916/1916/1916 7801/7801/7801
f 1915/1915/1915 1918/1918/1918 7677/7677/7677
f 1919/1919/1919 1902/1902/1902 7674/7674/7674
f 1903/1903/1903 1913/1913/1913 8042/8042/8042
f 1914/1914/1914 1735/1735/1735 8036/8036/8036
f 1736/1736/1736 1738/1738/1738 7696/7696/7696
f 1739/1739/1739 1924/1924/1924 7693/7693/7693
f 1923/1923/1923 1731/1731/1731 7669/7669/7669
f 1922/1922/1922 1863/1863/1863 7682/7682/7682
f 1864/1864/1864 1870/1870/1870 7702/7702/7702
f 1871/1871/1871 2019/2019/2019 7692/7692/7692
f 1872/1872/1872 2017/2017/2017 7686/7686/7686
f 2024/2024/2024 1911/1911/1911 7697/7697/7697
f 1894/1894/1894 1893/1893/1893 7720/7720/7720
f 1892/1892/1892 1898/1898/1898 7712/7712/7712
f 1901/1901/1901 1881/1881/1881 7701/7701/7701
f 1875/1875/1875 2009/2009/2009 7700/7700/7700
f 2008/2008/2008 1827/1827/1827 7605/7605/7605
f 1828/1828/1828 1839/1839/1839 7604/7604/7604
f 1773/1773/1773 1782/1782/1782 7598/7598/7598
f 1781/1781/1781 1857/1857/1857 7611/7611/7611
f 1855/1855/1855 2011/2011/2011 7619/7619/7619
f 2010/2010/2010 1830/1830/1830 7620/7620/7620
f 1820/1820/1820 1842/1842/1842 7617/7617/7617
f 1794/1794/1794 1945/1945/1945 7638/7638/7638
f 1944/1944/1944 1932/1932/1932 8053/8053/8053
f 1931/1931/1931 1938/1938/1938 8000/8000/8000
f 1930/1930/1930 2080/2080/2080 7994/7994/7994
f 2079/2079/2079 1768/1768/1768 8022/8022/8022
f 1771/1771/1771 1770/1770/1770 8038/8038/8038
f 1769/1769/1769 1749/1749/1749 8037/8037/8037
f 1750/1750/1750 1758/1758/1758 8072/8072/8072
f 1765/1765/1765 2061/2061/2061 8051/8051/8051
f 2064/2064/2064 2069/2069/2069 8291/8291/8291
f 2070/2070/2070 2052/2052/2052 8262/8262/8262
f 2050/2050/2050 2034/2034/2034 8226/8226/8226
f 2036/2036/2036 2083/2083/2083 8236/8236/8236
f 1925/1925/1925 1927/1927/1927 8308/8308/8308
f 2081/2081/2081 2068/2068/2068 7857/7857/7857
f 2067/2067/2067 2073/2073/2073 8276/8276/8276
f 2074/2074/2074 2199/2199/2199 8282/8282/8282
f 2198/2198/2198 2204/2204/2204 8153/8153/8153
f 2203/2203/2203 2187/2187/2187 8155/8155/8155
f 2212/2212/2212 2192/2192/2192 8169/8169/8169
f 2193/2193/2193 2056/2056/2056 8131/8131/8131
f 2035/2035/2035 2044/2044/2044 8192/8192/8192
f 2043/2043/2043 2032/2032/2032 8208/8208/8208
f 2033/2033/2033 2026/2026/2026 8176/8176/8176
f 2027/2027/2027 1976/1976/1976 8184/8184/8184
f 1974/1974/1974 1981/1981/1981 7761/7761/7761
f 1983/1983/1983 1967/1967/1967 7755/7755/7755
f 1966/1966/1966 1973/1973/1973 7750/7750/7750
f 1962/1962/1962 1988/1988/1988 7775/7775/7775
f 2001/2001/2001 2197/2197/2197 7711/7711/7711
f 2195/2195/2195 1989/1989/1989 7741/7741/7741
f 1990/1990/1990 2184/2184/2184 7727/7727/7727
f 1986/1986/1986 2089/2089/2089 7742/7742/7742
f 2088/2088/2088 2113/2113/2113 7891/7891/7891
f 2114/2114/2114 2101/2101/2101 7908/7908/7908
f 2102/2102/2102 2093/2093/2093 7863/7863/7863
f 2094/2094/2094 1959/1959/1959 7877/7877/7877
f 2116/2116/2116 1947/1947/1947 7932/7932/7932
f 1948/1948/1948 2096/2096/2096 7896/7896/7896
f 2098/2098/2098 2090/2090/2090 7913/7913/7913
f 2091/2091/2091 2218/2218/2218 7860/7860/7860
f 2229/2229/2229 2226/2226/2226 8021/8021/8021
f 2225/2225/2225 2224/2224/2224 7993/7993/7993
f 2223/2223/2223 2217/2217/2217 8009/8009/8009
f 2216/2216/2216 2244/2244/2244 7988/7988/7988
f 2245/2245/2245 2238/2238/2238 8052/8052/8052
f 2237/2237/2237 2235/2235/2235 8065/8065/8065
f 2236/2236/2236 2231/2231/2231 8034/8034/8034
f 2246/2246/2246 2394/2394/2394 8057/8057/8057
f 2393/2393/2393 2384/2384/2384 7970/7970/7970
f 2383/2383/2383 2181/2181/2181 7973/7973/7973
f 2176/2176/2176 2392/2392/2392 7962/7962/7962
f 2169/2169/2169 2206/2206/2206 7969/7969/7969
f 2416/2416/2416 2222/2222/2222 7984/7984/7984
f 2221/2221/2221 2402/2402/2402 7987/7987/7987
f 2400/2400/2400 2396/2396/2396 7977/7977/7977
f 2420/2420/2420 2137/2137/2137 7981/7981/7981
f 2144/2144/2144 2151/2151/2151 8090/8090/8090
f 2152/2152/2152 2127/2127/2127 8097/8097/8097
f 2128/2128/2128 2141/2141/2141 8514/8514/8514
f 2142/2142/2142 2157/2157/2157 8524/8524/8524
f 2156/2156/2156 2177/2177/2177 8127/8127/8127
f 2178/2178/2178 2148/2148/2148 8120/8120/8120
f 2147/2147/2147 2160/2160/2160 8101/8101/8101
f 2167/2167/2167 2257/2257/2257 8109/8109/8109
f 2256/2256/2256 2292/2292/2292 8483/8483/8483
f 2293/2293/2293 2487/2487/2487 8480/8480/8480
f 2488/2488/2488 2272/2272/2272 8077/8077/8077
f 2258/2258/2258 2108/2108/2108 8469/8469/8469
f 2130/2130/2130 2124/2124/2124 8529/8529/8529
f 2125/2125/2125 2312/2312/2312 8501/8501/8501
f 2313/2313/2313 2103/2103/2103 8519/8519/8519
f 2106/2106/2106 2467/2467/2467 8491/8491/8491
f 2468/2468/2468 2462/2462/2462 8647/8647/8647
f 2461/2461/2461 2454/2454/2454 8641/8641/8641
f 2423/2423/2423 2449/2449/2449 8618/8618/8618
f 2444/2444/2444 2494/2494/2494 8633/8633/8633
f 2490/2490/2490 2485/2485/2485 8643/8643/8643
f 2483/2483/2483 2479/2479/2479 8655/8655/8655
f 2478/2478/2478 2471/2471/2471 8630/8630/8630
f 2442/2442/2442 2375/2375/2375 8632/8632/8632
f 2376/2376/2376 2633/2633/2633 8577/8577/8577
f 2369/2369/2369 2359/2359/2359 8579/8579/8579
f 2360/2360/2360 2381/2381/2381 8569/8569/8569
f 2379/2379/2379 2643/2643/2643 8561/8561/8561
f 2651/2651/2651 2636/2636/2636 8603/8603/8603
f 2370/2370/2370 2645/2645/2645 8610/8610/8610
f 2648/2648/2648 2662/2662/2662 8586/8586/8586
f 2661/2661/2661 2549/2549/2549 8589/8589/8589
f 2544/2544/2544 2524/2524/2524 8330/8330/8330
f 2523/2523/2523 2284/2284/2284 8339/8339/8339
f 2286/2286/2286 2275/2275/2275 8335/8335/8335
f 2276/2276/2276 2328/2328/2328 8331/8331/8331
f 2326/2326/2326 2259/2259/2259 7955/7955/7955
f 2260/2260/2260 2337/2337/2337 7954/7954/7954
f 2336/2336/2336 2347/2347/2347 8342/8342/8342
f 2351/2351/2351 2609/2609/2609 7950/7950/7950
f 2603/2603/2603 2611/2611/2611 8654/8654/8654
f 2610/2610/2610 2555/2555/2555 8650/8650/8650
f 2556/2556/2556 2561/2561/2561 8646/8646/8646
f 2563/2563/2563 2572/2572/2572 8645/8645/8645
f 2565/2565/2565 2573/2573/2573 8323/8323/8323
f 2575/2575/2575 2529/2529/2529 8329/8329/8329
f 2530/2530/2530 2812/2812/2812 8318/8318/8318
f 2806/2806/2806 2845/2845/2845 8325/8325/8325
f 2846/2846/2846 2822/2822/2822 8423/8423/8423
f 2821/2821/2821 2810/2810/2810 8437/8437/8437
f 2807/2807/2807 2815/2815/2815 8414/8414/8414
f 2590/2590/2590 2817/2817/2817 8430/8430/8430
f 2816/2816/2816 2613/2613/2613 8460/8460/8460
f 2581/2581/2581 2582/2582/2582 8454/8454/8454
f 2583/2583/2583 2698/2698/2698 8446/8446/8446
f 2699/2699/2699 2718/2718/2718 8441/8441/8441
f 2719/2719/2719 2705/2705/2705 8390/8390/8390
f 2707/2707/2707 2693/2693/2693 8387/8387/8387
f 2695/2695/2695 2668/2668/2668 8383/8383/8383
f 2669/2669/2669 2684/2684/2684 8372/8372/8372
f 2703/2703/2703 2687/2687/2687 8422/8422/8422
f 2688/2688/2688 2664/2664/2664 8419/8419/8419
f 2666/2666/2666 2539/2539/2539 8411/8411/8411
f 2534/2534/2534 2542/2542/2542 8402/8402/8402
f 2543/2543/2543 2500/2500/2500 8876/8876/8876
f 2540/2540/2540 2768/2768/2768 8864/8864/8864
f 2767/2767/2767 2506/2506/2506 8841/8841/8841
f 2505/2505/2505 2538/2538/2538 8839/8839/8839
f 2537/2537/2537 2518/2518/2518 8531/8531/8531
f 2519/2519/2519 2522/2522/2522 8557/8557/8557
f 2501/2501/2501 2996/2996/2996 8862/8862/8862
f 2997/2997/2997 3002/3002/3002 8858/8858/8858
f 2990/2990/2990 2791/2791/2791 8458/8458/8458
f 2789/2789/2789 2797/2797/2797 8452/8452/8452
f 2796/2796/2796 2771/2771/2771 8448/8448/8448
f 2772/2772/2772 2775/2775/2775 8459/8459/8459
f 2800/2800/2800 2778/2778/2778 8843/8843/8843
f 2781/2781/2781 2787/2787/2787 8842/8842/8842
f 2784/2784/2784 2830/2830/2830 8836/8836/8836
f 2831/2831/2831 2838/2838/2838 8833/8833/8833
f 2839/2839/2839 3010/3010/3010 8824/8824/8824
f 2837/2837/2837 2853/2853/2853 9217/9217/9217
f 2855/2855/2855 2982/2982/2982 8831/8831/8831
f 2983/2983/2983 2987/2987/2987 8815/8815/8815
f 2988/2988/2988 2995/2995/2995 8801/8801/8801
f 2993/2993/2993 3000/3000/3000 8825/8825/8825
f 2999/2999/2999 2884/2884/2884 8803/8803/8803
f 2882/2882/2882 2742/2742/2742 8810/8810/8810
f 2740/2740/2740 2892/2892/2892 9231/9231/9231
f 2894/2894/2894 2879/2879/2879 9229/9229/9229
f 2880/2880/2880 2869/2869/2869 9235/9235/9235
f 2870/2870/2870 2861/2861/2861 9237/9237/9237
f 2863/2863/2863 2866/2866/2866 9206/9206/9206
f 2867/2867/2867 2840/2840/2840 9198/9198/9198
f 2841/2841/2841 2925/2925/2925 9213/9213/9213
f 2924/2924/2924 2923/2923/2923 9221/9221/9221
f 2922/2922/2922 2731/2731/2731 8751/8751/8751
f 2734/2734/2734 2762/2762/2762 8738/8738/8738
f 2760/2760/2760 2737/2737/2737 8752/8752/8752
f 2736/2736/2736 2726/2726/2726 8750/8750/8750
f 2725/2725/2725 2746/2746/2746 8748/8748/8748
f 2748/2748/2748 2738/2738/2738 8346/8346/8346
f 2739/2739/2739 2963/2963/2963 8348/8348/8348
f 2958/2958/2958 2977/2977/2977 8786/8786/8786
f 2978/2978/2978 2971/2971/2971 8773/8773/8773
f 2972/2972/2972 2951/2951/2951 8755/8755/8755
f 2950/2950/2950 2938/2938/2938 8782/8782/8782
f 2942/2942/2942 2956/2956/2956 8791/8791/8791
f 2974/2974/2974 2970/2970/2970 8772/8772/8772
f 2968/2968/2968 2947/2947/2947 8759/8759/8759
f 2948/2948/2948 3020/3020/3020 8784/8784/8784
f 3021/3021/3021 3029/3029/3029 8687/8687/8687
f 3030/3030/3030 3028/3028/3028 8696/8696/8696
f 3031/3031/3031 3013/3013/3013 8988/8988/8988
f 3014/3014/3014 3007/3007/3007 8684/8684/8684
f 3006/3006/3006 3144/3144/3144 8998/8998/8998
f 3145/3145/3145 3170/3170/3170 9011/9011/9011
f 3169/3169/3169 3151/3151/3151 8964/8964/8964
f 3152/3152/3152 2910/2910/2910 8995/8995/8995
f 2912/2912/2912 3037/3037/3037 8749/8749/8749
f 3035/3035/3035 2916/2916/2916 9061/9061/9061
f 2919/2919/2919 3050/3050/3050 8705/8705/8705
f 3051/3051/3051 3045/3045/3045 8712/8712/8712
f 3042/3042/3042 3022/3022/3022 8727/8727/8727
f 3049/3049/3049 3047/3047/3047 8702/8702/8702
f 3048/3048/3048 3023/3023/3023 8671/8671/8671
f 3024/3024/3024 3115/3115/3115 8716/8716/8716
f 3114/3114/3114 3081/3081/3081 8923/8923/8923
f 3130/3130/3130 3129/3129/3129 8911/8911/8911
f 3126/3126/3126 3092/3092/3092 8895/8895/8895
f 3088/3088/3088 3083/3083/3083 8919/8919/8919
f 3084/3084/3084 2901/2901/2901 8899/8899/8899
f 2900/2900/2900 2931/2931/2931 8891/8891/8891
f 2932/2932/2932 2904/2904/2904 8867/8867/8867
f 2905/2905/2905 3294/3294/3294 8875/8875/8875
f 3295/3295/3295 3323/3323/3323 8977/8977/8977
f 3324/3324/3324 3309/3309/3309 8962/8962/8962
f 3311/3311/3311 3136/3136/3136 8958/8958/8958
f 3137/3137/3137 3134/3134/3134 8970/8970/8970
f 3135/3135/3135 3141/3141/3141 8917/8917/8917
f 3140/3140/3140 3123/3123/3123 8946/8946/8946
f 3121/3121/3121 3119/3119/3119 8925/8925/8925
f 3118/3118/3118 3163/3163/3163 8913/8913/8913
f 3162/3162/3162 3186/3186/3186 9617/9617/9617
f 3187/3187/3187 3173/3173/3173 9610/9610/9610
f 3174/3174/3174 3166/3166/3166 9169/9169/9169
f 3167/3167/3167 3336/3336/3336 9189/9189/9189
f 3337/3337/3337 3333/3333/3333 9190/9190/9190
f 3332/3332/3332 3298/3298/3298 9186/9186/9186
f 3304/3304/3304 3296/3296/3296 9157/9157/9157
f 3164/3164/3164 3107/3107/3107 9188/9188/9188
f 3105/3105/3105 3096/3096/3096 9293/9293/9293
f 3095/3095/3095 3066/3066/3066 9256/9256/9256
f 3062/3062/3062 3057/3057/3057 9244/9244/9244
f 3055/3055/3055 3078/3078/3078 9665/9665/9665
f 3079/3079/3079 3200/3200/3200 9660/9660/9660
f 3201/3201/3201 3183/3183/3183 9625/9625/9625
f 3184/3184/3184 3204/3204/3204 9623/9623/9623
f 3206/3206/3206 3275/3275/3275 9636/9636/9636
f 3273/3273/3273 3555/3555/3555 9140/9140/9140
f 3549/3549/3549 3556/3556/3556 9108/9108/9108
f 3553/3553/3553 3265/3265/3265 9124/9124/9124
f 3269/3269/3269 3271/3271/3271 9114/9114/9114
f 3270/3270/3270 3535/3535/3535 9122/9122/9122
f 3532/3532/3532 3537/3537/3537 9077/9077/9077
f 3536/3536/3536 3558/3558/3558 9084/9084/9084
f 3559/3559/3559 3104/3104/3104 9096/9096/9096
f 3106/3106/3106 3223/3223/3223 9156/9156/9156
f 3229/3229/3229 3220/3220/3220 9150/9150/9150
f 3217/3217/3217 3286/3286/3286 9164/9164/9164
f 3281/3281/3281 3226/3226/3226 9165/9165/9165
f 3225/3225/3225 3227/3227/3227 9138/9138/9138
f 3230/3230/3230 3261/3261/3261 9132/9132/9132
f 3260/3260/3260 3288/3288/3288 9144/9144/9144
f 3287/3287/3287 3397/3397/3397 9139/9139/9139
f 3395/3395/3395 3231/3231/3231 9040/9040/9040
f 3233/3233/3233 3244/3244/3244 9012/9012/9012
f 3238/3238/3238 3361/3361/3361 9014/9014/9014
f 3362/3362/3362 3363/3363/3363 9024/9024/9024
f 3364/3364/3364 3209/3209/3209 9018/9018/9018
f 3210/3210/3210 3213/3213/3213 9387/9387/9387
f 3212/3212/3212 3256/3256/3256 9381/9381/9381
f 3252/3252/3252 3565/3565/3565 9390/9390/9390
f 3566/3566/3566 3330/3330/3330 9471/9471/9471
f 3329/3329/3329 3371/3371/3371 9480/9480/9480
f 3373/3373/3373 3302/3302/3302 9479/9479/9479
f 3300/3300/3300 3317/3317/3317 9073/9073/9073
f 3318/3318/3318 3327/3327/3327 9039/9039/9039
f 3341/3341/3341 3345/3345/3345 9031/9031/9031
f 3342/3342/3342 3356/3356/3356 9013/9013/9013
f 3359/3359/3359 3523/3523/3523 9035/9035/9035
f 3521/3521/3521 3528/3528/3528 9317/9317/9317
f 3525/3525/3525 3749/3749/3749 9333/9333/9333
f 3490/3490/3490 3721/3721/3721 9357/9357/9357
f 3724/3724/3724 3732/3732/3732 9351/9351/9351
f 3735/3735/3735 3777/3777/3777 9318/9318/9318
f 3779/3779/3779 3600/3600/3600 9310/9310/9310
f 3604/3604/3604 3605/3605/3605 9284/9284/9284
f 3603/3603/3603 3511/3511/3511 9319/9319/9319
f 3510/3510/3510 3417/3417/3417 9384/9384/9384
f 3418/3418/3418 3425/3425/3425 9380/9380/9380
f 3423/3423/3423 3460/3460/3460 9393/9393/9393
f 3462/3462/3462 3468/3468/3468 9391/9391/9391
f 3467/3467/3467 3522/3522/3522 9363/9363/9363
f 3506/3506/3506 3530/3530/3530 9332/9332/9332
f 3531/3531/3531 3760/3760/3760 9379/9379/9379
f 3753/3753/3753 3440/3440/3440 9335/9335/9335
f 3439/3439/3439 3585/3585/3585 9957/9957/9957
f 3586/3586/3586 3596/3596/3596 9925/9925/9925
f 3594/3594/3594 3404/3404/3404 9961/9961/9961
f 3405/3405/3405 3410/3410/3410 9642/9642/9642
f 3409/3409/3409 3449/3449/3449 9650/9650/9650
f 3448/3448/3448 3454/3454/3454 9684/9684/9684
f 3453/3453/3453 3707/3707/3707 9687/9687/9687
f 3704/3704/3704 3614/3614/3614 9717/9717/9717
f 3606/3606/3606 3540/3540/3540 9931/9931/9931
f 3543/3543/3543 3547/3547/3547 9557/9557/9557
f 3545/3545/3545 3575/3575/3575 9559/9559/9559
f 3574/3574/3574 3583/3583/3583 9924/9924/9924
f 3582/3582/3582 3581/3581/3581 9923/9923/9923
f 3617/3617/3617 3436/3436/3436 9926/9926/9926
f 3431/3431/3431 3622/3622/3622 9932/9932/9932
f 3621/3621/3621 3684/3684/3684 9933/9933/9933
f 3687/3687/3687 3927/3927/3927 9573/9573/9573
f 3928/3928/3928 3901/3901/3901 9496/9496/9496
f 3900/3900/3900 3690/3690/3690 9504/9504/9504
f 3689/3689/3689 3930/3930/3930 9568/9568/9568
f 3934/3934/3934 3906/3906/3906 9554/9554/9554
f 3907/3907/3907 3807/3807/3807 9578/9578/9578
f 3805/3805/3805 3937/3937/3937 9586/9586/9586
f 3931/3931/3931 3695/3695/3695 9548/9548/9548
f 3694/3694/3694 3701/3701/3701 9446/9446/9446
f 3702/3702/3702 3639/3639/3639 9442/9442/9442
f 3638/3638/3638 3650/3650/3650 9523/9523/9523
f 3644/3644/3644 3677/3677/3677 9511/9511/9511
f 3926/3926/3926 3920/3920/3920 9566/9566/9566
f 3921/3921/3921 3688/3688/3688 9572/9572/9572
f 3692/3692/3692 3685/3685/3685 9505/9505/9505
f 3683/3683/3683 3635/3635/3635 9501/9501/9501
f 3627/3627/3627 3629/3629/3629 9833/9833/9833
f 3646/3646/3646 3667/3667/3667 9832/9832/9832
f 3666/3666/3666 3665/3665/3665 9831/9831/9831
f 3661/3661/3661 3890/3890/3890 9856/9856/9856
f 3888/3888/3888 3899/3899/3899 9855/9855/9855
f 3898/3898/3898 3840/3840/3840 9873/9873/9873
f 3841/3841/3841 3892/3892/3892 9883/9883/9883
f 3839/3839/3839 3792/3792/3792 9839/9839/9839
f 3791/3791/3791 3786/3786/3786 9759/9759/9759
f 3787/3787/3787 3819/3819/3819 9399/9399/9399
f 3822/3822/3822 3814/3814/3814 9402/9402/9402
f 3815/3815/3815 3655/3655/3655 9421/9421/9421
f 3656/3656/3656 3826/3826/3826 9427/9427/9427
f 3824/3824/3824 3800/3800/3800 9458/9458/9458
f 3801/3801/3801 3660/3660/3660 9468/9468/9468
f 3657/3657/3657 4065/4065/4065 9408/9408/9408
f 4062/4062/4062 3880/3880/3880 9714/9714/9714
f 3883/3883/3883 4086/4086/4086 9709/9709/9709
f 4084/4084/4084 4072/4072/4072 9749/9749/9749
f 4071/4071/4071 3980/3980/3980 9777/9777/9777
f 3967/3967/3967 4110/4110/4110 9786/9786/9786
f 4112/4112/4112 3912/3912/3912 9416/9416/9416
f 3910/3910/3910 3970/3970/3970 9418/9418/9418
f 3969/3969/3969 3868/3868/3868 9753/9753/9753
f 3867/3867/3867 3842/3842/3842 9655/9655/9655
f 3844/3844/3844 3894/3894/3894 9691/9691/9691
f 3893/3893/3893 3869/3869/3869 9697/9697/9697
f 3870/3870/3870 4114/4114/4114 9700/9700/9700
f 4092/4092/4092 3896/3896/3896 9730/9730/9730
f 3895/3895/3895 4097/4097/4097 9735/9735/9735
f 4098/4098/4098 4093/4093/4093 9765/9765/9765
f 4094/4094/4094 3964/3964/3964 9770/9770/9770
f 3962/3962/3962 3951/3951/3951 10386/10386/10386
f 3953/3953/3953 3831/3831/3831 10304/10304/10304
f 3832/3832/3832 3827/3827/3827 9971/9971/9971
f 3830/3830/3830 3865/3865/3865 9941/9941/9941
f 3860/3860/3860 3857/3857/3857 9982/9982/9982
f 3859/3859/3859 4051/4051/4051 9980/9980/9980
f 4050/4050/4050 4056/4056/4056 9985/9985/9985
f 4013/4013/4013 3976/3976/3976 9989/9989/9989
f 3973/3973/3973 3947/3947/3947 10327/10327/10327
f 3944/3944/3944 3853/3853/3853 10298/10298/10298
f 3852/3852/3852 3849/3849/3849 10363/10363/10363
f 3846/3846/3846 3958/3958/3958 10388/10388/10388
f 3959/3959/3959 3949/3949/3949 10308/10308/10308
f 3856/3856/3856 3956/3956/3956 10302/10302/10302
f 3955/3955/3955 3843/3843/3843 9937/9937/9937
f 3961/3961/3961 4147/4147/4147 9934/9934/9934
f 4146/4146/4146 4126/4126/4126 9916/9916/9916
f 4127/4127/4127 4244/4244/4244 9893/9893/9893
f 4243/4243/4243 4236/4236/4236 10321/10321/10321
f 4237/4237/4237 4076/4076/4076 10317/10317/10317
f 4070/4070/4070 4088/4088/4088 9902/9902/9902
f 4087/4087/4087 4133/4133/4133 9899/9899/9899
f 4131/4131/4131 4138/4138/4138 10310/10310/10310
f 4135/4135/4135 4245/4245/4245 9900/9900/9900
f 4246/4246/4246 4240/4240/4240 9879/9879/9879
f 4239/4239/4239 4025/4025/4025 9858/9858/9858
f 4026/4026/4026 4042/4042/4042 9922/9922/9922
f 4041/4041/4041 4015/4015/4015 9878/9878/9878
f 4011/4011/4011 4019/4019/4019 9912/9912/9912
f 4018/4018/4018 4229/4229/4229 9907/9907/9907
f 4232/4232/4232 3996/3996/3996 9905/9905/9905
f 4009/4009/4009 4218/4218/4218 9865/9865/9865
f 4219/4219/4219 4005/4005/4005 10168/10168/10168
f 4004/4004/4004 4008/4008/4008 10160/10160/10160
f 4007/4007/4007 4210/4210/4210 10199/10199/10199
f 4211/4211/4211 4168/4168/4168 10174/10174/10174
f 4162/4162/4162 4216/4216/4216 10203/10203/10203
f 4217/4217/4217 4207/4207/4207 10216/10216/10216
f 4208/4208/4208 4160/4160/4160 10186/10186/10186
f 4156/4156/4156 3995/3995/3995 10145/10145/10145
f 3998/3998/3998 4085/4085/4085 9796/9796/9796
f 4082/4082/4082 4152/4152/4152 9792/9792/9792
f 4151/4151/4151 3990/3990/3990 9857/9857/9857
f 3992/3992/3992 4122/4122/4122 9826/9826/9826
f 4119/4119/4119 4001/4001/4001 9851/9851/9851
f 4000/4000/4000 3986/3986/3986 9847/9847/9847
f 3988/3988/3988 4408/4408/4408 9819/9819/9819
f 4410/4410/4410 4265/4265/4265 9801/9801/9801
f 4272/4272/4272 4424/4424/4424 10042/10042/10042
f 4256/4256/4256 4269/4269/4269 9821/9821/9821
f 4267/4267/4267 4266/4266/4266 10049/10049/10049
f 4273/4273/4273 4179/4179/4179 9823/9823/9823
f 4275/4275/4275 4225/4225/4225 9797/9797/9797
f 4224/4224/4224 4274/4274/4274 9811/9811/9811
f 4276/4276/4276 4405/4405/4405 9829/9829/9829
f 4404/4404/4404 4402/4402/4402 9825/9825/9825
f 4388/4388/4388 4415/4415/4415 10065/10065/10065
f 4414/4414/4414 4398/4398/4398 10035/10035/10035
f 4397/4397/4397 4418/4418/4418 10000/10000/10000
f 4420/4420/4420 4429/4429/4429 10054/10054/10054
f 4430/4430/4430 4196/4196/4196 10038/10038/10038
f 4193/4193/4193 4200/4200/4200 10007/10007/10007
f 4198/4198/4198 4351/4351/4351 10071/10071/10071
f 4349/4349/4349 4341/4341/4341 10046/10046/10046
f 4343/4343/4343 4359/4359/4359 10374/10374/10374
f 4353/4353/4353 4347/4347/4347 10420/10420/10420
f 4346/4346/4346 4372/4372/4372 10378/10378/10378
f 4373/4373/4373 4364/4364/4364 10379/10379/10379
f 4366/4366/4366 4279/4279/4279 10487/10487/10487
f 4284/4284/4284 4371/4371/4371 10480/10480/10480
f 4368/4368/4368 4174/4174/4174 10395/10395/10395
f 4173/4173/4173 4166/4166/4166 10409/10409/10409
f 4165/4165/4165 4181/4181/4181 10665/10665/10665
f 4180/4180/4180 4170/4170/4170 10655/10655/10655
f 4169/4169/4169 4184/4184/4184 10667/10667/10667
f 4189/4189/4189 4178/4178/4178 10675/10675/10675
f 4176/4176/4176 4253/4253/4253 10428/10428/10428
f 4254/4254/4254 4163/4163/4163 10438/10438/10438
f 4164/4164/4164 4447/4447/4447 10652/10652/10652
f 4446/4446/4446 4477/4477/4477 10342/10342/10342
f 4468/4468/4468 4463/4463/4463 10231/10231/10231
f 4472/4472/4472 4635/4635/4635 10686/10686/10686
f 4625/4625/4625 4484/4484/4484 10246/10246/10246
f 4485/4485/4485 4395/4395/4395 10656/10656/10656
f 4390/4390/4390 4382/4382/4382 10738/10738/10738
f 4386/4386/4386 4466/4466/4466 10240/10240/10240
f 4467/4467/4467 4613/4613/4613 10218/10218/10218
f 4614/4614/4614 4621/4621/4621 10272/10272/10272
f 4620/4620/4620 4367/4367/4367 10261/10261/10261
f 4365/4365/4365 4374/4374/4374 10201/10201/10201
f 4375/4375/4375 4330/4330/4330 10197/10197/10197
f 4329/4329/4329 4629/4629/4629 10251/10251/10251
f 4464/4464/4464 4623/4623/4623 10232/10232/10232
f 4624/4624/4624 4616/4616/4616 10691/10691/10691
f 4617/4617/4617 4499/4499/4499 10668/10668/10668
f 4497/4497/4497 4586/4586/4586 10575/10575/10575
f 4588/4588/4588 4556/4556/4556 10645/10645/10645
f 4559/4559/4559 4555/4555/4555 10544/10544/10544
f 4545/4545/4545 4837/4837/4837 10541/10541/10541
f 4835/4835/4835 4818/4818/4818 10595/10595/10595
f 4828/4828/4828 4583/4583/4583 10591/10591/10591
f 4584/4584/4584 4579/4579/4579 10642/10642/10642
f 4578/4578/4578 4440/4440/4440 10637/10637/10637
f 4457/4457/4457 4324/4324/4324 10533/10533/10533
f 4441/4441/4441 4288/4288/4288 10602/10602/10602
f 4294/4294/4294 4291/4291/4291 10101/10101/10101
f 4281/4281/4281 4572/4572/4572 10112/10112/10112
f 4574/4574/4574 4564/4564/4564 10553/10553/10553
f 4567/4567/4567 4316/4316/4316 10551/10551/10551
f 4328/4328/4328 4312/4312/4312 10599/10599/10599
f 4311/4311/4311 4596/4596/4596 10596/10596/10596
f 4597/4597/4597 4593/4593/4593 10085/10085/10085
f 4594/4594/4594 4660/4660/4660 10176/10176/10176
f 4657/4657/4657 4648/4648/4648 10466/10466/10466
f 4652/4652/4652 4510/4510/4510 10444/10444/10444
f 4511/4511/4511 4513/4513/4513 10129/10129/10129
f 4507/4507/4507 4672/4672/4672 10098/10098/10098
f 4673/4673/4673 4674/4674/4674 10183/10183/10183
f 4675/4675/4675 4539/4539/4539 10163/10163/10163
f 4538/4538/4538 4536/4536/4536 10455/10455/10455
f 4537/4537/4537 4812/4812/4812 10131/10131/10131
f 4809/4809/4809 4797/4797/4797 10413/10413/10413
f 4799/4799/4799 4669/4669/4669 10415/10415/10415
f 4667/4667/4667 4663/4663/4663 10137/10137/10137
f 4662/4662/4662 4852/4852/4852 10482/10482/10482
f 4851/4851/4851 4543/4543/4543 10457/10457/10457
f 4542/4542/4542 4677/4677/4677 10134/10134/10134
f 4676/4676/4676 4717/4717/4717 10707/10707/10707
f 4716/4716/4716 4720/4720/4720 10836/10836/10836
f 4728/4728/4728 4699/4699/4699 10718/10718/10718
f 4700/4700/4700 5048/5048/5048 10711/10711/10711
f 5047/5047/5047 4684/4684/4684 10761/10761/10761
f 4686/4686/4686 4692/4692/4692 10830/10830/10830
f 4694/4694/4694 4776/4776/4776 10741/10741/10741
f 5046/5046/5046 4711/4711/4711 10763/10763/10763
f 4709/4709/4709 4529/4529/4529 10778/10778/10778
f 4528/4528/4528 4519/4519/4519 10770/10770/10770
f 4518/4518/4518 4646/4646/4646 10694/10694/10694
f 4642/4642/4642 4681/4681/4681 10786/10786/10786
f 4679/4679/4679 4718/4718/4718 10709/10709/10709
f 4722/4722/4722 4733/4733/4733 10696/10696/10696
f 4730/4730/4730 4527/4527/4527 10723/10723/10723
f 4526/4526/4526 4763/4763/4763 10720/10720/10720
f 4764/4764/4764 4772/4772/4772 11027/11027/11027
f 4773/4773/4773 4751/4751/4751 11020/11020/11020
f 4752/4752/4752 4758/4758/4758 10945/10945/10945
f 4754/4754/4754 4790/4790/4790 11031/11031/11031
f 4792/4792/4792 4805/4805/4805 10960/10960/10960
f 4806/4806/4806 4870/4870/4870 10954/10954/10954
f 4868/4868/4868 4783/4783/4783 10963/10963/10963
f 4781/4781/4781 4840/4840/4840 11025/11025/11025
f 4841/4841/4841 4848/4848/4848 11013/11013/11013
f 4849/4849/4849 4816/4816/4816 11018/11018/11018
f 4817/4817/4817 4827/4827/4827 10616/10616/10616
f 4826/4826/4826 5029/5029/5029 10581/10581/10581
f 5028/5028/5028 4738/4738/4738 10618/10618/10618
f 4737/4737/4737 5042/5042/5042 10628/10628/10628
f 5041/5041/5041 5026/5026/5026 10625/10625/10625
f 5025/5025/5025 5221/5221/5221 11005/11005/11005
f 5222/5222/5222 5223/5223/5223 10888/10888/10888
f 5210/5210/5210 5187/5187/5187 10940/10940/10940
f 5190/5190/5190 5208/5208/5208 10880/10880/10880
f 5201/5201/5201 4885/4885/4885 10884/10884/10884
f 4886/4886/4886 4893/4893/4893 10933/10933/10933
f 4895/4895/4895 4987/4987/4987 11289/11289/11289
f 5220/5220/5220 5195/5195/5195 11293/11293/11293
f 5196/5196/5196 4910/4910/4910 10937/10937/10937
f 4911/4911/4911 4883/4883/4883 10856/10856/10856
f 4879/4879/4879 4890/4890/4890 10844/10844/10844
f 4888/4888/4888 4979/4979/4979 10853/10853/10853
f 4980/4980/4980 4742/4742/4742 10930/10930/10930
f 4739/4739/4739 4912/4912/4912 10885/10885/10885
f 4913/4913/4913 4922/4922/4922 10941/10941/10941
f 4923/4923/4923 4919/4919/4919 10881/10881/10881
f 4921/4921/4921 4963/4963/4963 10850/10850/10850
f 4962/4962/4962 4939/4939/4939 10504/10504/10504
f 4938/4938/4938 4946/4946/4946 10500/10500/10500
f 4977/4977/4977 4956/4956/4956 10572/10572/10572
f 4957/4957/4957 5007/5007/5007 10810/10810/10810
f 5008/5008/5008 4989/4989/4989 10501/10501/10501
f 4990/4990/4990 4996/4996/4996 10516/10516/10516
f 4997/4997/4997 5063/5063/5063 10505/10505/10505
f 5064/5064/5064 5175/5175/5175 10563/10563/10563
f 5176/5176/5176 5010/5010/5010 10515/10515/10515
f 5016/5016/5016 5017/5017/5017 10795/10795/10795
f 5018/5018/5018 5001/5001/5001 10532/10532/10532
f 5004/5004/5004 5209/5209/5209 10755/10755/10755
f 5197/5197/5197 5178/5178/5178 10800/10800/10800
f 5180/5180/5180 5184/5184/5184 10814/10814/10814
f 5186/5186/5186 5173/5173/5173 10807/10807/10807
f 5172/5172/5172 5360/5360/5360 10806/10806/10806
f 5359/5359/5359 5372/5372/5372 11035/11035/11035
f 5378/5378/5378 5354/5354/5354 11088/11088/11088
f 5355/5355/5355 5366/5366/5366 11043/11043/11043
f 5367/5367/5367 5071/5071/5071 11081/11081/11081
f 5069/5069/5069 5088/5088/5088 11039/11039/11039
f 5087/5087/5087 5133/5133/5133 11044/11044/11044
f 5134/5134/5134 5077/5077/5077 11089/11089/11089
f 5073/5073/5073 5094/5094/5094 11034/11034/11034
f 5093/5093/5093 5111/5111/5111 10988/10988/10988
f 5114/5114/5114 5083/5083/5083 11003/11003/11003
f 5080/5080/5080 5100/5100/5100 10972/10972/10972
f 5106/5106/5106 4941/4941/4941 10982/10982/10982
f 4942/4942/4942 4953/4953/4953 11072/11072/11072
f 4951/4951/4951 5023/5023/5023 11078/11078/11078
f 5022/5022/5022 4934/4934/4934 11015/11015/11015
f 4933/4933/4933 5131/5131/5131 11062/11062/11062
f 5130/5130/5130 5127/5127/5127 11313/11313/11313
f 5128/5128/5128 5124/5124/5124 11301/11301/11301
f 5125/5125/5125 5123/5123/5123 11307/11307/11307
f 5121/5121/5121 5146/5146/5146 11068/11068/11068
f 5147/5147/5147 5145/5145/5145 11260/11260/11260
f 5143/5143/5143 5138/5138/5138 11326/11326/11326
f 5139/5139/5139 5215/5215/5215 11253/11253/11253
f 5218/5218/5218 5164/5164/5164 11312/11312/11312
f 5165/5165/5165 5158/5158/5158 10908/10908/10908
f 5160/5160/5160 5156/5156/5156 10890/10890/10890
f 5155/5155/5155 5151/5151/5151 10904/10904/10904
f 5153/5153/5153 5109/5109/5109 11268/11268/11268
f 5149/5149/5149 5168/5168/5168 10893/10893/10893
f 5170/5170/5170 5141/5141/5141 10911/10911/10911
f 5142/5142/5142 5163/5163/5163 10903/10903/10903
f 5162/5162/5162 5567/5567/5567 11264/11264/11264
f 5566/5566/5566 5568/5568/5568 11494/11494/11494
f 5561/5561/5561 5325/5325/5325 11490/11490/11490
f 5324/5324/5324 5345/5345/5345 11186/11186/11186
f 5352/5352/5352 5573/5573/5573 11172/11172/11172
f 5571/5571/5571 5588/5588/5588 11243/11243/11243
f 5583/5583/5583 5565/5565/5565 11204/11204/11204
f 5564/5564/5564 5576/5576/5576 11220/11220/11220
f 5574/5574/5574 5294/5294/5294 11501/11501/11501
f 5295/5295/5295 5232/5232/5232 11166/11166/11166
f 5231/5231/5231 5598/5598/5598 11232/11232/11232
f 5599/5599/5599 5594/5594/5594 11156/11156/11156
f 5593/5593/5593 5236/5236/5236 11212/11212/11212
f 5235/5235/5235 5254/5254/5254 11113/11113/11113
f 5252/5252/5252 5224/5224/5224 11108/11108/11108
f 5243/5243/5243 5241/5241/5241 11168/11168/11168
f 5240/5240/5240 5342/5342/5342 11161/11161/11161
f 5343/5343/5343 5275/5275/5275 11198/11198/11198
f 5274/5274/5274 5435/5435/5435 11192/11192/11192
f 5434/5434/5434 5416/5416/5416 11127/11127/11127
f 5407/5407/5407 5277/5277/5277 11123/11123/11123
f 5276/5276/5276 5288/5288/5288 10870/10870/10870
f 5289/5289/5289 5267/5267/5267 10871/10871/10871
f 5266/5266/5266 5278/5278/5278 11190/11190/11190
f 5269/5269/5269 5297/5297/5297 11208/11208/11208
f 5296/5296/5296 5371/5371/5371 10876/10876/10876
f 5370/5370/5370 5286/5286/5286 10839/10839/10839
f 5284/5284/5284 5282/5282/5282 10874/10874/10874
f 5283/5283/5283 5319/5319/5319 10875/10875/10875
f 5317/5317/5317 5311/5311/5311 11051/11051/11051
f 5316/5316/5316 5306/5306/5306 11054/11054/11054
f 5305/5305/5305 5321/5321/5321 10842/10842/10842
f 5299/5299/5299 5534/5534/5534 10879/10879/10879
f 5535/5535/5535 5813/5813/5813 11348/11348/11348
f 5812/5812/5812 5551/5551/5551 11353/11353/11353
f 5550/5550/5550 5560/5560/5560 11346/11346/11346
f 5525/5525/5525 5797/5797/5797 11350/11350/11350
f 5803/5803/5803 5807/5807/5807 11132/11132/11132
f 5810/5810/5810 5818/5818/5818 11363/11363/11363
f 5817/5817/5817 5794/5794/5794 11362/11362/11362
f 5822/5822/5822 5390/5390/5390 11374/11374/11374
f 5388/5388/5388 5423/5423/5423 11342/11342/11342
f 5424/5424/5424 5395/5395/5395 11339/11339/11339
f 5394/5394/5394 5401/5401/5401 11330/11330/11330
f 5400/5400/5400 5412/5412/5412 11338/11338/11338
f 5405/5405/5405 5344/5344/5344 11271/11271/11271
f 5335/5335/5335 5427/5427/5427 11281/11281/11281
f 5426/5426/5426 5439/5439/5439 11267/11267/11267
f 5430/5430/5430 5528/5528/5528 11275/11275/11275
f 5530/5530/5530 5536/5536/5536 11354/11354/11354
f 5538/5538/5538 5548/5548/5548 11368/11368/11368
f 5549/5549/5549 5553/5553/5553 11280/11280/11280
f 5555/5555/5555 5502/5502/5502 11357/11357/11357
f 5504/5504/5504 5506/5506/5506 11512/11512/11512
f 5508/5508/5508 5512/5512/5512 11508/11508/11508
f 5513/5513/5513 5520/5520/5520 11507/11507/11507
f 5521/5521/5521 5479/5479/5479 11505/11505/11505
f 5480/5480/5480 5488/5488/5488 11477/11477/11477
f 5587/5587/5587 5491/5491/5491 11474/11474/11474
f 5490/5490/5490 5498/5498/5498 11470/11470/11470
f 5499/5499/5499 5547/5547/5547 11464/11464/11464
f 5544/5544/5544 5459/5459/5459 11183/11183/11183
f 5458/5458/5458 5527/5527/5527 11171/11171/11171
f 5526/5526/5526 5656/5656/5656 11176/11176/11176
f 5654/5654/5654 5662/5662/5662 11173/11173/11173
f 5660/5660/5660 5669/5669/5669 11614/11614/11614
f 5670/5670/5670 5655/5655/5655 11603/11603/11603
f 5674/5674/5674 5625/5625/5625 11433/11433/11433
f 5601/5601/5601 5615/5615/5615 11610/11610/11610
f 5616/5616/5616 5632/5632/5632 11460/11460/11460
f 5634/5634/5634 5641/5641/5641 11451/11451/11451
f 5642/5642/5642 6053/6053/6053 11609/11609/11609
f 6056/6056/6056 5719/5719/5719 11456/11456/11456
f 5725/5725/5725 6073/6073/6073 11427/11427/11427
f 6088/6088/6088 6060/6060/6060 11419/11419/11419
f 6061/6061/6061 6035/6035/6035 11455/11455/11455
f 6036/6036/6036 6077/6077/6077 11425/11425/11425
f 6074/6074/6074 6049/6049/6049 11395/11395/11395
f 6047/6047/6047 6028/6028/6028 11398/11398/11398
f 6027/6027/6027 6271/6271/6271 11422/11422/11422
f 6275/6275/6275 6267/6267/6267 11382/11382/11382
f 6265/6265/6265 5771/5771/5771 11448/11448/11448
f 6261/6261/6261 6257/6257/6257 11397/11397/11397
f 6255/6255/6255 6272/6272/6272 11417/11417/11417
f 6274/6274/6274 6264/6264/6264 11381/11381/11381
f 6269/6269/6269 5773/5773/5773 11447/11447/11447
f 5770/5770/5770 5781/5781/5781 11450/11450/11450
f 5779/5779/5779 5749/5749/5749 11394/11394/11394
f 5751/5751/5751 5784/5784/5784 11449/11449/11449
f 5782/5782/5782 5748/5748/5748 11145/11145/11145
f 5763/5763/5763 5745/5745/5745 11144/11144/11144
f 5744/5744/5744 5762/5762/5762 11446/11446/11446
f 5761/5761/5761 5757/5757/5757 11133/11133/11133
f 5760/5760/5760 5717/5717/5717 11092/11092/11092
f 5718/5718/5718 5732/5732/5732 11105/11105/11105
f 5731/5731/5731 5958/5958/5958 11148/11148/11148
f 5959/5959/5959 5947/5947/5947 11147/11147/11147
f 5950/5950/5950 5898/5898/5898 11384/11384/11384
f 5897/5897/5897 5962/5962/5962 11391/11391/11391
f 5964/5964/5964 5918/5918/5918 11534/11534/11534
f 5920/5920/5920 5913/5913/5913 11518/11518/11518
f 5907/5907/5907 5871/5871/5871 11385/11385/11385
f 5872/5872/5872 5932/5932/5932 11390/11390/11390
f 5933/5933/5933 5884/5884/5884 11409/11409/11409
f 5885/5885/5885 5876/5876/5876 11406/11406/11406
f 5877/5877/5877 5832/5832/5832 11410/11410/11410
f 5834/5834/5834 5893/5893/5893 11405/11405/11405
f 5836/5836/5836 5864/5864/5864 11536/11536/11536
f 5865/5865/5865 5855/5855/5855 11411/11411/11411
f 5858/5858/5858 6288/6288/6288 11541/11541/11541
f 6289/6289/6289 5942/5942/5942 11535/11535/11535
f 5943/5943/5943 6493/6493/6493 11478/11478/11478
f 6492/6492/6492 6515/6515/6515 11538/11538/11538
f 6517/6517/6517 6509/6509/6509 11485/11485/11485
f 6505/6505/6505 6464/6464/6464 11515/11515/11515
f 6463/6463/6463 6459/6459/6459 11480/11480/11480
f 6457/6457/6457 6483/6483/6483 11522/11522/11522
f 6486/6486/6486 6474/6474/6474 11525/11525/11525
f 6475/6475/6475 6005/6005/6005 11543/11543/11543
f 6006/6006/6006 5997/5997/5997 11519/11519/11519
f 5999/5999/5999 6021/6021/6021 11550/11550/11550
f 6020/6020/6020 6014/6014/6014 11542/11542/11542
f 6013/6013/6013 5979/5979/5979 11608/11608/11608
f 5978/5978/5978 245/245/245 11544/11544/11544
f 5977/5977/5977 232/232/232 5970/5970/5970
f 5969/5969/5969 185/185/185 5905/5905/5905
f 5904/5904/5904 176/176/176 5917/5917/5917
f 5916/5916/5916 242/242/242 6157/6157/6157
f 6158/6158/6158 230/230/230 6183/6183/6183
f 6180/6180/6180 262/262/262 6177/6177/6177
f 6182/6182/6182 256/256/256 6176/6176/6176
f 6175/6175/6175 456/456/456 6137/6137/6137
f 6136/6136/6136 463/463/463 6126/6126/6126
f 6125/6125/6125 437/437/437 6151/6151/6151
f 6150/6150/6150 445/445/445 6143/6143/6143
f 6141/6141/6141 326/326/326 6101/6101/6101
f 6100/6100/6100 336/336/336 6092/6092/6092
f 6094/6094/6094 310/310/310 6112/6112/6112
f 6186/6186/6186 316/316/316 6109/6109/6109
f 6110/6110/6110 293/293/293 6497/6497/6497
f 6498/6498/6498 301/301/301 6490/6490/6490
f 6491/6491/6491 277/277/277 6510/6510/6510
f 6511/6511/6511 380/380/380 6503/6503/6503
f 6502/6502/6502 385/385/385 6629/6629/6629
f 6630/6630/6630 366/366/366 6646/6646/6646
f 6647/6647/6647 374/374/374 6650/6650/6650
f 6649/6649/6649 551/551/551 6639/6639/6639
f 6640/6640/6640 539/539/539 6644/6644/6644
f 6643/6643/6643 546/546/546 6240/6240/6240
f 6241/6241/6241 548/548/548 6232/6232/6232
f 6234/6234/6234 428/428/428 6247/6247/6247
f 6248/6248/6248 464/464/464 6249/6249/6249
f 6244/6244/6244 419/419/419 6237/6237/6237
f 6238/6238/6238 398/398/398 6216/6216/6216
f 6206/6206/6206 411/411/411 6208/6208/6208
f 6207/6207/6207 413/413/413 6221/6221/6221
f 6226/6226/6226 391/391/391 6223/6223/6223
f 6224/6224/6224 397/397/397 6196/6196/6196
f 6198/6198/6198 477/477/477 6193/6193/6193
f 6189/6189/6189 483/483/483 6346/6346/6346
f 6347/6347/6347 469/469/469 6354/6354/6354
f 6355/6355/6355 471/471/471 6383/6383/6383
f 6384/6384/6384 638/638/638 6388/6388/6388
f 6389/6389/6389 630/630/630 6371/6371/6371
f 6370/6370/6370 636/636/636 6375/6375/6375
f 6379/6379/6379 637/637/637 6321/6321/6321
f 6322/6322/6322 529/529/529 6326/6326/6326
f 6390/6390/6390 486/486/486 6369/6369/6369
f 6367/6367/6367 489/489/489 6377/6377/6377
f 6376/6376/6376 575/575/575 6320/6320/6320
f 6319/6319/6319 570/570/570 6324/6324/6324
f 6327/6327/6327 560/560/560 6310/6310/6310
f 6307/6307/6307 555/555/555 6311/6311/6311
f 6313/6313/6313 720/720/720 6332/6332/6332
f 6333/6333/6333 715/715/715 6335/6335/6335
f 6337/6337/6337 712/712/712 6534/6534/6534
f 6535/6535/6535 708/708/708 6545/6545/6545
f 6538/6538/6538 624/624/624 6531/6531/6531
f 6532/6532/6532 610/610/610 6520/6520/6520
f 6524/6524/6524 603/603/603 6527/6527/6527
f 6528/6528/6528 595/595/595 6526/6526/6526
f 6525/6525/6525 589/589/589 6576/6576/6576
f 6569/6569/6569 584/584/584 6572/6572/6572
f 6561/6561/6561 576/576/576 6565/6565/6565
f 6563/6563/6563 662/662/662 6556/6556/6556
f 6557/6557/6557 655/655/655 6558/6558/6558
f 6559/6559/6559 653/653/653 6552/6552/6552
f 6551/6551/6551 808/808/808 6553/6553/6553
f 6554/6554/6554 645/645/645 6615/6615/6615
f 6614/6614/6614 796/796/796 6622/6622/6622
f 6623/6623/6623 797/797/797 6596/6596/6596
f 6597/6597/6597 704/704/704 6442/6442/6442
f 6441/6441/6441 783/783/783 6406/6406/6406
f 6409/6409/6409 692/692/692 6427/6427/6427
f 6426/6426/6426 695/695/695 6402/6402/6402
f 6405/6405/6405 685/685/685 6854/6854/6854
f 6855/6855/6855 681/681/681 6862/6862/6862
f 6860/6860/6860 669/669/669 6839/6839/6839
f 6840/6840/6840 666/666/666 6847/6847/6847
f 6845/6845/6845 742/742/742 6827/6827/6827
f 6828/6828/6828 740/740/740 6834/6834/6834
f 6833/6833/6833 733/733/733 6822/6822/6822
f 6821/6821/6821 730/730/730 6825/6825/6825
f 6824/6824/6824 876/876/876 6543/6543/6543
f 6544/6544/6544 870/870/870 6522/6522/6522
f 6547/6547/6547 864/864/864 6540/6540/6540
f 6533/6533/6533 859/859/859 6546/6546/6546
f 6539/6539/6539 776/776/776 6674/6674/6674
f 6678/6678/6678 774/774/774 6669/6669/6669
f 6670/6670/6670 766/766/766 6675/6675/6675
f 6676/6676/6676 867/867/867 6693/6693/6693
f 6694/6694/6694 777/777/777 6665/6665/6665
f 6672/6672/6672 775/775/775 7070/7070/7070
f 7071/7071/7071 764/764/764 6653/6653/6653
f 6654/6654/6654 760/760/760 6668/6668/6668
f 6656/6656/6656 748/748/748 6760/6760/6760
f 6759/6759/6759 759/759/759 6754/6754/6754
f 6756/6756/6756 818/818/818 6746/6746/6746
f 6747/6747/6747 752/752/752 6735/6735/6735
f 6741/6741/6741 821/821/821 6727/6727/6727
f 6725/6725/6725 824/824/824 6721/6721/6721
f 6698/6698/6698 960/960/960 6705/6705/6705
f 6710/6710/6710 815/815/815 6700/6700/6700
f 6699/6699/6699 951/951/951 6609/6609/6609
f 6608/6608/6608 961/961/961 6621/6621/6621
f 6620/6620/6620 850/850/850 6604/6604/6604
f 6605/6605/6605 952/952/952 6589/6589/6589
f 6587/6587/6587 845/845/845 6590/6590/6590
f 6591/6591/6591 858/858/858 6579/6579/6579
f 6578/6578/6578 833/833/833 6582/6582/6582
f 6581/6581/6581 848/848/848 7080/7080/7080
f 7084/7084/7084 825/825/825 7078/7078/7078
f 7079/7079/7079 840/840/840 7063/7063/7063
f 7066/7066/7066 890/890/890 7089/7089/7089
f 7064/7064/7064 829/829/829 7046/7046/7046
f 7049/7049/7049 881/881/881 7015/7015/7015
f 7016/7016/7016 883/883/883 7044/7044/7044
f 7045/7045/7045 1044/1044/1044 7038/7038/7038
f 7039/7039/7039 895/895/895 6696/6696/6696
f 6695/6695/6695 1054/1054/1054 6915/6915/6915
f 6914/6914/6914 1038/1038/1038 6907/6907/6907
f 6906/6906/6906 934/934/934 6882/6882/6882
f 6886/6886/6886 940/940/940 7263/7263/7263
f 7264/7264/7264 946/946/946 6872/6872/6872
f 6869/6869/6869 930/930/930 6868/6868/6868
f 6865/6865/6865 906/906/906 6975/6975/6975
f 6970/6970/6970 941/941/941 6964/6964/6964
f 6965/6965/6965 920/920/920 6958/6958/6958
f 6951/6951/6951 923/923/923 6972/6972/6972
f 6973/6973/6973 967/967/967 6943/6943/6943
f 6944/6944/6944 1147/1147/1147 6917/6917/6917
f 6916/6916/6916 1141/1141/1141 6933/6933/6933
f 6987/6987/6987 1031/1031/1031 7003/7003/7003
f 7004/7004/7004 1148/1148/1148 6997/6997/6997
f 6996/6996/6996 1018/1018/1018 6993/6993/6993
f 6995/6995/6995 981/981/981 6774/6774/6774
f 6776/6776/6776 1008/1008/1008 6785/6785/6785
f 6787/6787/6787 1021/1021/1021 7256/7256/7256
f 7257/7257/7257 983/983/983 7234/7234/7234
f 7233/7233/7233 1250/1250/1250 7240/7240/7240
f 7239/7239/7239 1236/1236/1236 7262/7262/7262
f 7260/7260/7260 1020/1020/1020 7228/7228/7228
f 7227/7227/7227 1243/1243/1243 7243/7243/7243
f 7245/7245/7245 1061/1061/1061 6922/6922/6922
f 6921/6921/6921 1068/1068/1068 7230/7230/7230
f 7231/7231/7231 1212/1212/1212 6902/6902/6902
f 6901/6901/6901 1071/1071/1071 6927/6927/6927
f 6926/6926/6926 1104/1104/1104 6881/6881/6881
f 7265/7265/7265 1065/1065/1065 6905/6905/6905
f 6903/6903/6903 1105/1105/1105 6892/6892/6892
f 6893/6893/6893 1129/1129/1129 6888/6888/6888
f 6889/6889/6889 1110/1110/1110 7163/7163/7163
f 7165/7165/7165 1073/1073/1073 7111/7111/7111
f 7110/7110/7110 1128/1128/1128 7192/7192/7192
f 7193/7193/7193 1386/1386/1386 7179/7179/7179
f 7180/7180/7180 1391/1391/1391 7161/7161/7161
f 7162/7162/7162 1094/1094/1094 7188/7188/7188
f 7187/7187/7187 1408/1408/1408 7175/7175/7175
f 7176/7176/7176 1153/1153/1153 7154/7154/7154
f 7155/7155/7155 1155/1155/1155 7218/7218/7218
f 7220/7220/7220 1166/1166/1166 7205/7205/7205
f 7206/7206/7206 1170/1170/1170 7223/7223/7223
f 7224/7224/7224 1174/1174/1174 7217/7217/7217
f 7216/7216/7216 1181/1181/1181 7199/7199/7199
f 7197/7197/7197 1192/1192/1192 7202/7202/7202
f 7201/7201/7201 1187/1187/1187 7209/7209/7209
f 7208/7208/7208 1193/1193/1193 7214/7214/7214
f 7213/7213/7213 1202/1202/1202 7496/7496/7496
f 7498/7498/7498 1211/1211/1211 7509/7509/7509
f 7510/7510/7510 1198/1198/1198 7494/7494/7494
f 7492/7492/7492 1511/1511/1511 7506/7506/7506
f 7505/7505/7505 1503/1503/1503 7465/7465/7465
f 7463/7463/7463 1538/1538/1538 7439/7439/7439
f 7438/7438/7438 1528/1528/1528 7480/7480/7480
f 7479/7479/7479 1274/1274/1274 7522/7522/7522
f 7523/7523/7523 1279/1279/1279 7454/7454/7454
f 7453/7453/7453 1525/1525/1525 7467/7467/7467
f 7468/7468/7468 1510/1510/1510 7475/7475/7475
f 7474/7474/7474 1256/1256/1256 7486/7486/7486
f 7487/7487/7487 1335/1335/1335 7125/7125/7125
f 7129/7129/7129 1265/1265/1265 7104/7104/7104
f 7105/7105/7105 1267/1267/1267 7146/7146/7146
f 7144/7144/7144 1295/1295/1295 7120/7120/7120
f 7121/7121/7121 1383/1383/1383 7303/7303/7303
f 7301/7301/7301 1317/1317/1317 7376/7376/7376
f 7377/7377/7377 1288/1288/1288 7318/7318/7318
f 7317/7317/7317 1619/1619/1619 7324/7324/7324
f 7323/7323/7323 1607/1607/1607 7406/7406/7406
f 7396/7396/7396 1364/1364/1364 7402/7402/7402
f 7401/7401/7401 1347/1347/1347 7352/7352/7352
f 7351/7351/7351 1430/1430/1430 7360/7360/7360
f 7361/7361/7361 1418/1418/1418 7366/7366/7366
f 7367/7367/7367 1601/1601/1601 7428/7428/7428
f 7427/7427/7427 1592/1592/1592 7385/7385/7385
f 7383/7383/7383 1459/1459/1459 7392/7392/7392
f 7393/7393/7393 1415/1415/1415 7440/7440/7440
f 7441/7441/7441 1638/1638/1638 7431/7431/7431
f 7432/7432/7432 1411/1411/1411 7419/7419/7419
f 7416/7416/7416 1477/1477/1477 7653/7653/7653
f 7207/7207/7207 1485/1485/1485 7659/7659/7659
f 7658/7658/7658 1438/1438/1438 7195/7195/7195
f 7194/7194/7194 1465/1465/1465 7212/7212/7212
f 7211/7211/7211 1721/1721/1721 7634/7634/7634
f 7637/7637/7637 1472/1472/1472 7666/7666/7666
f 7665/7665/7665 1466/1466/1466 7647/7647/7647
f 7646/7646/7646 1486/1486/1486 7650/7650/7650
f 7649/7649/7649 1556/1556/1556 7308/7308/7308
f 7311/7311/7311 1551/1551/1551 7291/7291/7291
f 7290/7290/7290 1716/1716/1716 7660/7660/7660
f 7661/7661/7661 1708/1708/1708 7654/7654/7654
f 7655/7655/7655 1569/1569/1569 7341/7341/7341
f 7350/7350/7350 1570/1570/1570 7339/7339/7339
f 7340/7340/7340 1548/1548/1548 7288/7288/7288
f 7299/7299/7299 1728/1728/1728 7296/7296/7296
f 7297/7297/7297 1598/1598/1598 7590/7590/7590
f 7587/7587/7587 1589/1589/1589 7579/7579/7579
f 7578/7578/7578 1566/1566/1566 7542/7542/7542
f 7558/7558/7558 1581/1581/1581 7597/7597/7597
f 7596/7596/7596 1854/1854/1854 7615/7615/7615
f 7607/7607/7607 1654/1654/1654 7602/7602/7602
f 7608/7608/7608 1651/1651/1651 7583/7583/7583
f 7580/7580/7580 1822/1822/1822 7610/7610/7610
f 7609/7609/7609 1674/1674/1674 7630/7630/7630
f 7627/7627/7627 1670/1670/1670 7621/7621/7621
f 7622/7622/7622 1672/1672/1672 7599/7599/7599
f 7600/7600/7600 1643/1643/1643 7633/7633/7633
f 7632/7632/7632 1680/1680/1680 8008/8008/8008
f 8007/8007/8007 1695/1695/1695 7991/7991/7991
f 7992/7992/7992 1703/1703/1703 8018/8018/8018
f 8019/8019/8019 1694/1694/1694 8001/8001/8001
f 8002/8002/8002 1741/1741/1741 7814/7814/7814
f 7815/7815/7815 1746/1746/1746 7809/7809/7809
f 7810/7810/7810 1734/1734/1734 7834/7834/7834
f 7780/7780/7780 1737/1737/1737 7824/7824/7824
f 7822/7822/7822 1921/1921/1921 7526/7526/7526
f 7525/7525/7525 1733/1733/1733 7830/7830/7830
f 7831/7831/7831 1917/1917/1917 7532/7532/7532
f 7533/7533/7533 1920/1920/1920 7531/7531/7531
f 7529/7529/7529 1873/1873/1873 7539/7539/7539
f 7540/7540/7540 1908/1908/1908 7544/7544/7544
f 7543/7543/7543 1910/1910/1910 7561/7561/7561
f 7550/7550/7550 1895/1895/1895 7553/7553/7553
f 7554/7554/7554 2013/2013/2013 7566/7566/7566
f 7565/7565/7565 1885/1885/1885 7560/7560/7560
f 7562/7562/7562 1866/1866/1866 7577/7577/7577
f 7589/7589/7589 1868/1868/1868 7575/7575/7575
f 7573/7573/7573 2018/2018/2018 7707/7707/7707
f 7706/7706/7706 2021/2021/2021 7709/7709/7709
f 7710/7710/7710 2007/2007/2007 7728/7728/7728
f 7725/7725/7725 2012/2012/2012 7715/7715/7715
f 7716/7716/7716 1780/1780/1780 7735/7735/7735
f 7736/7736/7736 1853/1853/1853 7732/7732/7732
f 7731/7731/7731 2002/2002/2002 7749/7749/7749
f 7748/7748/7748 1826/1826/1826 7745/7745/7745
f 7744/7744/7744 1789/1789/1789 7769/7769/7769
f 7770/7770/7770 1798/1798/1798 7759/7759/7759
f 7758/7758/7758 1775/1775/1775 7776/7776/7776
f 7773/7773/7773 1779/1779/1779 7767/7767/7767
f 7768/7768/7768 1937/1937/1937 7935/7935/7935
f 7934/7934/7934 1776/1776/1776 7762/7762/7762
f 7763/7763/7763 1844/1844/1844 7752/7752/7752
f 7753/7753/7753 1783/1783/1783 7777/7777/7777
f 7778/7778/7778 1941/1941/1941 8071/8071/8071
f 8070/8070/8070 1928/1928/1928 7990/7990/7990
f 7989/7989/7989 1936/1936/1936 7996/7996/7996
f 8012/8012/8012 2084/2084/2084 8025/8025/8025
f 8024/8024/8024 1756/1756/1756 8041/8041/8041
f 8040/8040/8040 1772/1772/1772 8029/8029/8029
f 8032/8032/8032 1767/1767/1767 8061/8061/8061
f 8066/8066/8066 1935/1935/1935 8050/8050/8050
f 8049/8049/8049 2051/2051/2051 7695/7695/7695
f 7694/7694/7694 2055/2055/2055 7670/7670/7670
f 7671/7671/7671 2029/2029/2029 8078/8078/8078
f 8076/8076/8076 2037/2037/2037 7678/7678/7678
f 7680/7680/7680 2066/2066/2066 7704/7704/7704
f 7703/7703/7703 2072/2072/2072 7688/7688/7688
f 7690/7690/7690 2063/2063/2063 7683/7683/7683
f 7687/7687/7687 2060/2060/2060 7699/7699/7699
f 7698/7698/7698 2191/2191/2191 8140/8140/8140
f 8139/8139/8139 2194/2194/2194 8148/8148/8148
f 8147/8147/8147 1998/1998/1998 8200/8200/8200
f 8195/8195/8195 1987/1987/1987 8197/8197/8197
f 8196/8196/8196 2030/2030/2030 8114/8114/8114
f 8115/8115/8115 2201/2201/2201 8118/8118/8118
f 8119/8119/8119 2208/2208/2208 8121/8121/8121
f 8151/8151/8151 2188/2188/2188 8159/8159/8159
f 8158/8158/8158 1964/1964/1964 8083/8083/8083
f 8084/8084/8084 1956/1956/1956 8091/8091/8091
f 8092/8092/8092 1960/1960/1960 8122/8122/8122
f 8099/8099/8099 1950/1950/1950 8123/8123/8123
f 8124/8124/8124 1992/1992/1992 8500/8500/8500
f 8502/8502/8502 1991/1991/1991 8495/8495/8495
f 8493/8493/8493 1978/1978/1978 8508/8508/8508
f 8506/8506/8506 1984/1984/1984 8107/8107/8107
f 8106/8106/8106 2099/2099/2099 7907/7907/7907
f 7904/7904/7904 2097/2097/2097 7865/7865/7865
f 7859/7859/7859 2248/2248/2248 7940/7940/7940
f 7886/7886/7886 2086/2086/2086 7943/7943/7943
f 7944/7944/7944 1946/1946/1946 8277/8277/8277
f 8270/8270/8270 1952/1952/1952 8273/8273/8273
f 8279/8279/8279 2092/2092/2092 8289/8289/8289
f 8293/8293/8293 2118/2118/2118 7900/7900/7900
f 8300/8300/8300 2219/2219/2219 8207/8207/8207
f 8206/8206/8206 2398/2398/2398 8172/8172/8172
f 8173/8173/8173 2418/2418/2418 8185/8185/8185
f 8186/8186/8186 2385/2385/2385 8240/8240/8240
f 8241/8241/8241 2232/2232/2232 8157/8157/8157
f 8162/8162/8162 2214/2214/2214 8129/8129/8129
f 8136/8136/8136 2228/2228/2228 8149/8149/8149
f 8150/8150/8150 2211/2211/2211 8201/8201/8201
f 8191/8191/8191 2182/2182/2182 7957/7957/7957
f 7956/7956/7956 2150/2150/2150 7953/7953/7953
f 7952/7952/7952 2162/2162/2162 7946/7946/7946
f 7945/7945/7945 2154/2154/2154 7951/7951/7951
f 7947/7947/7947 2173/2173/2173 7966/7966/7966
f 7965/7965/7965 2391/2391/2391 7968/7968/7968
f 7967/7967/7967 2179/2179/2179 7960/7960/7960
f 7959/7959/7959 2183/2183/2183 7961/7961/7961
f 7958/7958/7958 2133/2133/2133 8337/8337/8337
f 8338/8338/8338 2304/2304/2304 8328/8328/8328
f 8327/8327/8327 2316/2316/2316 8313/8313/8313
f 8312/8312/8312 2287/2287/2287 8326/8326/8326
f 8315/8315/8315 2126/2126/2126 7949/7949/7949
f 7948/7948/7948 2143/2143/2143 8341/8341/8341
f 8340/8340/8340 2278/2278/2278 8336/8336/8336
f 8334/8334/8334 2134/2134/2134 8333/8333/8333
f 8332/8332/8332 2469/2469/2469 8045/8045/8045
f 8044/8044/8044 2460/2460/2460 8014/8014/8014
f 8013/8013/8013 2453/2453/2453 8003/8003/8003
f 8004/8004/8004 2465/2465/2465 8017/8017/8017
f 8015/8015/8015 2273/2273/2273 8064/8064/8064
f 8067/8067/8067 2484/2484/2484 8054/8054/8054
f 8058/8058/8058 2493/2493/2493 8474/8474/8474
f 8473/8473/8473 2472/2472/2472 8079/8079/8079
f 8028/8028/8028 2649/2649/2649 7980/7980/7980
f 7979/7979/7979 2638/2638/2638 7975/7975/7975
f 7974/7974/7974 2626/2626/2626 7972/7972/7972
f 7971/7971/7971 2619/2619/2619 7964/7964/7964
f 7963/7963/7963 2439/2439/2439 7998/7998/7998
f 7999/7999/7999 2424/2424/2424 7982/7982/7982
f 7983/7983/7983 2679/2679/2679 7985/7985/7985
f 7986/7986/7986 2405/2405/2405 7976/7976/7976
f 7978/7978/7978 2357/2357/2357 8570/8570/8570
f 8571/8571/8571 2344/2344/2344 8573/8573/8573
f 8574/8574/8574 2334/2334/2334 8585/8585/8585
f 8584/8584/8584 2365/2365/2365 8548/8548/8548
f 8551/8551/8551 2623/2623/2623 8611/8611/8611
f 8614/8614/8614 2657/2657/2657 8601/8601/8601
f 8602/8602/8602 2373/2373/2373 8596/8596/8596
f 8595/8595/8595 2629/2629/2629 8582/8582/8582
f 8580/8580/8580 2298/2298/2298 8872/8872/8872
f 8871/8871/8871 2323/2323/2323 8846/8846/8846
f 8848/8848/8848 2507/2507/2507 8860/8860/8860
f 8861/8861/8861 2300/2300/2300 8854/8854/8854
f 8855/8855/8855 2346/2346/2346 8575/8575/8575
f 8576/8576/8576 2356/2356/2356 8544/8544/8544
f 8541/8541/8541 2319/2319/2319 8881/8881/8881
f 8880/8880/8880 2331/2331/2331 8868/8868/8868
f 8870/8870/8870 2710/2710/2710 8320/8320/8320
f 8321/8321/8321 2711/2711/2711 8656/8656/8656
f 8651/8651/8651 2717/2717/2717 8637/8637/8637
f 8636/8636/8636 2720/2720/2720 8648/8648/8648
f 8649/8649/8649 2520/2520/2520 8317/8317/8317
f 8316/8316/8316 2502/2502/2502 8314/8314/8314
f 8324/8324/8324 2713/2713/2713 8653/8653/8653
f 8652/8652/8652 2508/2508/2508 8322/8322/8322
f 8319/8319/8319 2849/2849/2849 8608/8608/8608
f 8607/8607/8607 2691/2691/2691 8625/8625/8625
f 8624/8624/8624 2804/2804/2804 8598/8598/8598
f 8597/8597/8597 2852/2852/2852 8612/8612/8612
f 8613/8613/8613 2708/2708/2708 8629/8629/8629
f 8628/8628/8628 2692/2692/2692 8640/8640/8640
f 8639/8639/8639 2673/2673/2673 8620/8620/8620
f 8619/8619/8619 2702/2702/2702 8634/8634/8634
f 8631/8631/8631 2616/2616/2616 8374/8374/8374
f 8371/8371/8371 2587/2587/2587 8370/8370/8370
f 8369/8369/8369 2564/2564/2564 8351/8351/8351
f 8350/8350/8350 2602/2602/2602 8360/8360/8360
f 8344/8344/8344 2823/2823/2823 8385/8385/8385
f 8393/8393/8393 2828/2828/2828 8408/8408/8408
f 8407/8407/8407 2586/2586/2586 8375/8375/8375
f 8373/8373/8373 2592/2592/2592 8396/8396/8396
f 8395/8395/8395 2770/2770/2770 8726/8726/8726
f 8735/8735/8735 2526/2526/2526 8699/8699/8699
f 8700/8700/8700 2735/2735/2735 8665/8665/8665
f 8666/8666/8666 2757/2757/2757 8678/8678/8678
f 8676/8676/8676 2574/2574/2574 8747/8747/8747
f 8674/8674/8674 2743/2743/2743 8729/8729/8729
f 8728/8728/8728 2761/2761/2761 8697/8697/8697
f 8695/8695/8695 2730/2730/2730 8664/8664/8664
f 8663/8663/8663 3017/3017/3017 8426/8426/8426
f 8425/8425/8425 3019/3019/3019 8449/8449/8449
f 8450/8450/8450 2998/2998/2998 8427/8427/8427
f 8428/8428/8428 2981/2981/2981 8440/8440/8440
f 8439/8439/8439 2858/2858/2858 8442/8442/8442
f 8443/8443/8443 2992/2992/2992 8466/8466/8466
f 8467/8467/8467 2891/2891/2891 8445/8445/8445
f 8444/8444/8444 2885/2885/2885 8432/8432/8432
f 8436/8436/8436 2888/2888/2888 8365/8365/8365
f 8364/8364/8364 2893/2893/2893 8388/8388/8388
f 8389/8389/8389 2859/2859/2859 8357/8357/8357
f 8356/8356/8356 2864/2864/2864 8381/8381/8381
f 8380/8380/8380 2868/2868/2868 8399/8399/8399
f 8401/8401/8401 2875/2875/2875 8416/8416/8416
f 8421/8421/8421 2832/2832/2832 8410/8410/8410
f 8409/8409/8409 2729/2729/2729 8406/8406/8406
f 8405/8405/8405 2763/2763/2763 9272/9272/9272
f 9271/9271/9271 2744/2744/2744 9274/9274/9274
f 9275/9275/9275 2733/2733/2733 9238/9238/9238
f 9239/9239/9239 2741/2741/2741 9228/9228/9228
f 9227/9227/9227 2745/2745/2745 8877/8877/8877
f 8883/8883/8883 2878/2878/2878 8901/8901/8901
f 8902/8902/8902 2883/2883/2883 8887/8887/8887
f 8888/8888/8888 2975/2975/2975 8874/8874/8874
f 8873/8873/8873 2969/2969/2969 8816/8816/8816
f 8817/8817/8817 2949/2949/2949 9208/9208/9208
f 9211/9211/9211 2940/2940/2940 8829/8829/8829
f 8830/8830/8830 2954/2954/2954 8813/8813/8813
f 8814/8814/8814 2953/2953/2953 9199/9199/9199
f 9205/9205/9205 2920/2920/2920 9234/9234/9234
f 9200/9200/9200 2955/2955/2955 9224/9224/9224
f 9226/9226/9226 3005/3005/3005 9219/9219/9219
f 9197/9197/9197 3018/3018/3018 8942/8942/8942
f 8937/8937/8937 3153/3153/3153 8968/8968/8968
f 8969/8969/8969 3147/3147/3147 8950/8950/8950
f 8951/8951/8951 3156/3156/3156 8930/8930/8930
f 8928/8928/8928 3150/3150/3150 8963/8963/8963
f 8997/8997/8997 2959/2959/2959 8996/8996/8996
f 8967/8967/8967 3159/3159/3159 8961/8961/8961
f 8960/8960/8960 3052/3052/3052 8983/8983/8983
f 8984/8984/8984 3025/3025/3025 8915/8915/8915
f 8914/8914/8914 3004/3004/3004 8918/8918/8918
f 8916/8916/8916 3032/3032/3032 8921/8921/8921
f 8920/8920/8920 3015/3015/3015 8924/8924/8924
f 8926/8926/8926 3003/3003/3003 8935/8935/8935
f 8938/8938/8938 3148/3148/3148 8940/8940/8940
f 8939/8939/8939 3178/3178/3178 8947/8947/8947
f 8948/8948/8948 2913/2913/2913 8931/8931/8931
f 8932/8932/8932 2911/2911/2911 8739/8739/8739
f 8740/8740/8740 3038/3038/3038 9058/9058/9058
f 9049/9049/9049 2908/2908/2908 8745/8745/8745
f 8744/8744/8744 3041/3041/3041 9064/9064/9064
f 9063/9063/9063 2915/2915/2915 8704/8704/8704
f 8711/8711/8711 3046/3046/3046 8742/8742/8742
f 8741/8741/8741 3039/3039/3039 8725/8725/8725
f 8724/8724/8724 3112/3112/3112 8732/8732/8732
f 8733/8733/8733 3143/3143/3143 9104/9104/9104
f 9103/9103/9103 3124/3124/3124 9148/9148/9148
f 9147/9147/9147 3120/3120/3120 9131/9131/9131
f 9130/9130/9130 3082/3082/3082 9110/9110/9110
f 9111/9111/9111 3087/3087/3087 9088/9088/9088
f 9078/9078/9078 3089/3089/3089 9119/9119/9119
f 9118/9118/9118 2935/2935/2935 9090/9090/9090
f 9089/9089/9089 3331/3331/3331 9086/9086/9086
f 9085/9085/9085 3303/3303/3303 8966/8966/8966
f 8965/8965/8965 3297/3297/3297 8972/8972/8972
f 8973/8973/8973 3307/3307/3307 8979/8979/8979
f 8978/8978/8978 3322/3322/3322 8823/8823/8823
f 8822/8822/8822 3138/3138/3138 8799/8799/8799
f 8800/8800/8800 3142/3142/3142 8811/8811/8811
f 8812/8812/8812 3108/3108/3108 8827/8827/8827
f 8828/8828/8828 3180/3180/3180 8673/8673/8673
f 8669/8669/8669 3181/3181/3181 8723/8723/8723
f 8722/8722/8722 3179/3179/3179 8694/8694/8694
f 8690/8690/8690 3188/3188/3188 8659/8659/8659
f 8658/8658/8658 3185/3185/3185 8990/8990/8990
f 8991/8991/8991 3168/3168/3168 8685/8685/8685
f 8686/8686/8686 3165/3165/3165 9002/9002/9002
f 9007/9007/9007 3338/3338/3338 8987/8987/8987
f 8986/8986/8986 3102/3102/3102 9242/9242/9242
f 9241/9241/9241 3068/3068/3068 9297/9297/9297
f 9296/9296/9296 3059/3059/3059 9654/9654/9654
f 9286/9286/9286 3222/3222/3222 9276/9276/9276
f 9277/9277/9277 3053/3053/3053 9249/9249/9249
f 9251/9251/9251 3100/3100/3100 9290/9290/9290
f 9289/9289/9289 3069/3069/3069 9261/9261/9261
f 9263/9263/9263 3060/3060/3060 9245/9245/9245
f 9247/9247/9247 3548/3548/3548 9377/9377/9377
f 9378/9378/9378 3554/3554/3554 9370/9370/9370
f 9371/9371/9371 3266/3266/3266 9340/9340/9340
f 9344/9344/9344 3272/3272/3272 9328/9328/9328
f 9327/9327/9327 3263/3263/3263 9355/9355/9355
f 9354/9354/9354 3290/3290/3290 9342/9342/9342
f 9338/9338/9338 3262/3262/3262 9314/9314/9314
f 9313/9313/9313 3284/3284/3284 9358/9358/9358
f 9359/9359/9359 3394/3394/3394 9606/9606/9606
f 9603/9603/9603 3370/3370/3370 9607/9607/9607
f 9608/9608/9608 3375/3375/3375 9168/9168/9168
f 9170/9170/9170 3313/3313/3313 9611/9611/9611
f 9612/9612/9612 3325/3325/3325 9181/9181/9181
f 9180/9180/9180 3533/3533/3533 9174/9174/9174
f 9173/9173/9173 3538/3538/3538 9152/9152/9152
f 9151/9151/9151 3562/3562/3562 9153/9153/9153
f 9154/9154/9154 3255/3255/3255 9257/9257/9257
f 9258/9258/9258 3257/3257/3257 9273/9273/9273
f 9254/9254/9254 3234/3234/3234 9622/9622/9622
f 9621/9621/9621 3241/3241/3241 9675/9675/9675
f 9677/9677/9677 3365/3365/3365 9632/9632/9632
f 9631/9631/9631 3344/3344/3344 9627/9627/9627
f 9628/9628/9628 3352/3352/3352 9593/9593/9593
f 9592/9592/9592 3378/3378/3378 9637/9637/9637
f 9640/9640/9640 3529/3529/3529 9522/9522/9522
f 9520/9520/9520 3498/3498/3498 9535/9535/9535
f 9487/9487/9487 3519/3519/3519 9441/9441/9441
f 9518/9518/9518 3509/3509/3509 9440/9440/9440
f 9439/9439/9439 3426/3426/3426 9450/9450/9450
f 9451/9451/9451 3259/3259/3259 9431/9431/9431
f 9432/9432/9432 3211/3211/3211 9436/9436/9436
f 9435/9435/9435 3245/3245/3245 9474/9474/9474
f 9476/9476/9476 3784/3784/3784 9581/9581/9581
f 9580/9580/9580 3757/3757/3757 9564/9564/9564
f 9565/9565/9565 3764/3764/3764 9571/9571/9571
f 9574/9574/9574 3484/3484/3484 9497/9497/9497
f 9498/9498/9498 3475/3475/3475 9506/9506/9506
f 9507/9507/9507 3463/3463/3463 9539/9539/9539
f 9538/9538/9538 3412/3412/3412 9510/9510/9510
f 9512/9512/9512 3419/3419/3419 9525/9525/9525
f 9524/9524/9524 3542/3542/3542 9386/9386/9386
f 9385/9385/9385 3624/3624/3624 9383/9383/9383
f 9382/9382/9382 3576/3576/3576 9394/9394/9394
f 9395/9395/9395 3610/3610/3610 9389/9389/9389
f 9388/9388/9388 3618/3618/3618 9362/9362/9362
f 9360/9360/9360 3591/3591/3591 9365/9365/9365
f 9366/9366/9366 3432/3432/3432 9367/9367/9367
f 9368/9368/9368 3580/3580/3580 9373/9373/9373
f 9372/9372/9372 3762/3762/3762 9028/9028/9028
f 9029/9029/9029 3751/3751/3751 9044/9044/9044
f 9045/9045/9045 3778/3778/3778 9041/9041/9041
f 9042/9042/9042 3766/3766/3766 9037/9037/9037
f 9036/9036/9036 3768/3768/3768 9015/9015/9015
f 9021/9021/9021 3780/3780/3780 9016/9016/9016
f 9017/9017/9017 3602/3602/3602 9022/9022/9022
f 9023/9023/9023 3609/3609/3609 9019/9019/9019
f 9020/9020/9020 3642/3642/3642 9657/9657/9657
f 9656/9656/9656 3678/3678/3678 9670/9670/9670
f 9672/9672/9672 3674/3674/3674 9668/9668/9668
f 9659/9659/9659 3709/3709/3709 9676/9676/9676
f 9673/9673/9673 3923/3923/3923 9646/9646/9646
f 9643/9643/9643 3917/3917/3917 9652/9652/9652
f 9651/9651/9651 3681/3681/3681 9681/9681/9681
f 9683/9683/9683 3924/3924/3924 9688/9688/9688
f 9641/9641/9641 3400/3400/3400 9767/9767/9767
f 9768/9768/9768 3408/3408/3408 9773/9773/9773
f 9772/9772/9772 3444/3444/3444 9701/9701/9701
f 9703/9703/9703 3452/3452/3452 9708/9708/9708
f 9707/9707/9707 3708/3708/3708 9690/9690/9690
f 9689/9689/9689 3700/3700/3700 9729/9729/9729
f 9728/9728/9728 3697/3697/3697 9732/9732/9732
f 9734/9734/9734 3647/3647/3647 9715/9715/9715
f 9719/9719/9719 3741/3741/3741 9929/9929/9929
f 9930/9930/9930 3795/3795/3795 9556/9556/9556
f 9555/9555/9555 3789/3789/3789 9560/9560/9560
f 9561/9561/9561 3825/3825/3825 9544/9544/9544
f 9545/9545/9545 3818/3818/3818 9552/9552/9552
f 9551/9551/9551 3658/3658/3658 9576/9576/9576
f 9577/9577/9577 3654/3654/3654 9579/9579/9579
f 9582/9582/9582 3802/3802/3802 9567/9567/9567
f 9558/9558/9558 3813/3813/3813 9671/9671/9671
f 9667/9667/9667 3809/3809/3809 9644/9644/9644
f 9645/9645/9645 3746/3746/3746 9680/9680/9680
f 9649/9649/9649 3739/3739/3739 9685/9685/9685
f 9682/9682/9682 3794/3794/3794 9960/9960/9960
f 9686/9686/9686 3788/3788/3788 9959/9959/9959
f 9958/9958/9958 3816/3816/3816 9962/9962/9962
f 9973/9973/9973 3659/3659/3659 9927/9927/9927
f 9928/9928/9928 4090/4090/4090 9911/9911/9911
f 9910/9910/9910 3882/3882/3882 9861/9861/9861
f 9877/9877/9877 3876/3876/3876 9866/9866/9866
f 9867/9867/9867 3875/3875/3875 9864/9864/9864
f 9913/9913/9913 4079/4079/4079 9886/9886/9886
f 9885/9885/9885 4067/4067/4067 9903/9903/9903
f 9904/9904/9904 4109/4109/4109 9915/9915/9915
f 9914/9914/9914 4102/4102/4102 9892/9892/9892
f 9895/9895/9895 3891/3891/3891 9875/9875/9875
f 9870/9870/9870 3886/3886/3886 9882/9882/9882
f 9868/9868/9868 3845/3845/3845 9840/9840/9840
f 9841/9841/9841 3838/3838/3838 9838/9838/9838
f 9876/9876/9876 3871/3871/3871 9860/9860/9860
f 9859/9859/9859 3897/3897/3897 9881/9881/9881
f 9880/9880/9880 4091/4091/4091 9863/9863/9863
f 9862/9862/9862 4096/4096/4096 9909/9909/9909
f 9908/9908/9908 3960/3960/3960 9466/9466/9466
f 9467/9467/9467 3950/3950/3950 9409/9409/9409
f 9410/9410/9410 3833/3833/3833 9834/9834/9834
f 9835/9835/9835 3828/3828/3828 9830/9830/9830
f 9842/9842/9842 3863/3863/3863 9854/9854/9854
f 9853/9853/9853 3834/3834/3834 9836/9836/9836
f 9837/9837/9837 4049/4049/4049 9871/9871/9871
f 9874/9874/9874 4057/4057/4057 9869/9869/9869
f 9872/9872/9872 3915/3915/3915 9752/9752/9752
f 9751/9751/9751 3966/3966/3966 9415/9415/9415
f 9414/9414/9414 3948/3948/3948 9412/9412/9412
f 9400/9400/9400 3911/3911/3911 9403/9403/9403
f 9404/9404/9404 3972/3972/3972 9405/9405/9405
f 9407/9407/9407 3942/3942/3942 9424/9424/9424
f 9425/9425/9425 3854/3854/3854 9455/9455/9455
f 9454/9454/9454 3974/3974/3974 9461/9461/9461
f 9460/9460/9460 4016/4016/4016 9995/9995/9995
f 10009/10009/10009 4023/4023/4023 10061/10061/10061
f 10060/10060/10060 4230/4230/4230 10064/10064/10064
f 10063/10063/10063 4242/4242/4242 10057/10057/10057
f 10059/10059/10059 4235/4235/4235 10004/10004/10004
f 10003/10003/10003 4020/4020/4020 9997/9997/9997
f 9998/9998/9998 4228/4228/4228 10047/10047/10047
f 10048/10048/10048 4231/4231/4231 10039/10039/10039
f 10037/10037/10037 4058/4058/4058 9978/9978/9978
f 9979/9979/9979 3862/3862/3862 9969/9969/9969
f 9970/9970/9970 4045/4045/4045 10016/10016/10016
f 10015/10015/10015 4055/4055/4055 9943/9943/9943
f 9956/9956/9956 4032/4032/4032 10019/10019/10019
f 10018/10018/10018 4046/4046/4046 9950/9950/9950
f 9948/9948/9948 4028/4028/4028 9993/9993/9993
f 9994/9994/9994 4014/4014/4014 9990/9990/9990
f 10002/10002/10002 4140/4140/4140 10330/10330/10330
f 10329/10329/10329 4149/4149/4149 10293/10293/10293
f 10292/10292/10292 4006/4006/4006 10373/10373/10373
f 10377/10377/10377 4010/4010/4010 10359/10359/10359
f 10362/10362/10362 4123/4123/4123 10306/10306/10306
f 10307/10307/10307 4121/4121/4121 10301/10301/10301
f 10300/10300/10300 4003/4003/4003 9939/9939/9939
f 9940/9940/9940 3987/3987/3987 9935/9935/9935
f 9936/9936/9936 4153/4153/4153 10319/10319/10319
f 10320/10320/10320 4158/4158/4158 10318/10318/10318
f 10316/10316/10316 4068/4068/4068 10337/10337/10337
f 10315/10315/10315 4080/4080/4080 9896/9896/9896
f 9901/9901/9901 4134/4134/4134 9898/9898/9898
f 9897/9897/9897 4118/4118/4118 10314/10314/10314
f 10313/10313/10313 4145/4145/4145 10332/10332/10332
f 10331/10331/10331 4125/4125/4125 10297/10297/10297
f 10296/10296/10296 4434/4434/4434 10273/10273/10273
f 10274/10274/10274 4409/4409/4409 10260/10260/10260
f 10259/10259/10259 4206/4206/4206 10266/10266/10266
f 10268/10268/10268 4435/4435/4435 10280/10280/10280
f 10278/10278/10278 4387/4387/4387 10220/10220/10220
f 10230/10230/10230 4194/4194/4194 10238/10238/10238
f 10239/10239/10239 4411/4411/4411 10256/10256/10256
f 10254/10254/10254 4396/4396/4396 10234/10234/10234
f 10233/10233/10233 4222/4222/4222 10207/10207/10207
f 10206/10206/10206 3994/3994/3994 10213/10213/10213
f 10212/10212/10212 4167/4167/4167 10140/10140/10140
f 10146/10146/10146 4221/4221/4221 10143/10143/10143
f 10144/10144/10144 4213/4213/4213 10194/10194/10194
f 10191/10191/10191 4433/4433/4433 10264/10264/10264
f 10263/10263/10263 4422/4422/4422 10237/10237/10237
f 10236/10236/10236 4202/4202/4202 10187/10187/10187
f 10188/10188/10188 4360/4360/4360 10153/10153/10153
f 10152/10152/10152 4354/4354/4354 10162/10162/10162
f 10154/10154/10154 4182/4182/4182 10200/10200/10200
f 10198/10198/10198 4190/4190/4190 10171/10171/10171
f 10172/10172/10172 4282/4282/4282 10209/10209/10209
f 10211/10211/10211 4370/4370/4370 10215/10215/10215
f 10214/10214/10214 4352/4352/4352 10189/10189/10189
f 10190/10190/10190 4344/4344/4344 10204/10204/10204
f 10205/10205/10205 4271/4271/4271 9795/9795/9795
f 9794/9794/9794 4175/4175/4175 9798/9798/9798
f 9799/9799/9799 4263/4263/4263 9843/9843/9843
f 9844/9844/9844 4257/4257/4257 9827/9827/9827
f 9828/9828/9828 4172/4172/4172 9846/9846/9846
f 9806/9806/9806 4252/4252/4252 9852/9852/9852
f 9848/9848/9848 4171/4171/4171 10158/10158/10158
f 10159/10159/10159 4622/4622/4622 9816/9816/9816
f 9814/9814/9814 4478/4478/4478 10461/10461/10461
f 10460/10460/10460 4633/4633/4633 10465/10465/10465
f 10467/10467/10467 4626/4626/4626 10135/10135/10135
f 10138/10138/10138 4392/4392/4392 10120/10120/10120
f 10119/10119/10119 4381/4381/4381 10453/10453/10453
f 10456/10456/10456 4460/4460/4460 10133/10133/10133
f 10132/10132/10132 4452/4452/4452 10104/10104/10104
f 10103/10103/10103 4619/4619/4619 10079/10079/10079
f 10080/10080/10080 4605/4605/4605 10424/10424/10424
f 10425/10425/10425 4363/4363/4363 10410/10410/10410
f 10411/10411/10411 4358/4358/4358 10489/10489/10489
f 10490/10490/10490 4332/4332/4332 10494/10494/10494
f 10495/10495/10495 4630/4630/4630 10401/10401/10401
f 10406/10406/10406 4604/4604/4604 10486/10486/10486
f 10488/10488/10488 4600/4600/4600 10473/10473/10473
f 10470/10470/10470 4569/4569/4569 10396/10396/10396
f 10397/10397/10397 4562/4562/4562 10383/10383/10383
f 10382/10382/10382 4319/4319/4319 10351/10351/10351
f 10352/10352/10352 4313/4313/4313 10441/10441/10441
f 10442/10442/10442 4498/4498/4498 10369/10369/10369
f 10370/10370/10370 4495/4495/4495 10348/10348/10348
f 10347/10347/10347 4554/4554/4554 10433/10433/10433
f 10434/10434/10434 4551/4551/4551 10389/10389/10389
f 10390/10390/10390 4300/4300/4300 10435/10435/10435
f 10436/10436/10436 4493/4493/4493 10653/10653/10653
f 10654/10654/10654 4448/4448/4448 10224/10224/10224
f 10227/10227/10227 4380/4380/4380 10664/10664/10664
f 10663/10663/10663 4306/4306/4306 10649/10649/10649
f 10651/10651/10651 4296/4296/4296 10680/10680/10680
f 10715/10715/10715 4298/4298/4298 10677/10677/10677
f 10678/10678/10678 4292/4292/4292 10724/10724/10724
f 10725/10725/10725 4853/4853/4853 10734/10734/10734
f 10735/10735/10735 4843/4843/4843 10614/10614/10614
f 10615/10615/10615 4540/4540/4540 10585/10585/10585
f 10582/10582/10582 4541/4541/4541 10580/10580/10580
f 10576/10576/10576 4661/4661/4661 10611/10611/10611
f 10612/10612/10612 4659/4659/4659 10624/10624/10624
f 10627/10627/10627 4844/4844/4844 10620/10620/10620
f 10619/10619/10619 4668/4668/4668 10998/10998/10998
f 10997/10997/10997 4587/4587/4587 10633/10633/10633
f 10632/10632/10632 4582/4582/4582 10646/10646/10646
f 10644/10644/10644 4549/4549/4549 10640/10640/10640
f 10639/10639/10639 4503/4503/4503 10540/10540/10540
f 10538/10538/10538 4821/4821/4821 10573/10573/10573
f 10574/10574/10574 4814/4814/4814 10590/10590/10590
f 10583/10583/10583 4819/4819/4819 10578/10578/10578
f 10579/10579/10579 4830/4830/4830 10593/10593/10593
f 10594/10594/10594 4530/4530/4530 10592/10592/10592
f 10589/10589/10589 4517/4517/4517 10598/10598/10598
f 10597/10597/10597 4643/4643/4643 10536/10536/10536
f 10534/10534/10534 4534/4534/4534 10601/10601/10601
f 10610/10610/10610 4715/4715/4715 10546/10546/10546
f 10545/10545/10545 4731/4731/4731 10539/10539/10539
f 10543/10543/10543 4704/4704/4704 10555/10555/10555
f 10554/10554/10554 4712/4712/4712 10547/10547/10547
f 10549/10549/10549 4671/4671/4671 10096/10096/10096
f 10095/10095/10095 4592/4592/4592 10128/10128/10128
f 10127/10127/10127 4595/4595/4595 10448/10448/10448
f 10445/10445/10445 4654/4654/4654 10107/10107/10107
f 10110/10110/10110 4504/4504/4504 10097/10097/10097
f 10100/10100/10100 4515/4515/4515 10108/10108/10108
f 10109/10109/10109 4516/4516/4516 10117/10117/10117
f 10118/10118/10118 4514/4514/4514 10125/10125/10125
f 10126/10126/10126 5031/5031/5031 10524/10524/10524
f 10518/10518/10518 5037/5037/5037 10512/10512/10512
f 10513/10513/10513 4735/4735/4735 10791/10791/10791
f 10805/10805/10805 4808/4808/4808 10808/10808/10808
f 10809/10809/10809 4759/4759/4759 10560/10560/10560
f 10569/10569/10569 4793/4793/4793 10509/10509/10509
f 10510/10510/10510 4800/4800/4800 10570/10570/10570
f 10571/10571/10571 4871/4871/4871 10565/10565/10565
f 10566/10566/10566 5027/5027/5027 10796/10796/10796
f 10745/10745/10745 5050/5050/5050 10531/10531/10531
f 10528/10528/10528 5057/5057/5057 10756/10756/10756
f 10760/10760/10760 5043/5043/5043 10749/10749/10749
f 10750/10750/10750 4829/4829/4829 10816/10816/10816
f 10815/10815/10815 5030/5030/5030 10817/10817/10817
f 10818/10818/10818 5039/5039/5039 10529/10529/10529
f 10530/10530/10530 4734/4734/4734 10525/10525/10525
f 10522/10522/10522 4876/4876/4876 10699/10699/10699
f 10698/10698/10698 4915/4915/4915 10742/10742/10742
f 10740/10740/10740 4929/4929/4929 10710/10710/10710
f 10719/10719/10719 4902/4902/4902 10702/10702/10702
f 10701/10701/10701 5193/5193/5193 10822/10822/10822
f 10821/10821/10821 5198/5198/5198 10766/10766/10766
f 10765/10765/10765 4892/4892/4892 10744/10744/10744
f 10835/10835/10835 4887/4887/4887 10828/10828/10828
f 10829/10829/10829 4749/4749/4749 10782/10782/10782
f 10783/10783/10783 4855/4855/4855 10777/10777/10777
f 10776/10776/10776 4865/4865/4865 10953/10953/10953
f 10951/10951/10951 4760/4760/4760 10950/10950/10950
f 10949/10949/10949 4920/4920/4920 10712/10712/10712
f 10713/10713/10713 4898/4898/4898 10705/10705/10705
f 10706/10706/10706 4909/4909/4909 10769/10769/10769
f 10771/10771/10771 4745/4745/4745 10716/10716/10716
f 10717/10717/10717 4995/4995/4995 11329/11329/11329
f 11327/11327/11327 5061/5061/5061 11261/11261/11261
f 11262/11262/11262 4988/4988/4988 10907/10907/10907
f 10923/10923/10923 5019/5019/5019 10909/10909/10909
f 10910/10910/10910 4958/4958/4958 11298/11298/11298
f 11299/11299/11299 4967/4967/4967 11306/11306/11306
f 11305/11305/11305 4992/4992/4992 11254/11254/11254
f 11259/11259/11259 4994/4994/4994 11322/11322/11322
f 11323/11323/11323 4931/4931/4931 10914/10914/10914
f 10913/10913/10913 5174/5174/5174 11287/11287/11287
f 11286/11286/11286 5205/5205/5205 10932/10932/10932
f 10936/10936/10936 5214/5214/5214 10939/10939/10939
f 10938/10938/10938 5005/5005/5005 10892/10892/10892
f 10891/10891/10891 5014/5014/5014 10917/10917/10917
f 10919/10919/10919 4930/4930/4930 11292/11292/11292
f 11288/11288/11288 5217/5217/5217 10934/10934/10934
f 10935/10935/10935 5104/5104/5104 10854/10854/10854
f 10855/10855/10855 5084/5084/5084 10845/10845/10845
f 10846/10846/10846 5089/5089/5089 10849/10849/10849
f 10848/10848/10848 5076/5076/5076 10928/10928/10928
f 10929/10929/10929 5092/5092/5092 10886/10886/10886
f 10887/10887/10887 5110/5110/5110 10942/10942/10942
f 10943/10943/10943 5078/5078/5078 10883/10883/10883
f 10882/10882/10882 5101/5101/5101 10851/10851/10851
f 10852/10852/10852 4970/4970/4970 10506/10506/10506
f 10511/10511/10511 4943/4943/4943 10507/10507/10507
f 10508/10508/10508 4955/4955/4955 10559/10559/10559
f 10558/10558/10558 5024/5024/5024 10568/10568/10568
f 10567/10567/10567 4991/4991/4991 10924/10924/10924
f 10925/10925/10925 4966/4966/4966 10858/10858/10858
f 10857/10857/10857 4961/4961/4961 10926/10926/10926
f 10927/10927/10927 4969/4969/4969 10502/10502/10502
f 10503/10503/10503 5144/5144/5144 11057/11057/11057
f 11058/11058/11058 5154/5154/5154 11047/11047/11047
f 11052/11052/11052 5216/5216/5216 11056/11056/11056
f 11050/11050/11050 5136/5136/5136 11048/11048/11048
f 11049/11049/11049 5169/5169/5169 10872/10872/10872
f 10873/10873/10873 5148/5148/5148 10841/10841/10841
f 10840/10840/10840 5161/5161/5161 10843/10843/10843
f 10847/10847/10847 5140/5140/5140 10877/10877/10877
f 10878/10878/10878 5357/5357/5357 10862/10862/10862
f 10861/10861/10861 5108/5108/5108 11083/11083/11083
f 11082/11082/11082 5353/5353/5353 11086/11086/11086
f 11085/11085/11085 5159/5159/5159 11079/11079/11079
f 11080/11080/11080 5379/5379/5379 11053/11053/11053
f 11055/11055/11055 5356/5356/5356 10867/10867/10867
f 10865/10865/10865 5363/5363/5363 11060/11060/11060
f 11059/11059/11059 5364/5364/5364 10859/10859/10859
f 10860/10860/10860 5225/5225/5225 10990/10990/10990
f 10991/10991/10991 5238/5238/5238 11002/11002/11002
f 11004/11004/11004 5290/5290/5290 11006/11006/11006
f 11009/11009/11009 5233/5233/5233 10977/10977/10977
f 10975/10975/10975 5265/5265/5265 11041/11041/11041
f 11040/11040/11040 5260/5260/5260 11045/11045/11045
f 11046/11046/11046 5257/5257/5257 11087/11087/11087
f 11090/11090/11090 5256/5256/5256 11036/11036/11036
f 11084/11084/11084 5261/5261/5261 10968/10968/10968
f 10969/10969/10969 5237/5237/5237 10978/10978/10978
f 10980/10980/10980 5255/5255/5255 11069/11069/11069
f 11070/11070/11070 5227/5227/5227 11017/11017/11017
f 11016/11016/11016 5126/5126/5126 11032/11032/11032
f 11033/11033/11033 5120/5120/5120 11037/11037/11037
f 11038/11038/11038 5249/5249/5249 10995/10995/10995
f 10996/10996/10996 5262/5262/5262 11011/11011/11011
f 11010/11010/11010 5287/5287/5287 11510/11510/11510
f 11509/11509/11509 5285/5285/5285 11504/11504/11504
f 11503/11503/11503 5268/5268/5268 11467/11467/11467
f 11471/11471/11471 5270/5270/5270 11364/11364/11364
f 11365/11365/11365 5320/5320/5320 11472/11472/11472
f 11473/11473/11473 5369/5369/5369 11468/11468/11468
f 11469/11469/11469 5307/5307/5307 11465/11465/11465
f 11466/11466/11466 5281/5281/5281 11502/11502/11502
f 11511/11511/11511 5351/5351/5351 11181/11181/11181
f 11182/11182/11182 5315/5315/5315 11178/11178/11178
f 11177/11177/11177 5328/5328/5328 11174/11174/11174
f 11175/11175/11175 5304/5304/5304 11476/11476/11476
f 11475/11475/11475 5575/5575/5575 11500/11500/11500
f 11495/11495/11495 5327/5327/5327 11489/11489/11489
f 11491/11491/11491 5346/5346/5346 11184/11184/11184
f 11185/11185/11185 5339/5339/5339 11179/11179/11179
f 11180/11180/11180 5800/5800/5800 11226/11226/11226
f 11224/11224/11224 5808/5808/5808 11488/11488/11488
f 11487/11487/11487 5816/5816/5816 11499/11499/11499
f 11498/11498/11498 5792/5792/5792 11492/11492/11492
f 11493/11493/11493 5824/5824/5824 11153/11153/11153
f 11154/11154/11154 5392/5392/5392 11246/11246/11246
f 11247/11247/11247 5828/5828/5828 11235/11235/11235
f 11244/11244/11244 5823/5823/5823 11222/11222/11222
f 11237/11237/11237 5421/5421/5421 11118/11118/11118
f 11117/11117/11117 5428/5428/5428 11109/11109/11109
f 11110/11110/11110 5383/5383/5383 11162/11162/11162
f 11163/11163/11163 5398/5398/5398 11229/11229/11229
f 11234/11234/11234 5403/5403/5403 11210/11210/11210
f 11209/11209/11209 5338/5338/5338 11187/11187/11187
f 11188/11188/11188 5414/5414/5414 11112/11112/11112
f 11111/11111/11111 5438/5438/5438 11122/11122/11122
f 11102/11102/11102 5461/5461/5461 11142/11142/11142
f 11143/11143/11143 5493/5493/5493 11444/11444/11444
f 11445/11445/11445 5471/5471/5471 11136/11136/11136
f 11134/11134/11134 5495/5495/5495 11135/11135/11135
f 11141/11141/11141 5501/5501/5501 11104/11104/11104
f 11103/11103/11103 5505/5505/5505 11097/11097/11097
f 11096/11096/11096 5591/5591/5591 11094/11094/11094
f 11093/11093/11093 5516/5516/5516 11091/11091/11091
f 11146/11146/11146 5558/5558/5558 11131/11131/11131
f 11130/11130/11130 5531/5531/5531 11344/11344/11344
f 11345/11345/11345 5507/5507/5507 11351/11351/11351
f 11352/11352/11352 5552/5552/5552 11335/11335/11335
f 11343/11343/11343 5795/5795/5795 11137/11137/11137
f 11138/11138/11138 5802/5802/5802 11128/11128/11128
f 11129/11129/11129 5420/5420/5420 11140/11140/11140
f 11139/11139/11139 5791/5791/5791 11349/11349/11349
f 11347/11347/11347 6066/6066/6066 11333/11333/11333
f 11334/11334/11334 6070/6070/6070 11370/11370/11370
f 11369/11369/11369 6080/6080/6080 11376/11376/11376
f 11375/11375/11375 6087/6087/6087 11371/11371/11371
f 11361/11361/11361 5605/5605/5605 11276/11276/11276
f 11277/11277/11277 5619/5619/5619 11331/11331/11331
f 11332/11332/11332 5635/5635/5635 11340/11340/11340
f 11341/11341/11341 5644/5644/5644 11372/11372/11372
f 11373/11373/11373 5664/5664/5664 11279/11279/11279
f 11278/11278/11278 5678/5678/5678 11273/11273/11273
f 11274/11274/11274 5608/5608/5608 11270/11270/11270
f 11269/11269/11269 5621/5621/5621 11337/11337/11337
f 11336/11336/11336 5473/5473/5473 11366/11366/11366
f 11367/11367/11367 5475/5475/5475 11359/11359/11359
f 11360/11360/11360 5650/5650/5650 11356/11356/11356
f 11355/11355/11355 5468/5468/5468 11358/11358/11358
f 11272/11272/11272 5743/5743/5743 11619/11619/11619
f 11618/11618/11618 5716/5716/5716 11623/11623/11623
f 11622/11622/11622 5693/5693/5693 11620/11620/11620
f 11621/11621/11621 5735/5735/5735 11606/11606/11606
f 11607/11607/11607 5764/5764/5764 11595/11595/11595
f 11596/11596/11596 5747/5747/5747 11597/11597/11597
f 11598/11598/11598 5733/5733/5733 11616/11616/11616
f 11617/11617/11617 5758/5758/5758 11599/11599/11599
f 11600/11600/11600 5772/5772/5772 11428/11428/11428
f 11431/11431/11431 5780/5780/5780 11434/11434/11434
f 11435/11435/11435 5753/5753/5753 11594/11594/11594
f 11438/11438/11438 5786/5786/5786 11441/11441/11441
f 11440/11440/11440 6043/6043/6043 11615/11615/11615
f 11439/11439/11439 5789/5789/5789 11443/11443/11443
f 11442/11442/11442 5766/5766/5766 11590/11590/11590
f 11591/11591/11591 5755/5755/5755 11592/11592/11592
f 11593/11593/11593 5921/5921/5921 11611/11611/11611
f 11612/11612/11612 5927/5927/5927 11432/11432/11432
f 11613/11613/11613 5881/5881/5881 11429/11429/11429
f 11430/11430/11430 5875/5875/5875 11437/11437/11437
f 11436/11436/11436 5892/5892/5892 11458/11458/11458
f 11457/11457/11457 5887/5887/5887 11463/11463/11463
f 11462/11462/11462 5846/5846/5846 11605/11605/11605
f 11604/11604/11604 5837/5837/5837 11601/11601/11601
f 11602/11602/11602 5862/5862/5862 11426/11426/11426
f 11452/11452/11452 5852/5852/5852 11424/11424/11424
f 11423/11423/11423 6280/6280/6280 11459/11459/11459
f 11461/11461/11461 6278/6278/6278 11453/11453/11453
f 11454/11454/11454 5835/5835/5835 11396/11396/11396
f 11383/11383/11383 6299/6299/6299 11393/11393/11393
f 11392/11392/11392 5883/5883/5883 11420/11420/11420
f 11421/11421/11421 5998/5998/5998 11416/11416/11416
f 11418/11418/11418 6484/6484/6484 11588/11588/11588
f 11587/11587/11587 6012/6012/6012 11583/11583/11583
f 11582/11582/11582 6479/6479/6479 11558/11558/11558
f 11560/11560/11560 6015/6015/6015 11556/11556/11556
f 11557/11557/11557 6009/6009/6009 11573/11573/11573
f 11576/11576/11576 5973/5973/5973 11400/11400/11400
f 11399/11399/11399 6019/6019/6019 11585/11585/11585
f 11584/11584/11584 5983/5983/5983 11577/11577/11577
f 11578/11578/11578 5986/5986/5986 11408/11408/11408
f 11407/11407/11407 5951/5951/5951 11386/11386/11386
f 11387/11387/11387 5988/5988/5988 11413/11413/11413
f 11412/11412/11412 5955/5955/5955 11414/11414/11414
f 11415/11415/11415 5948/5948/5948 11379/11379/11379
f 11380/11380/11380 5915/5915/5915 11533/11533/11533
f 11532/11532/11532 5963/5963/5963 11389/11389/11389
f 11388/11388/11388 6165/6165/6165 11377/11377/11377
f 11378/11378/11378 6167/6167/6167 11528/11528/11528
f 11529/11529/11529 6124/6124/6124 11401/11401/11401
f 11402/11402/11402 6185/6185/6185 11527/11527/11527
f 11526/11526/11526 6140/6140/6140 11531/11531/11531
f 11530/11530/11530 6131/6131/6131 11545/11545/11545
f 11537/11537/11537 6093/6093/6093 11546/11546/11546
f 11547/11547/11547 6152/6152/6152 11404/11404/11404
f 11403/11403/11403 6106/6106/6106 11549/11549/11549
f 11548/11548/11548 6114/6114/6114 11513/11513/11513
f 11514/11514/11514 6516/6516/6516 11517/11517/11517
f 11516/11516/11516 6499/6499/6499 11521/11521/11521
f 11520/11520/11520 6461/6461/6461 11524/11524/11524
f 11523/11523/11523 6514/6514/6514 11486/11486/11486
f 11479/11479/11479 6480/6480/6480 11540/11540/11540
f 11539/11539/11539 6470/6470/6470 11484/11484/11484
f 11483/11483/11483 6227/6227/6227 11482/11482/11482
f 11481/11481/11481 6642/6642/6642 11627/11627/11627
f 11626/11626/11626 6236/6236/6236 11630/11630/11630
f 11631/11631/11631 6245/6245/6245 11625/11625/11625
f 11624/11624/11624 6219/6219/6219 11628/11628/11628
f 11629/11629/11629 6212/6212/6212 11642/11642/11642
f 11641/11641/11641 6218/6218/6218 11639/11639/11639
f 11640/11640/11640 6222/6222/6222 11645/11645/11645
f 11646/11646/11646 6199/6199/6199 11644/11644/11644
f 11643/11643/11643 6191/6191/6191 11564/11564/11564
f 11565/11565/11565 6203/6203/6203 11562/11562/11562
f 11563/11563/11563 6200/6200/6200 11570/11570/11570
f 11571/11571/11571 6166/6166/6166 11566/11566/11566
f 11569/11569/11569 6156/6156/6156 11634/11634/11634
f 11572/11572/11572 6162/6162/6162 11567/11567/11567
f 11568/11568/11568 6159/6159/6159 11635/11635/11635
f 11636/11636/11636 6374/6374/6374 11633/11633/11633
f 11632/11632/11632 6318/6318/6318 11638/11638/11638
f 11637/11637/11637 6323/6323/6323 11650/11650/11650
f 11649/11649/11649 6305/6305/6305 11648/11648/11648
f 11647/11647/11647 6314/6314/6314 11575/11575/11575
f 11574/11574/11574 6334/6334/6334 11652/11652/11652
f 11651/11651/11651 6336/6336/6336 11581/11581/11581
f 11586/11586/11586 6329/6329/6329 11579/11579/11579
f 11580/11580/11580 6330/6330/6330 11552/11552/11552
f 11553/11553/11553 6631/6631/6631 11589/11589/11589
f 11551/11551/11551 6633/6633/6633 11561/11561/11561
f 11559/11559/11559 6625/6625/6625 11555/11555/11555
f 11554/11554/11554 508/508/508 6627/6627/6627
